"rek_auto","rek_kode","rek_hd","rek_level","div_kode","rek_nama","rek_uraian","ref_kode","no_rek","dep_kode","kls_kode","klp_kode","gro_kode","grb_kode","rek_csfkd","rek_csfnm","rek_type","rek_dk","rek_kasban","rek_bank","rek_aktif","ckdrek","rek_debet","rek_kredit","rek_mutd","rek_mutk","rek_jpyd","rek_jpyk","rek_sldb","rek_slkr","rek_db1","rek_kr1","rek_db2","rek_kr2","rek_db3","rek_kr3","rek_db4","rek_kr4","rek_db5","rek_kr5","rek_db6","rek_kr6","rek_db7","rek_kr7","rek_db8","rek_kr8","rek_db9","rek_kr9","rek_db10","rek_kr10","rek_db11","rek_kr11","rek_db12","rek_kr12","rek_jpdb1","rek_jpkr1","rek_jpdb2","rek_jpkr2","rek_jpdb3","rek_jpkr3","rek_jpdb4","rek_jpkr4","rek_jpdb5","rek_jpkr5","rek_jpdb6","rek_jpkr6","rek_jpdb7","rek_jpkr7","rek_jpdb8","rek_jpkr8","rek_jpdb9","rek_jpkr9","rek_jpdb10","rek_jpkr10","rek_jpdb11","rek_jpkr11","rek_jpdb12","rek_jpkr12","rek_rld","rek_rlk","rek_jprld","rek_jprlk","rek_nrcd","rek_nrck","rek_jpnrcd","rek_jpnrck","saldo_d","saldo_k","rec_zap","rek_setup","ncounrec","tgl_c","tgl_m","time_c","time_m","user_c","user_m"
"2","101.101","03",,"KANTOR PUSAT","KAS BESAR",,"KBESAR","101.101/KANTOR PUSAT/KBESAR/KANTOR PUSAT","KP","100","100","101.100",,,"                    ","Neraca","Debet","T","F","T","KB","4567085.68","0.00","0.00","0.00","0.00","0.00","0.00","0.00","0.00","0.00","0.00","0.00","0.00","0.00","0.00","0.00","0.00","0.00","0.00","0.00","0.00","0.00","0.00","0.00","0.00","0.00","0.00","0.00","0.00","0.00","0.00","0.00","0.00","0.00","0.00","0.00","0.00","0.00","0.00","0.00","0.00","0.00","0.00","0.00","0.00","0.00","0.00","0.00","0.00","0.00","0.00","0.00","0.00","0.00","0.00","0.00","0.00","0.00","0.00","0.00","0.00","0.00","0.00","0.00","0.00","0.00","F",,"1","2023-01-10","2024-01-24","18:03:26","15:13:04","ADMIN","ADMIN"
"3","101.211","03",,"KANTOR PUSAT","BANK MANDIRI AC NO. 108.0099085962",,"MDR IDR KP","101.211/KANTOR PUSAT/MDR IDR KP/KANTOR PUSAT","KP","100","100","101.200",,,"                    ","Neraca","Debet","T","T","T","108.0099085962","191892705.53","0.00","0.00","0.00","0.00","0.00","0.00","0.00","0.00","0.00","0.00","0.00","0.00","0.00","0.00","0.00","0.00","0.00","0.00","0.00","0.00","0.00","0.00","0.00","0.00","0.00","0.00","0.00","0.00","0.00","0.00","0.00","0.00","0.00","0.00","0.00","0.00","0.00","0.00","0.00","0.00","0.00","0.00","0.00","0.00","0.00","0.00","0.00","0.00","0.00","0.00","0.00","0.00","0.00","0.00","0.00","0.00","0.00","0.00","0.00","0.00","0.00","0.00","0.00","0.00","0.00","F",,"1","2023-01-10","2024-02-21","18:08:42","13:54:58","ADMIN","ADMIN"
"4","101.212","03",,"KANTOR PUSAT","BRK SYARIAH AC NO. 101-05-04909",,"BRKS PAYROLL","101.212/KANTOR PUSAT/BRKS PAYROLL/KANTOR PUSAT","KP","100","100","101.200",,,"                    ","Neraca","Debet","T","T","T","101-05-04909","40066010.00","0.00","0.00","0.00","0.00","0.00","0.00","0.00","0.00","0.00","0.00","0.00","0.00","0.00","0.00","0.00","0.00","0.00","0.00","0.00","0.00","0.00","0.00","0.00","0.00","0.00","0.00","0.00","0.00","0.00","0.00","0.00","0.00","0.00","0.00","0.00","0.00","0.00","0.00","0.00","0.00","0.00","0.00","0.00","0.00","0.00","0.00","0.00","0.00","0.00","0.00","0.00","0.00","0.00","0.00","0.00","0.00","0.00","0.00","0.00","0.00","0.00","0.00","0.00","0.00","0.00","F",,"1","2023-01-10","2024-02-21","18:14:10","13:58:48","ADMIN","ADMIN"
"5","101.213","03",,"KANTOR PUSAT","BRK SYARIAH AC NO. 120-05-55555",,"BRKS CAD","101.213/KANTOR PUSAT/BRKS CAD/KANTOR PUSAT","KP","100","100","101.200",,,"                    ","Neraca","Debet","T","T","T","120-05-55555","0.00","0.00","0.00","0.00","0.00","0.00","0.00","0.00","0.00","0.00","0.00","0.00","0.00","0.00","0.00","0.00","0.00","0.00","0.00","0.00","0.00","0.00","0.00","0.00","0.00","0.00","0.00","0.00","0.00","0.00","0.00","0.00","0.00","0.00","0.00","0.00","0.00","0.00","0.00","0.00","0.00","0.00","0.00","0.00","0.00","0.00","0.00","0.00","0.00","0.00","0.00","0.00","0.00","0.00","0.00","0.00","0.00","0.00","0.00","0.00","0.00","0.00","0.00","0.00","0.00","0.00","F",,"1","2023-01-10","2023-06-12","18:16:53","17:32:33","ADMIN","ADMIN"
"6","103.101","03",,"KANTOR PUSAT","RIAU POWER (SEWA TURBINE)",,"RIAU POWER","103.101/KANTOR PUSAT/RIAU POWER/KANTOR PUSAT","KP","100","100","103.100",,"01","Aktifitas Operasi   ","Neraca","Debet","F","F","T",,"0.00","0.00","0.00","0.00","0.00","0.00","0.00","0.00","0.00","0.00","0.00","0.00","0.00","0.00","0.00","0.00","0.00","0.00","0.00","0.00","0.00","0.00","0.00","0.00","0.00","0.00","0.00","0.00","0.00","0.00","0.00","0.00","0.00","0.00","0.00","0.00","0.00","0.00","0.00","0.00","0.00","0.00","0.00","0.00","0.00","0.00","0.00","0.00","0.00","0.00","0.00","0.00","0.00","0.00","0.00","0.00","0.00","0.00","0.00","0.00","0.00","0.00","0.00","0.00","0.00","0.00","F",,"1","2023-01-10","2023-06-12","18:26:21","17:47:17","ADMIN","ADMIN"
"7","102.100","03",,"KANTOR PUSAT","SAHAM DIKONVERSI KE GALLANT VENTURE, LTD",,"KONERSI SHM GALLANT","102.100/KANTOR PUSAT/KONERSI SHM GALLANT/KANTOR PUSAT","KP","100","100","102.000",,"02","Aktifitas Investasi ","Neraca","Debet","F","F","T",,"0.00","0.00","0.00","0.00","0.00","0.00","0.00","0.00","0.00","0.00","0.00","0.00","0.00","0.00","0.00","0.00","0.00","0.00","0.00","0.00","0.00","0.00","0.00","0.00","0.00","0.00","0.00","0.00","0.00","0.00","0.00","0.00","0.00","0.00","0.00","0.00","0.00","0.00","0.00","0.00","0.00","0.00","0.00","0.00","0.00","0.00","0.00","0.00","0.00","0.00","0.00","0.00","0.00","0.00","0.00","0.00","0.00","0.00","0.00","0.00","0.00","0.00","0.00","0.00","0.00","0.00","F",,"1","2023-01-10","2023-06-12","18:31:14","17:46:23","ADMIN","ADMIN"
"27","103.150","03",,"RPC ROHIL","CADANGAN PIUTANG TAK TERTAGIH",,"CAD PIUT TAK TERTAGIH","103.150/RPC ROHIL/CAD PIUT TAK TERTAGIH/KANTOR PUSAT","KP","100","100","103.100",,"01","Aktifitas Operasi   ","Neraca","Kredit","F","F","T",,"0.00","0.00","0.00","0.00","0.00","0.00","0.00","0.00","0.00","0.00","0.00","0.00","0.00","0.00","0.00","0.00","0.00","0.00","0.00","0.00","0.00","0.00","0.00","0.00","0.00","0.00","0.00","0.00","0.00","0.00","0.00","0.00","0.00","0.00","0.00","0.00","0.00","0.00","0.00","0.00","0.00","0.00","0.00","0.00","0.00","0.00","0.00","0.00","0.00","0.00","0.00","0.00","0.00","0.00","0.00","0.00","0.00","0.00","0.00","0.00","0.00","0.00","0.00","0.00","0.00","0.00","F",,"1","2023-01-11","2023-06-13","14:11:17","19:24:11","ADMIN","ADMIN"
"46","103.200","02",,"KANTOR PUSAT","PIUTANG AFILIASI",,"PIUTANG AFILIASI","103.200/KANTOR PUSAT/PIUTANG AFILIASI/KANTOR PUSAT","KP","100","100","103.000",,"01","Aktifitas Operasi   ","Neraca","Debet","F","F","T"," ","0.00","0.00","0.00","0.00","0.00","0.00","0.00","0.00","0.00","0.00","0.00","0.00","0.00","0.00","0.00","0.00","0.00","0.00","0.00","0.00","0.00","0.00","0.00","0.00","0.00","0.00","0.00","0.00","0.00","0.00","0.00","0.00","0.00","0.00","0.00","0.00","0.00","0.00","0.00","0.00","0.00","0.00","0.00","0.00","0.00","0.00","0.00","0.00","0.00","0.00","0.00","0.00","0.00","0.00","0.00","0.00","0.00","0.00","0.00","0.00","0.00","0.00","0.00","0.00","0.00","0.00","F",,"1","2023-01-11","2023-01-11","14:58:10","14:58:10","ADMIN","ADMIN"
"47","103.210","03",,"KANTOR PUSAT","PIUTANG RPC ROHIL",,"PIUT RPC ROHIL","103.210/KANTOR PUSAT/PIUT RPC ROHIL/KANTOR PUSAT","KP","100","100","103.200",,"01","Aktifitas Operasi   ","Neraca","Debet","F","F","T",,"0.00","0.00","0.00","0.00","0.00","0.00","0.00","0.00","0.00","0.00","0.00","0.00","0.00","0.00","0.00","0.00","0.00","0.00","0.00","0.00","0.00","0.00","0.00","0.00","0.00","0.00","0.00","0.00","0.00","0.00","0.00","0.00","0.00","0.00","0.00","0.00","0.00","0.00","0.00","0.00","0.00","0.00","0.00","0.00","0.00","0.00","0.00","0.00","0.00","0.00","0.00","0.00","0.00","0.00","0.00","0.00","0.00","0.00","0.00","0.00","0.00","0.00","0.00","0.00","0.00","0.00","F",,"1","2023-01-11","2023-08-29","15:01:45","18:16:49","ADMIN","ADMIN"
"48","103.220","03",,"KANTOR PUSAT","PIUTANG RPC INHIL",,"PIUT RPC INHIL","103.220/KANTOR PUSAT/PIUT RPC INHIL/KANTOR PUSAT","KP","100","100","103.200",,"01","Aktifitas Operasi   ","Neraca","Debet","F","F","T",,"0.00","0.00","0.00","0.00","0.00","0.00","0.00","0.00","0.00","0.00","0.00","0.00","0.00","0.00","0.00","0.00","0.00","0.00","0.00","0.00","0.00","0.00","0.00","0.00","0.00","0.00","0.00","0.00","0.00","0.00","0.00","0.00","0.00","0.00","0.00","0.00","0.00","0.00","0.00","0.00","0.00","0.00","0.00","0.00","0.00","0.00","0.00","0.00","0.00","0.00","0.00","0.00","0.00","0.00","0.00","0.00","0.00","0.00","0.00","0.00","0.00","0.00","0.00","0.00","0.00","0.00","F",,"1","2023-01-11","2023-08-29","15:03:20","18:17:46","ADMIN","ADMIN"
"49","103.231","03",,"KANTOR PUSAT","PIUTANG LAIN PT SPR LANGGAK",,"PIUT SPRL","103.231/KANTOR PUSAT/PIUT SPRL/KANTOR PUSAT","KP","200","200","201.220",,"01","Aktifitas Operasi   ","Neraca","Debet","F","F","T",,"0.00","0.00","0.00","0.00","0.00","0.00","0.00","0.00","0.00","0.00","0.00","0.00","0.00","0.00","0.00","0.00","0.00","0.00","0.00","0.00","0.00","0.00","0.00","0.00","0.00","0.00","0.00","0.00","0.00","0.00","0.00","0.00","0.00","0.00","0.00","0.00","0.00","0.00","0.00","0.00","0.00","0.00","0.00","0.00","0.00","0.00","0.00","0.00","0.00","0.00","0.00","0.00","0.00","0.00","0.00","0.00","0.00","0.00","0.00","0.00","0.00","0.00","0.00","0.00","0.00","0.00","F",,"1","2023-01-11","2023-06-12","15:18:20","18:02:15","ADMIN","ADMIN"
"50","103.240","03",,"KANTOR PUSAT","PIUTANG PT SPR TRADA",,"PIUT TRADA","103.240/KANTOR PUSAT/PIUT TRADA/KANTOR PUSAT","KP","100","100","103.200",,"01","Aktifitas Operasi   ","Neraca","Debet","F","F","T",,"0.00","0.00","0.00","0.00","0.00","0.00","0.00","0.00","0.00","0.00","0.00","0.00","0.00","0.00","0.00","0.00","0.00","0.00","0.00","0.00","0.00","0.00","0.00","0.00","0.00","0.00","0.00","0.00","0.00","0.00","0.00","0.00","0.00","0.00","0.00","0.00","0.00","0.00","0.00","0.00","0.00","0.00","0.00","0.00","0.00","0.00","0.00","0.00","0.00","0.00","0.00","0.00","0.00","0.00","0.00","0.00","0.00","0.00","0.00","0.00","0.00","0.00","0.00","0.00","0.00","0.00","F",,"1","2023-01-11","2023-06-12","15:21:48","18:03:03","ADMIN","ADMIN"
"52","103.300","02",,"KANTOR PUSAT","PINJAMAN KARYAWAN",,"PINJAMAN KARYAWAN","103.300/KANTOR PUSAT/PINJAMAN KARYAWAN/KANTOR PUSAT","KP","100","100","103.100",,"01","Aktifitas Operasi   ","Neraca","Debet","F","F","T"," ","0.00","0.00","0.00","0.00","0.00","0.00","0.00","0.00","0.00","0.00","0.00","0.00","0.00","0.00","0.00","0.00","0.00","0.00","0.00","0.00","0.00","0.00","0.00","0.00","0.00","0.00","0.00","0.00","0.00","0.00","0.00","0.00","0.00","0.00","0.00","0.00","0.00","0.00","0.00","0.00","0.00","0.00","0.00","0.00","0.00","0.00","0.00","0.00","0.00","0.00","0.00","0.00","0.00","0.00","0.00","0.00","0.00","0.00","0.00","0.00","0.00","0.00","0.00","0.00","0.00","0.00","F",,"1","2023-01-11","2023-01-11","15:51:53","15:51:53","ADMIN","ADMIN"
"53","103.301","03",,"KANTOR PUSAT","FUADY NOOR",,"FUADY","103.301/KANTOR PUSAT/FUADY/KANTOR PUSAT","KP","100","100","103.300",,"01","Aktifitas Operasi   ","Neraca","Debet","F","F","T",,"0.00","0.00","0.00","0.00","0.00","0.00","0.00","0.00","0.00","0.00","0.00","0.00","0.00","0.00","0.00","0.00","0.00","0.00","0.00","0.00","0.00","0.00","0.00","0.00","0.00","0.00","0.00","0.00","0.00","0.00","0.00","0.00","0.00","0.00","0.00","0.00","0.00","0.00","0.00","0.00","0.00","0.00","0.00","0.00","0.00","0.00","0.00","0.00","0.00","0.00","0.00","0.00","0.00","0.00","0.00","0.00","0.00","0.00","0.00","0.00","0.00","0.00","0.00","0.00","0.00","0.00","F",,"1","2023-01-11","2023-06-12","15:59:04","18:06:39","ADMIN","ADMIN"
"54","101.200","02",,"KANTOR PUSAT","BANK",,"BANK","101.200/KANTOR PUSAT/BANK/KANTOR PUSAT","KP","100","100","101.000",,," ","Neraca","Debet","T","T","T"," ","0.00","0.00","0.00","0.00","0.00","0.00","0.00","0.00","0.00","0.00","0.00","0.00","0.00","0.00","0.00","0.00","0.00","0.00","0.00","0.00","0.00","0.00","0.00","0.00","0.00","0.00","0.00","0.00","0.00","0.00","0.00","0.00","0.00","0.00","0.00","0.00","0.00","0.00","0.00","0.00","0.00","0.00","0.00","0.00","0.00","0.00","0.00","0.00","0.00","0.00","0.00","0.00","0.00","0.00","0.00","0.00","0.00","0.00","0.00","0.00","0.00","0.00","0.00","0.00","0.00","0.00","F",,"1","2023-01-11","2023-01-11","16:10:34","16:10:34","ADMIN","ADMIN"
"55","101.100","02",,"KANTOR PUSAT","KAS",,"KAS","101.100/KANTOR PUSAT/KAS/KANTOR PUSAT","KP","100","100","101.000",,,"                    ","Neraca","Debet","T","F","T"," ","0.00","0.00","0.00","0.00","0.00","0.00","0.00","0.00","0.00","0.00","0.00","0.00","0.00","0.00","0.00","0.00","0.00","0.00","0.00","0.00","0.00","0.00","0.00","0.00","0.00","0.00","0.00","0.00","0.00","0.00","0.00","0.00","0.00","0.00","0.00","0.00","0.00","0.00","0.00","0.00","0.00","0.00","0.00","0.00","0.00","0.00","0.00","0.00","0.00","0.00","0.00","0.00","0.00","0.00","0.00","0.00","0.00","0.00","0.00","0.00","0.00","0.00","0.00","0.00","0.00","0.00","F",,"1","2023-01-11","2023-01-11","16:12:23","16:12:49","ADMIN","ADMIN"
"56","103.260","03",,"KANTOR PUSAT","PIUTANG PT SPR CIPTA LESTARI",,"PIUT CL","103.260/KANTOR PUSAT/PIUT CL/KANTOR PUSAT","KP","100","100","103.200",,"01","Aktifitas Operasi   ","Neraca","Debet","F","F","T",,"0.00","0.00","0.00","0.00","0.00","0.00","0.00","0.00","0.00","0.00","0.00","0.00","0.00","0.00","0.00","0.00","0.00","0.00","0.00","0.00","0.00","0.00","0.00","0.00","0.00","0.00","0.00","0.00","0.00","0.00","0.00","0.00","0.00","0.00","0.00","0.00","0.00","0.00","0.00","0.00","0.00","0.00","0.00","0.00","0.00","0.00","0.00","0.00","0.00","0.00","0.00","0.00","0.00","0.00","0.00","0.00","0.00","0.00","0.00","0.00","0.00","0.00","0.00","0.00","0.00","0.00","F",,"1","2023-01-11","2023-08-28","16:16:42","18:04:04","ADMIN","ADMIN"
"60","103.110","02",,"RPC ROHIL","PENJUALAN BERAS",,"PENJUALAN BERAS","103.110/RPC ROHIL/PENJUALAN BERAS/KANTOR PUSAT","KP","100","100","103.100",,"01","Aktifitas Operasi   ","Neraca","Debet","F","F","T"," ","0.00","0.00","0.00","0.00","0.00","0.00","0.00","0.00","0.00","0.00","0.00","0.00","0.00","0.00","0.00","0.00","0.00","0.00","0.00","0.00","0.00","0.00","0.00","0.00","0.00","0.00","0.00","0.00","0.00","0.00","0.00","0.00","0.00","0.00","0.00","0.00","0.00","0.00","0.00","0.00","0.00","0.00","0.00","0.00","0.00","0.00","0.00","0.00","0.00","0.00","0.00","0.00","0.00","0.00","0.00","0.00","0.00","0.00","0.00","0.00","0.00","0.00","0.00","0.00","0.00","0.00","F",,"1","2023-01-11","2023-01-11","16:38:51","16:38:51","ADMIN","ADMIN"
"61","103.302","03",,"KANTOR PUSAT","M. IRSYAD",,"M IRSYAD","103.302/KANTOR PUSAT/M IRSYAD/KANTOR PUSAT","KP","100","100","103.300",,"01","Aktifitas Operasi   ","Neraca","Debet","F","F","T",,"0.00","0.00","0.00","0.00","0.00","0.00","0.00","0.00","0.00","0.00","0.00","0.00","0.00","0.00","0.00","0.00","0.00","0.00","0.00","0.00","0.00","0.00","0.00","0.00","0.00","0.00","0.00","0.00","0.00","0.00","0.00","0.00","0.00","0.00","0.00","0.00","0.00","0.00","0.00","0.00","0.00","0.00","0.00","0.00","0.00","0.00","0.00","0.00","0.00","0.00","0.00","0.00","0.00","0.00","0.00","0.00","0.00","0.00","0.00","0.00","0.00","0.00","0.00","0.00","0.00","0.00","F",,"1","2023-01-11","2023-06-12","16:48:18","18:04:30","ADMIN","ADMIN"
"62","103.304","03",,"RPC ROHIL","PIUTANG KARYAWAN RPC ROHIL",,"KARY RPC ROHIL","103.304/RPC ROHIL/KARY RPC ROHIL/KANTOR PUSAT","KP","100","100","103.300",,"01","Aktifitas Operasi   ","Neraca","Debet","F","F","T",,"0.00","0.00","0.00","0.00","0.00","0.00","0.00","0.00","0.00","0.00","0.00","0.00","0.00","0.00","0.00","0.00","0.00","0.00","0.00","0.00","0.00","0.00","0.00","0.00","0.00","0.00","0.00","0.00","0.00","0.00","0.00","0.00","0.00","0.00","0.00","0.00","0.00","0.00","0.00","0.00","0.00","0.00","0.00","0.00","0.00","0.00","0.00","0.00","0.00","0.00","0.00","0.00","0.00","0.00","0.00","0.00","0.00","0.00","0.00","0.00","0.00","0.00","0.00","0.00","0.00","0.00","F",,"1","2023-01-11","2023-08-07","16:50:05","17:45:23","ADMIN","ADMIN"
"63","103.303","03",,"KANTOR PUSAT","KARYAWAN LAINNYA",,"KARY LAINNYA","103.303/KANTOR PUSAT/KARY LAINNYA/KANTOR PUSAT","KP","100","100","103.300",,"01","Aktifitas Operasi   ","Neraca","Debet","F","F","T"," ","0.00","0.00","0.00","0.00","0.00","0.00","0.00","0.00","0.00","0.00","0.00","0.00","0.00","0.00","0.00","0.00","0.00","0.00","0.00","0.00","0.00","0.00","0.00","0.00","0.00","0.00","0.00","0.00","0.00","0.00","0.00","0.00","0.00","0.00","0.00","0.00","0.00","0.00","0.00","0.00","0.00","0.00","0.00","0.00","0.00","0.00","0.00","0.00","0.00","0.00","0.00","0.00","0.00","0.00","0.00","0.00","0.00","0.00","0.00","0.00","0.00","0.00","0.00","0.00","0.00","0.00","F",,"1","2023-01-11","2023-01-11","16:52:44","16:52:44","ADMIN","ADMIN"
"64","103.400","02",,"KANTOR PUSAT","LAIN-LAIN",,"LAIN","103.400/KANTOR PUSAT/LAIN/KANTOR PUSAT","KP","100","100","103.100",,"01","Aktifitas Operasi   ","Neraca","Debet","F","F","T"," ","0.00","0.00","0.00","0.00","0.00","0.00","0.00","0.00","0.00","0.00","0.00","0.00","0.00","0.00","0.00","0.00","0.00","0.00","0.00","0.00","0.00","0.00","0.00","0.00","0.00","0.00","0.00","0.00","0.00","0.00","0.00","0.00","0.00","0.00","0.00","0.00","0.00","0.00","0.00","0.00","0.00","0.00","0.00","0.00","0.00","0.00","0.00","0.00","0.00","0.00","0.00","0.00","0.00","0.00","0.00","0.00","0.00","0.00","0.00","0.00","0.00","0.00","0.00","0.00","0.00","0.00","F",,"1","2023-01-11","2023-01-11","17:03:25","17:03:25","ADMIN","ADMIN"
"65","103.401","03",,"KANTOR PUSAT","KOPERASI KARYAWAN SPR",,"KOPKAR","103.401/KANTOR PUSAT/KOPKAR/KANTOR PUSAT","KP","100","100","103.400",,"01","Aktifitas Operasi   ","Neraca","Debet","F","F","T",,"0.00","0.00","0.00","0.00","0.00","0.00","0.00","0.00","0.00","0.00","0.00","0.00","0.00","0.00","0.00","0.00","0.00","0.00","0.00","0.00","0.00","0.00","0.00","0.00","0.00","0.00","0.00","0.00","0.00","0.00","0.00","0.00","0.00","0.00","0.00","0.00","0.00","0.00","0.00","0.00","0.00","0.00","0.00","0.00","0.00","0.00","0.00","0.00","0.00","0.00","0.00","0.00","0.00","0.00","0.00","0.00","0.00","0.00","0.00","0.00","0.00","0.00","0.00","0.00","0.00","0.00","F",,"1","2023-01-11","2023-06-12","17:04:55","18:08:07","ADMIN","ADMIN"
"67","103.500","02",,"KANTOR PUSAT","CADANGAN PIUTANG TAK TERTAGIH",,"CAD PIUT TAK TERTAGIH","103.500/KANTOR PUSAT/CAD PIUT TAK TERTAGIH/KANTOR PUSAT","KP","100","100","103.100",,"01","Aktifitas Operasi","Neraca","Kredit","F","F","T"," ","0.00","0.00","0.00","0.00","0.00","0.00","0.00","0.00","0.00","0.00","0.00","0.00","0.00","0.00","0.00","0.00","0.00","0.00","0.00","0.00","0.00","0.00","0.00","0.00","0.00","0.00","0.00","0.00","0.00","0.00","0.00","0.00","0.00","0.00","0.00","0.00","0.00","0.00","0.00","0.00","0.00","0.00","0.00","0.00","0.00","0.00","0.00","0.00","0.00","0.00","0.00","0.00","0.00","0.00","0.00","0.00","0.00","0.00","0.00","0.00","0.00","0.00","0.00","0.00","0.00","0.00","F",,"1","2023-01-12","2023-01-12","09:53:04","09:53:04","ADMIN","ADMIN"
"68","103.501","03",,"KANTOR PUSAT","CADANGAN M. IRSYAD",,"CAD M IRSYAD","103.501/KANTOR PUSAT/CAD M IRSYAD/KANTOR PUSAT","KP","100","100","103.100",,"01","Aktifitas Operasi   ","Neraca","Kredit","F","F","T",,"0.00","0.00","0.00","0.00","0.00","0.00","0.00","0.00","0.00","0.00","0.00","0.00","0.00","0.00","0.00","0.00","0.00","0.00","0.00","0.00","0.00","0.00","0.00","0.00","0.00","0.00","0.00","0.00","0.00","0.00","0.00","0.00","0.00","0.00","0.00","0.00","0.00","0.00","0.00","0.00","0.00","0.00","0.00","0.00","0.00","0.00","0.00","0.00","0.00","0.00","0.00","0.00","0.00","0.00","0.00","0.00","0.00","0.00","0.00","0.00","0.00","0.00","0.00","0.00","0.00","0.00","F",,"1","2023-01-12","2023-06-13","09:57:58","19:22:11","ADMIN","ADMIN"
"69","104.010","03",,"KANTOR PUSAT","PIUTANG DEVIDEN",,"PIUT DEVIDEN","104.010/KANTOR PUSAT/PIUT DEVIDEN/KANTOR PUSAT","KP","100","100","104.000",,"01","Aktifitas Operasi   ","Neraca","Debet","F","F","T",,"0.00","0.00","0.00","0.00","0.00","0.00","0.00","0.00","0.00","0.00","0.00","0.00","0.00","0.00","0.00","0.00","0.00","0.00","0.00","0.00","0.00","0.00","0.00","0.00","0.00","0.00","0.00","0.00","0.00","0.00","0.00","0.00","0.00","0.00","0.00","0.00","0.00","0.00","0.00","0.00","0.00","0.00","0.00","0.00","0.00","0.00","0.00","0.00","0.00","0.00","0.00","0.00","0.00","0.00","0.00","0.00","0.00","0.00","0.00","0.00","0.00","0.00","0.00","0.00","0.00","0.00","F",,"1","2023-01-12","2023-06-12","10:08:24","18:08:42","ADMIN","ADMIN"
"70","104.020","03",,"KANTOR PUSAT","PIUTANG JASA PRODUKSI",,"PIUT JASPRO","104.020/KANTOR PUSAT/PIUT JASPRO/KANTOR PUSAT","KP","100","100","104.000",,"01","Aktifitas Operasi   ","Neraca","Debet","F","F","T",,"0.00","0.00","0.00","0.00","0.00","0.00","0.00","0.00","0.00","0.00","0.00","0.00","0.00","0.00","0.00","0.00","0.00","0.00","0.00","0.00","0.00","0.00","0.00","0.00","0.00","0.00","0.00","0.00","0.00","0.00","0.00","0.00","0.00","0.00","0.00","0.00","0.00","0.00","0.00","0.00","0.00","0.00","0.00","0.00","0.00","0.00","0.00","0.00","0.00","0.00","0.00","0.00","0.00","0.00","0.00","0.00","0.00","0.00","0.00","0.00","0.00","0.00","0.00","0.00","0.00","0.00","F",,"1","2023-01-12","2023-06-12","10:12:09","18:09:45","ADMIN","ADMIN"
"71","104.030","03",,"KANTOR PUSAT","CADANGAN PIUTANG JASA PRODUKSI",,"CAD JASPRO","104.030/KANTOR PUSAT/CAD JASPRO/KANTOR PUSAT","KP","100","100","104.000",,"01","Aktifitas Operasi   ","Neraca","Kredit","F","F","T"," ","0.00","0.00","0.00","0.00","0.00","0.00","0.00","0.00","0.00","0.00","0.00","0.00","0.00","0.00","0.00","0.00","0.00","0.00","0.00","0.00","0.00","0.00","0.00","0.00","0.00","0.00","0.00","0.00","0.00","0.00","0.00","0.00","0.00","0.00","0.00","0.00","0.00","0.00","0.00","0.00","0.00","0.00","0.00","0.00","0.00","0.00","0.00","0.00","0.00","0.00","0.00","0.00","0.00","0.00","0.00","0.00","0.00","0.00","0.00","0.00","0.00","0.00","0.00","0.00","0.00","0.00","F",,"1","2023-01-12","2023-01-12","10:17:23","10:17:23","ADMIN","ADMIN"
"72","104.040","02",,"KANTOR PUSAT","PIUTANG LAIN-LAIN",,"PIUT LAINNYA","104.040/KANTOR PUSAT/PIUT LAINNYA/KANTOR PUSAT","KP","100","100","104.000",,"01","Aktifitas Operasi   ","Neraca","Debet","F","F","T"," ","0.00","0.00","0.00","0.00","0.00","0.00","0.00","0.00","0.00","0.00","0.00","0.00","0.00","0.00","0.00","0.00","0.00","0.00","0.00","0.00","0.00","0.00","0.00","0.00","0.00","0.00","0.00","0.00","0.00","0.00","0.00","0.00","0.00","0.00","0.00","0.00","0.00","0.00","0.00","0.00","0.00","0.00","0.00","0.00","0.00","0.00","0.00","0.00","0.00","0.00","0.00","0.00","0.00","0.00","0.00","0.00","0.00","0.00","0.00","0.00","0.00","0.00","0.00","0.00","0.00","0.00","F",,"1","2023-01-12","2023-01-12","10:22:31","10:22:31","ADMIN","ADMIN"
"73","104.041","03",,"KANTOR PUSAT","EXCHANGE ADJUSTMENT",,"PIUT SLSH KURS","104.041/KANTOR PUSAT/PIUT SLSH KURS/KANTOR PUSAT","KP","100","100","104.040",,"01","Aktifitas Operasi   ","Neraca","Debet","F","F","T"," ","0.00","0.00","0.00","0.00","0.00","0.00","0.00","0.00","0.00","0.00","0.00","0.00","0.00","0.00","0.00","0.00","0.00","0.00","0.00","0.00","0.00","0.00","0.00","0.00","0.00","0.00","0.00","0.00","0.00","0.00","0.00","0.00","0.00","0.00","0.00","0.00","0.00","0.00","0.00","0.00","0.00","0.00","0.00","0.00","0.00","0.00","0.00","0.00","0.00","0.00","0.00","0.00","0.00","0.00","0.00","0.00","0.00","0.00","0.00","0.00","0.00","0.00","0.00","0.00","0.00","0.00","F",,"1","2023-01-12","2023-01-12","10:32:16","10:32:16","ADMIN","ADMIN"
"74","105.100","03",,"KANTOR PUSAT","PIUTANG IFG LIFE (IMBALAN KERJA)",,"PIUT IFG LIFE","105.100/KANTOR PUSAT/PIUT IFG LIFE/KANTOR PUSAT","KP","100","100","105.000",,"01","Aktifitas Operasi   ","Neraca","Debet","F","F","T",,"0.00","0.00","0.00","0.00","0.00","0.00","0.00","0.00","0.00","0.00","0.00","0.00","0.00","0.00","0.00","0.00","0.00","0.00","0.00","0.00","0.00","0.00","0.00","0.00","0.00","0.00","0.00","0.00","0.00","0.00","0.00","0.00","0.00","0.00","0.00","0.00","0.00","0.00","0.00","0.00","0.00","0.00","0.00","0.00","0.00","0.00","0.00","0.00","0.00","0.00","0.00","0.00","0.00","0.00","0.00","0.00","0.00","0.00","0.00","0.00","0.00","0.00","0.00","0.00","0.00","0.00","F",,"1","2023-01-12","2023-08-07","10:39:22","16:54:33","ADMIN","ADMIN"
"75","106.010","03",,"KANTOR PUSAT","ASURANSI AIA EX KARYAWAN SPBU",,"PIUT AIA","106.010/KANTOR PUSAT/PIUT AIA/KANTOR PUSAT","KP","100","100","106.000",,"01","Aktifitas Operasi   ","Neraca","Debet","F","F","T",,"0.00","0.00","0.00","0.00","0.00","0.00","0.00","0.00","0.00","0.00","0.00","0.00","0.00","0.00","0.00","0.00","0.00","0.00","0.00","0.00","0.00","0.00","0.00","0.00","0.00","0.00","0.00","0.00","0.00","0.00","0.00","0.00","0.00","0.00","0.00","0.00","0.00","0.00","0.00","0.00","0.00","0.00","0.00","0.00","0.00","0.00","0.00","0.00","0.00","0.00","0.00","0.00","0.00","0.00","0.00","0.00","0.00","0.00","0.00","0.00","0.00","0.00","0.00","0.00","0.00","0.00","F",,"1","2023-01-12","2023-06-12","10:52:43","18:32:43","ADMIN","ADMIN"
"76","106.020","03",,"KANTOR PUSAT","UANG MUKA LAIN-LAIN",,"UM LAIN","106.020/KANTOR PUSAT/UM LAIN/KANTOR PUSAT","KP","100","100","106.000",,"01","Aktifitas Operasi   ","Neraca","Debet","F","F","T",,"0.00","0.00","0.00","0.00","0.00","0.00","0.00","0.00","0.00","0.00","0.00","0.00","0.00","0.00","0.00","0.00","0.00","0.00","0.00","0.00","0.00","0.00","0.00","0.00","0.00","0.00","0.00","0.00","0.00","0.00","0.00","0.00","0.00","0.00","0.00","0.00","0.00","0.00","0.00","0.00","0.00","0.00","0.00","0.00","0.00","0.00","0.00","0.00","0.00","0.00","0.00","0.00","0.00","0.00","0.00","0.00","0.00","0.00","0.00","0.00","0.00","0.00","0.00","0.00","0.00","0.00","F",,"1","2023-01-12","2023-06-12","10:55:53","19:14:46","ADMIN","ADMIN"
"77","106.030","03",,"KANTOR PUSAT","SETORAN PAD UNTUK KAS DAERAH",,"SET PAD","106.030/KANTOR PUSAT/SET PAD/KANTOR PUSAT","KP","100","100","106.000",,"01","Aktifitas Operasi   ","Neraca","Debet","F","F","T",,"0.00","0.00","0.00","0.00","0.00","0.00","0.00","0.00","0.00","0.00","0.00","0.00","0.00","0.00","0.00","0.00","0.00","0.00","0.00","0.00","0.00","0.00","0.00","0.00","0.00","0.00","0.00","0.00","0.00","0.00","0.00","0.00","0.00","0.00","0.00","0.00","0.00","0.00","0.00","0.00","0.00","0.00","0.00","0.00","0.00","0.00","0.00","0.00","0.00","0.00","0.00","0.00","0.00","0.00","0.00","0.00","0.00","0.00","0.00","0.00","0.00","0.00","0.00","0.00","0.00","0.00","F",,"1","2023-01-12","2023-06-12","10:57:08","19:05:36","ADMIN","ADMIN"
"78","106.090","03",,"KANTOR PUSAT","LAIN-LAIN DIBAYAR DIMUKA",,"LAIN","106.090/KANTOR PUSAT/LAIN/KANTOR PUSAT","KP","100","100","106.000",,"01","Aktifitas Operasi   ","Neraca","Debet","F","F","T"," ","0.00","0.00","0.00","0.00","0.00","0.00","0.00","0.00","0.00","0.00","0.00","0.00","0.00","0.00","0.00","0.00","0.00","0.00","0.00","0.00","0.00","0.00","0.00","0.00","0.00","0.00","0.00","0.00","0.00","0.00","0.00","0.00","0.00","0.00","0.00","0.00","0.00","0.00","0.00","0.00","0.00","0.00","0.00","0.00","0.00","0.00","0.00","0.00","0.00","0.00","0.00","0.00","0.00","0.00","0.00","0.00","0.00","0.00","0.00","0.00","0.00","0.00","0.00","0.00","0.00","0.00","F",,"1","2023-01-12","2023-01-12","10:58:53","10:58:53","ADMIN","ADMIN"
"79","106.000","01",,"KANTOR PUSAT","BIAYA DIBAYAR DIMUKA",,"BIAYA DIBAYAR DI MUKA","106.000/KANTOR PUSAT/BIAYA DIBAYAR DI MUKA/KANTOR PUSAT","KP","100","100","106.000",,"01","Aktifitas Operasi   ","Neraca","Debet","F","F","T"," ","0.00","0.00","0.00","0.00","0.00","0.00","0.00","0.00","0.00","0.00","0.00","0.00","0.00","0.00","0.00","0.00","0.00","0.00","0.00","0.00","0.00","0.00","0.00","0.00","0.00","0.00","0.00","0.00","0.00","0.00","0.00","0.00","0.00","0.00","0.00","0.00","0.00","0.00","0.00","0.00","0.00","0.00","0.00","0.00","0.00","0.00","0.00","0.00","0.00","0.00","0.00","0.00","0.00","0.00","0.00","0.00","0.00","0.00","0.00","0.00","0.00","0.00","0.00","0.00","0.00","0.00","F",,"1","2023-01-12","2023-01-12","11:02:45","11:05:04","ADMIN","ADMIN"
"80","107.000","01",,"KANTOR PUSAT","PENGELUARAN YANG MASIH HARUS DIPERTANGGUNGJAWABKAN",,"YMH TGG JWB","107.000/KANTOR PUSAT/YMH TGG JWB/KANTOR PUSAT","KP","100","100","107.000",,"01","Aktifitas Operasi   ","Neraca","Debet","F","F","T"," ","0.00","0.00","0.00","0.00","0.00","0.00","0.00","0.00","0.00","0.00","0.00","0.00","0.00","0.00","0.00","0.00","0.00","0.00","0.00","0.00","0.00","0.00","0.00","0.00","0.00","0.00","0.00","0.00","0.00","0.00","0.00","0.00","0.00","0.00","0.00","0.00","0.00","0.00","0.00","0.00","0.00","0.00","0.00","0.00","0.00","0.00","0.00","0.00","0.00","0.00","0.00","0.00","0.00","0.00","0.00","0.00","0.00","0.00","0.00","0.00","0.00","0.00","0.00","0.00","0.00","0.00","F",,"1","2023-01-12","2023-01-12","11:10:45","11:10:45","ADMIN","ADMIN"
"81","107.100","03",,"KANTOR PUSAT","RAHMAN AKIL (EX DIRUT)",,"RAHMAN AKIL","107.100/KANTOR PUSAT/RAHMAN AKIL/KANTOR PUSAT","KP","100","100","107.000",,"01","Aktifitas Operasi   ","Neraca","Debet","F","F","T",,"0.00","0.00","0.00","0.00","0.00","0.00","0.00","0.00","0.00","0.00","0.00","0.00","0.00","0.00","0.00","0.00","0.00","0.00","0.00","0.00","0.00","0.00","0.00","0.00","0.00","0.00","0.00","0.00","0.00","0.00","0.00","0.00","0.00","0.00","0.00","0.00","0.00","0.00","0.00","0.00","0.00","0.00","0.00","0.00","0.00","0.00","0.00","0.00","0.00","0.00","0.00","0.00","0.00","0.00","0.00","0.00","0.00","0.00","0.00","0.00","0.00","0.00","0.00","0.00","0.00","0.00","F",,"1","2023-01-12","2023-06-12","11:11:52","18:05:05","ADMIN","ADMIN"
"82","107.200","03",,"KANTOR PUSAT","DEBBY RIAUMA SARI (EX DIRKEU)",,"DEBBY RS","107.200/KANTOR PUSAT/DEBBY RS/KANTOR PUSAT","KP","100","100","107.000",,"01","Aktifitas Operasi   ","Neraca","Debet","F","F","T",,"0.00","0.00","0.00","0.00","0.00","0.00","0.00","0.00","0.00","0.00","0.00","0.00","0.00","0.00","0.00","0.00","0.00","0.00","0.00","0.00","0.00","0.00","0.00","0.00","0.00","0.00","0.00","0.00","0.00","0.00","0.00","0.00","0.00","0.00","0.00","0.00","0.00","0.00","0.00","0.00","0.00","0.00","0.00","0.00","0.00","0.00","0.00","0.00","0.00","0.00","0.00","0.00","0.00","0.00","0.00","0.00","0.00","0.00","0.00","0.00","0.00","0.00","0.00","0.00","0.00","0.00","F",,"1","2023-01-12","2023-06-12","11:13:56","18:05:45","ADMIN","ADMIN"
"83","107.300","03",,"KANTOR PUSAT","PANJAR KERJA PER 2 NOVEMBER 2015",,"PJR KERJA LAMA","107.300/KANTOR PUSAT/PJR KERJA LAMA/KANTOR PUSAT","KP","100","100","107.000",,"01","Aktifitas Operasi   ","Neraca","Debet","F","F","T",,"0.00","0.00","0.00","0.00","0.00","0.00","0.00","0.00","0.00","0.00","0.00","0.00","0.00","0.00","0.00","0.00","0.00","0.00","0.00","0.00","0.00","0.00","0.00","0.00","0.00","0.00","0.00","0.00","0.00","0.00","0.00","0.00","0.00","0.00","0.00","0.00","0.00","0.00","0.00","0.00","0.00","0.00","0.00","0.00","0.00","0.00","0.00","0.00","0.00","0.00","0.00","0.00","0.00","0.00","0.00","0.00","0.00","0.00","0.00","0.00","0.00","0.00","0.00","0.00","0.00","0.00","F",,"1","2023-01-12","2023-06-12","11:15:38","18:07:22","ADMIN","ADMIN"
"84","108.100","01",,"KANTOR PUSAT","UANG MUKA DAN PANJAR",,"PJR KERJA BARU","108.100/KANTOR PUSAT/PJR KERJA BARU/KANTOR PUSAT","KP","100","100","108.100",,"01","Aktifitas Operasi   ","Neraca","Debet","F","F","T"," ","0.00","0.00","0.00","0.00","0.00","0.00","0.00","0.00","0.00","0.00","0.00","0.00","0.00","0.00","0.00","0.00","0.00","0.00","0.00","0.00","0.00","0.00","0.00","0.00","0.00","0.00","0.00","0.00","0.00","0.00","0.00","0.00","0.00","0.00","0.00","0.00","0.00","0.00","0.00","0.00","0.00","0.00","0.00","0.00","0.00","0.00","0.00","0.00","0.00","0.00","0.00","0.00","0.00","0.00","0.00","0.00","0.00","0.00","0.00","0.00","0.00","0.00","0.00","0.00","0.00","0.00","F",,"1","2023-01-12","2023-01-12","11:30:38","11:30:38","ADMIN","ADMIN"
"85","109.000","01",,"KANTOR PUSAT","WORK IN PROCESS",,"WORK IN PROCESS","109.000/KANTOR PUSAT/WORK IN PROCESS/KANTOR PUSAT","KP","100","100","109.000",,"01","Aktifitas Operasi   ","Neraca","Debet","F","F","T"," ","0.00","0.00","0.00","0.00","0.00","0.00","0.00","0.00","0.00","0.00","0.00","0.00","0.00","0.00","0.00","0.00","0.00","0.00","0.00","0.00","0.00","0.00","0.00","0.00","0.00","0.00","0.00","0.00","0.00","0.00","0.00","0.00","0.00","0.00","0.00","0.00","0.00","0.00","0.00","0.00","0.00","0.00","0.00","0.00","0.00","0.00","0.00","0.00","0.00","0.00","0.00","0.00","0.00","0.00","0.00","0.00","0.00","0.00","0.00","0.00","0.00","0.00","0.00","0.00","0.00","0.00","F",,"1","2023-01-12","2023-01-12","11:42:09","11:42:09","ADMIN","ADMIN"
"86","109.100","03",,"KANTOR PUSAT","PENAMBAHAN NILAI BANGUNAN",,"BANGUNAN","109.100/KANTOR PUSAT/BANGUNAN/KANTOR PUSAT","KP","100","100","109.000",,"01","Aktifitas Operasi   ","Neraca","Debet","F","F","T"," ","0.00","0.00","0.00","0.00","0.00","0.00","0.00","0.00","0.00","0.00","0.00","0.00","0.00","0.00","0.00","0.00","0.00","0.00","0.00","0.00","0.00","0.00","0.00","0.00","0.00","0.00","0.00","0.00","0.00","0.00","0.00","0.00","0.00","0.00","0.00","0.00","0.00","0.00","0.00","0.00","0.00","0.00","0.00","0.00","0.00","0.00","0.00","0.00","0.00","0.00","0.00","0.00","0.00","0.00","0.00","0.00","0.00","0.00","0.00","0.00","0.00","0.00","0.00","0.00","0.00","0.00","F",,"1","2023-01-12","2023-01-12","11:45:19","11:45:19","ADMIN","ADMIN"
"87","109.200","03",,"KANTOR PUSAT","PEMELIHARAAN BANGUNAN",,"PEM BANGUNAN","109.200/KANTOR PUSAT/PEM BANGUNAN/KANTOR PUSAT","KP","100","100","109.000",,"01","Aktifitas Operasi   ","Neraca","Kredit","F","F","T",,"0.00","0.00","0.00","0.00","0.00","0.00","0.00","0.00","0.00","0.00","0.00","0.00","0.00","0.00","0.00","0.00","0.00","0.00","0.00","0.00","0.00","0.00","0.00","0.00","0.00","0.00","0.00","0.00","0.00","0.00","0.00","0.00","0.00","0.00","0.00","0.00","0.00","0.00","0.00","0.00","0.00","0.00","0.00","0.00","0.00","0.00","0.00","0.00","0.00","0.00","0.00","0.00","0.00","0.00","0.00","0.00","0.00","0.00","0.00","0.00","0.00","0.00","0.00","0.00","0.00","0.00","F",,"1","2023-01-12","2023-06-12","11:46:19","19:16:17","ADMIN","ADMIN"
"88","111.000","01",,"KANTOR PUSAT","INVESTASI",,"INVESTASI","111.000/KANTOR PUSAT/INVESTASI/KANTOR PUSAT","KP","110","100","111.000",,"02","Aktifitas Investasi","Neraca","Debet","F","F","T"," ","0.00","0.00","0.00","0.00","0.00","0.00","0.00","0.00","0.00","0.00","0.00","0.00","0.00","0.00","0.00","0.00","0.00","0.00","0.00","0.00","0.00","0.00","0.00","0.00","0.00","0.00","0.00","0.00","0.00","0.00","0.00","0.00","0.00","0.00","0.00","0.00","0.00","0.00","0.00","0.00","0.00","0.00","0.00","0.00","0.00","0.00","0.00","0.00","0.00","0.00","0.00","0.00","0.00","0.00","0.00","0.00","0.00","0.00","0.00","0.00","0.00","0.00","0.00","0.00","0.00","0.00","F",,"1","2023-01-12","2023-01-18","11:47:48","10:53:31","ADMIN","ADMIN"
"89","111.010","03",,"KANTOR PUSAT","PENYERTAAN SAHAM PT KAMPARICOM",,"KAMPARICOM","111.010/KANTOR PUSAT/KAMPARICOM/KANTOR PUSAT","KP","110","100","111.000",,"02","Aktifitas Investasi ","Neraca","Debet","F","F","T",,"0.00","0.00","0.00","0.00","0.00","0.00","0.00","0.00","0.00","0.00","0.00","0.00","0.00","0.00","0.00","0.00","0.00","0.00","0.00","0.00","0.00","0.00","0.00","0.00","0.00","0.00","0.00","0.00","0.00","0.00","0.00","0.00","0.00","0.00","0.00","0.00","0.00","0.00","0.00","0.00","0.00","0.00","0.00","0.00","0.00","0.00","0.00","0.00","0.00","0.00","0.00","0.00","0.00","0.00","0.00","0.00","0.00","0.00","0.00","0.00","0.00","0.00","0.00","0.00","0.00","0.00","F",,"1","2023-01-12","2023-06-12","12:08:48","19:26:08","ADMIN","ADMIN"
"90","111.020","03",,"KANTOR PUSAT","PENYERTAAN SAHAM PT SPR LANGGAK",,"INV LANGGAK","111.020/KANTOR PUSAT/INV LANGGAK/KANTOR PUSAT","KP","110","100","111.000",,"02","Aktifitas Investasi ","Neraca","Debet","F","F","T",,"0.00","0.00","0.00","0.00","0.00","0.00","0.00","0.00","0.00","0.00","0.00","0.00","0.00","0.00","0.00","0.00","0.00","0.00","0.00","0.00","0.00","0.00","0.00","0.00","0.00","0.00","0.00","0.00","0.00","0.00","0.00","0.00","0.00","0.00","0.00","0.00","0.00","0.00","0.00","0.00","0.00","0.00","0.00","0.00","0.00","0.00","0.00","0.00","0.00","0.00","0.00","0.00","0.00","0.00","0.00","0.00","0.00","0.00","0.00","0.00","0.00","0.00","0.00","0.00","0.00","0.00","F",,"1","2023-01-12","2023-06-12","12:10:40","19:26:57","ADMIN","ADMIN"
"91","111.030","03",,"KANTOR PUSAT","PENYERTAAN SAHAM PT SPR TRADA",,"INV TRADA","111.030/KANTOR PUSAT/INV TRADA/KANTOR PUSAT","KP","110","100","111.000",,"02","Aktifitas Investasi ","Neraca","Kredit","F","F","T",,"0.00","0.00","0.00","0.00","0.00","0.00","0.00","0.00","0.00","0.00","0.00","0.00","0.00","0.00","0.00","0.00","0.00","0.00","0.00","0.00","0.00","0.00","0.00","0.00","0.00","0.00","0.00","0.00","0.00","0.00","0.00","0.00","0.00","0.00","0.00","0.00","0.00","0.00","0.00","0.00","0.00","0.00","0.00","0.00","0.00","0.00","0.00","0.00","0.00","0.00","0.00","0.00","0.00","0.00","0.00","0.00","0.00","0.00","0.00","0.00","0.00","0.00","0.00","0.00","0.00","0.00","F",,"1","2023-01-12","2023-06-12","12:11:37","19:27:52","ADMIN","ADMIN"
"92","111.040","03",,"KANTOR PUSAT","PENYERTAAN SAHAM PT SPR CIPTA LESTARI",,"INV CL","111.040/KANTOR PUSAT/INV CL/KANTOR PUSAT","KP","110","100","111.000",,"02","Aktifitas Investasi ","Neraca","Debet","F","F","T",,"0.00","0.00","0.00","0.00","0.00","0.00","0.00","0.00","0.00","0.00","0.00","0.00","0.00","0.00","0.00","0.00","0.00","0.00","0.00","0.00","0.00","0.00","0.00","0.00","0.00","0.00","0.00","0.00","0.00","0.00","0.00","0.00","0.00","0.00","0.00","0.00","0.00","0.00","0.00","0.00","0.00","0.00","0.00","0.00","0.00","0.00","0.00","0.00","0.00","0.00","0.00","0.00","0.00","0.00","0.00","0.00","0.00","0.00","0.00","0.00","0.00","0.00","0.00","0.00","0.00","0.00","F",,"1","2023-01-12","2023-08-07","12:18:03","16:53:51","ADMIN","ADMIN"
"93","112.100","02",,"KANTOR PUSAT","HARGA PEROLEHAN ASET TETAP",,"HRG PEROLEHAN AKTIVA TETAP","112.100/KANTOR PUSAT/HRG PEROLEHAN AKTIVA TETAP/KANTOR PUSAT","KP","110","100","112.100",,"02","Aktifitas Investasi","Neraca","Debet","F","F","T"," ","0.00","0.00","0.00","0.00","0.00","0.00","0.00","0.00","0.00","0.00","0.00","0.00","0.00","0.00","0.00","0.00","0.00","0.00","0.00","0.00","0.00","0.00","0.00","0.00","0.00","0.00","0.00","0.00","0.00","0.00","0.00","0.00","0.00","0.00","0.00","0.00","0.00","0.00","0.00","0.00","0.00","0.00","0.00","0.00","0.00","0.00","0.00","0.00","0.00","0.00","0.00","0.00","0.00","0.00","0.00","0.00","0.00","0.00","0.00","0.00","0.00","0.00","0.00","0.00","0.00","0.00","F",,"1","2023-01-12","2023-01-18","14:03:56","11:02:29","ADMIN","ADMIN"
"94","112.101","03",,"KANTOR PUSAT","TANAH",,"TANAH","112.101/KANTOR PUSAT/TANAH/KANTOR PUSAT","KP","110","100","112.100",,"02","Aktifitas Investasi ","Neraca","Debet","F","F","T",,"0.00","0.00","0.00","0.00","0.00","0.00","0.00","0.00","0.00","0.00","0.00","0.00","0.00","0.00","0.00","0.00","0.00","0.00","0.00","0.00","0.00","0.00","0.00","0.00","0.00","0.00","0.00","0.00","0.00","0.00","0.00","0.00","0.00","0.00","0.00","0.00","0.00","0.00","0.00","0.00","0.00","0.00","0.00","0.00","0.00","0.00","0.00","0.00","0.00","0.00","0.00","0.00","0.00","0.00","0.00","0.00","0.00","0.00","0.00","0.00","0.00","0.00","0.00","0.00","0.00","0.00","F",,"1","2023-01-12","2023-06-12","14:05:36","19:17:47","ADMIN","ADMIN"
"95","112.102","03",,"KANTOR PUSAT","BANGUNAN",,"BANGUNAN","112.102/KANTOR PUSAT/BANGUNAN/KANTOR PUSAT","KP","110","100","112.100",,"02","Aktifitas Investasi ","Neraca","Debet","F","F","T",,"0.00","0.00","0.00","0.00","0.00","0.00","0.00","0.00","0.00","0.00","0.00","0.00","0.00","0.00","0.00","0.00","0.00","0.00","0.00","0.00","0.00","0.00","0.00","0.00","0.00","0.00","0.00","0.00","0.00","0.00","0.00","0.00","0.00","0.00","0.00","0.00","0.00","0.00","0.00","0.00","0.00","0.00","0.00","0.00","0.00","0.00","0.00","0.00","0.00","0.00","0.00","0.00","0.00","0.00","0.00","0.00","0.00","0.00","0.00","0.00","0.00","0.00","0.00","0.00","0.00","0.00","F",,"1","2023-01-12","2023-06-12","14:06:24","19:18:26","ADMIN","ADMIN"
"96","112.103","03",,"KANTOR PUSAT","KENDARAAN",,"KENDARAAN","112.103/KANTOR PUSAT/KENDARAAN/KANTOR PUSAT","KP","110","100","112.100",,"02","Aktifitas Investasi ","Neraca","Debet","F","F","T",,"0.00","0.00","0.00","0.00","0.00","0.00","0.00","0.00","0.00","0.00","0.00","0.00","0.00","0.00","0.00","0.00","0.00","0.00","0.00","0.00","0.00","0.00","0.00","0.00","0.00","0.00","0.00","0.00","0.00","0.00","0.00","0.00","0.00","0.00","0.00","0.00","0.00","0.00","0.00","0.00","0.00","0.00","0.00","0.00","0.00","0.00","0.00","0.00","0.00","0.00","0.00","0.00","0.00","0.00","0.00","0.00","0.00","0.00","0.00","0.00","0.00","0.00","0.00","0.00","0.00","0.00","F",,"1","2023-01-12","2023-08-30","14:07:04","14:22:11","ADMIN","ADMIN"
"97","112.104","03",,"KANTOR PUSAT","INVENTARIS KANTOR",,"INV KANTOR","112.104/KANTOR PUSAT/INV KANTOR/KANTOR PUSAT","KP","110","100","112.100",,"02","Aktifitas Investasi ","Neraca","Debet","F","F","T",,"0.00","0.00","0.00","0.00","0.00","0.00","0.00","0.00","0.00","0.00","0.00","0.00","0.00","0.00","0.00","0.00","0.00","0.00","0.00","0.00","0.00","0.00","0.00","0.00","0.00","0.00","0.00","0.00","0.00","0.00","0.00","0.00","0.00","0.00","0.00","0.00","0.00","0.00","0.00","0.00","0.00","0.00","0.00","0.00","0.00","0.00","0.00","0.00","0.00","0.00","0.00","0.00","0.00","0.00","0.00","0.00","0.00","0.00","0.00","0.00","0.00","0.00","0.00","0.00","0.00","0.00","F",,"1","2023-01-12","2023-06-12","14:11:29","19:22:45","ADMIN","ADMIN"
"98","112.105","03",,"RPC ROHIL","INVENTARIS KANTOR RPC ROHIL",,"INV KANTOR","112.105/RPC ROHIL/INV KANTOR/KANTOR PUSAT","KP","110","100","112.100",,"02","Aktifitas Investasi","Neraca","Debet","F","F","T"," ","0.00","0.00","0.00","0.00","0.00","0.00","0.00","0.00","0.00","0.00","0.00","0.00","0.00","0.00","0.00","0.00","0.00","0.00","0.00","0.00","0.00","0.00","0.00","0.00","0.00","0.00","0.00","0.00","0.00","0.00","0.00","0.00","0.00","0.00","0.00","0.00","0.00","0.00","0.00","0.00","0.00","0.00","0.00","0.00","0.00","0.00","0.00","0.00","0.00","0.00","0.00","0.00","0.00","0.00","0.00","0.00","0.00","0.00","0.00","0.00","0.00","0.00","0.00","0.00","0.00","0.00","F",,"1","2023-01-12","2023-01-20","14:13:05","11:32:53","ADMIN","ADMIN"
"99","112.200","02",,"KANTOR PUSAT","AKUMULASI PENYUSUTAN",,"AKUMULASI PENYUSUTAN","112.200/KANTOR PUSAT/AKUMULASI PENYUSUTAN/KANTOR PUSAT","KP","110","100","112.200",,"02","Aktifitas Investasi","Neraca","Kredit","F","F","T"," ","0.00","0.00","0.00","0.00","0.00","0.00","0.00","0.00","0.00","0.00","0.00","0.00","0.00","0.00","0.00","0.00","0.00","0.00","0.00","0.00","0.00","0.00","0.00","0.00","0.00","0.00","0.00","0.00","0.00","0.00","0.00","0.00","0.00","0.00","0.00","0.00","0.00","0.00","0.00","0.00","0.00","0.00","0.00","0.00","0.00","0.00","0.00","0.00","0.00","0.00","0.00","0.00","0.00","0.00","0.00","0.00","0.00","0.00","0.00","0.00","0.00","0.00","0.00","0.00","0.00","0.00","F",,"1","2023-01-12","2023-01-18","14:14:52","16:37:52","ADMIN","ADMIN"
"100","112.201","03",,"KANTOR PUSAT","AKUMULASI PENYUSUTAN BANGUNAN",,"AK PENY BANGUNAN","112.201/KANTOR PUSAT/AK PENY BANGUNAN/KANTOR PUSAT","KP","110","100","112.200",,"02","Aktifitas Investasi ","Neraca","Kredit","F","F","T",,"0.00","0.00","0.00","0.00","0.00","0.00","0.00","0.00","0.00","0.00","0.00","0.00","0.00","0.00","0.00","0.00","0.00","0.00","0.00","0.00","0.00","0.00","0.00","0.00","0.00","0.00","0.00","0.00","0.00","0.00","0.00","0.00","0.00","0.00","0.00","0.00","0.00","0.00","0.00","0.00","0.00","0.00","0.00","0.00","0.00","0.00","0.00","0.00","0.00","0.00","0.00","0.00","0.00","0.00","0.00","0.00","0.00","0.00","0.00","0.00","0.00","0.00","0.00","0.00","0.00","0.00","F",,"1","2023-01-12","2023-06-12","14:20:09","19:20:56","ADMIN","ADMIN"
"101","112.202","03",,"KANTOR PUSAT","AKUMULASI PENYUSUTAN KENDARAAN",,"AK PENY KEND","112.202/KANTOR PUSAT/AK PENY KEND/KANTOR PUSAT","KP","110","100","112.200",,"02","Aktifitas Investasi ","Neraca","Kredit","F","F","T",,"0.00","0.00","0.00","0.00","0.00","0.00","0.00","0.00","0.00","0.00","0.00","0.00","0.00","0.00","0.00","0.00","0.00","0.00","0.00","0.00","0.00","0.00","0.00","0.00","0.00","0.00","0.00","0.00","0.00","0.00","0.00","0.00","0.00","0.00","0.00","0.00","0.00","0.00","0.00","0.00","0.00","0.00","0.00","0.00","0.00","0.00","0.00","0.00","0.00","0.00","0.00","0.00","0.00","0.00","0.00","0.00","0.00","0.00","0.00","0.00","0.00","0.00","0.00","0.00","0.00","0.00","F",,"1","2023-01-12","2023-08-30","14:22:13","14:24:10","ADMIN","ADMIN"
"102","112.203","03",,"KANTOR PUSAT","AKUMULASI PENYUSUTAN INVENTARIS KANTOR",,"AK PENY INV KTR","112.203/KANTOR PUSAT/AK PENY INV KTR/KANTOR PUSAT","KP","110","100","112.200",,"02","Aktifitas Investasi ","Neraca","Kredit","F","F","T",,"0.00","0.00","0.00","0.00","0.00","0.00","0.00","0.00","0.00","0.00","0.00","0.00","0.00","0.00","0.00","0.00","0.00","0.00","0.00","0.00","0.00","0.00","0.00","0.00","0.00","0.00","0.00","0.00","0.00","0.00","0.00","0.00","0.00","0.00","0.00","0.00","0.00","0.00","0.00","0.00","0.00","0.00","0.00","0.00","0.00","0.00","0.00","0.00","0.00","0.00","0.00","0.00","0.00","0.00","0.00","0.00","0.00","0.00","0.00","0.00","0.00","0.00","0.00","0.00","0.00","0.00","F",,"1","2023-01-12","2023-06-12","15:09:57","19:23:32","ADMIN","ADMIN"
"103","112.204","03",,"RPC ROHIL","AKUMULASI PENYUSUTAN INVENTARIS KANTOR RPC ROHIL",,"AK PENY INV KTR","112.204/RPC ROHIL/AK PENY INV KTR/KANTOR PUSAT","KP","110","100","112.200",,"02","Aktifitas Investasi","Neraca","Kredit","F","F","T"," ","0.00","0.00","0.00","0.00","0.00","0.00","0.00","0.00","0.00","0.00","0.00","0.00","0.00","0.00","0.00","0.00","0.00","0.00","0.00","0.00","0.00","0.00","0.00","0.00","0.00","0.00","0.00","0.00","0.00","0.00","0.00","0.00","0.00","0.00","0.00","0.00","0.00","0.00","0.00","0.00","0.00","0.00","0.00","0.00","0.00","0.00","0.00","0.00","0.00","0.00","0.00","0.00","0.00","0.00","0.00","0.00","0.00","0.00","0.00","0.00","0.00","0.00","0.00","0.00","0.00","0.00","F",,"1","2023-01-12","2023-01-18","15:29:55","16:36:26","ADMIN","ADMIN"
"104","113.000","01",,"KANTOR PUSAT","NILAI BUKU ASET LAIN-LAIN",,"NILAI BUKU ASET LAIN-LAIN","113.000/KANTOR PUSAT/NILAI BUKU ASET LAIN-LAIN/KANTOR PUSAT","KP","110","100","113.000",,"02","Aktifitas Investasi","Neraca","Debet","F","F","T"," ","0.00","0.00","0.00","0.00","0.00","0.00","0.00","0.00","0.00","0.00","0.00","0.00","0.00","0.00","0.00","0.00","0.00","0.00","0.00","0.00","0.00","0.00","0.00","0.00","0.00","0.00","0.00","0.00","0.00","0.00","0.00","0.00","0.00","0.00","0.00","0.00","0.00","0.00","0.00","0.00","0.00","0.00","0.00","0.00","0.00","0.00","0.00","0.00","0.00","0.00","0.00","0.00","0.00","0.00","0.00","0.00","0.00","0.00","0.00","0.00","0.00","0.00","0.00","0.00","0.00","0.00","F",,"1","2023-01-12","2023-01-18","15:35:12","16:40:11","ADMIN","ADMIN"
"105","113.100","02",,"KANTOR PUSAT","BIAYA PRA OPERASI",,"BIAYA PRA OPERASI","113.100/KANTOR PUSAT/BIAYA PRA OPERASI/KANTOR PUSAT","KP","110","100","113.000",,"02","Aktifitas Investasi","Neraca","Debet","F","F","T"," ","0.00","0.00","0.00","0.00","0.00","0.00","0.00","0.00","0.00","0.00","0.00","0.00","0.00","0.00","0.00","0.00","0.00","0.00","0.00","0.00","0.00","0.00","0.00","0.00","0.00","0.00","0.00","0.00","0.00","0.00","0.00","0.00","0.00","0.00","0.00","0.00","0.00","0.00","0.00","0.00","0.00","0.00","0.00","0.00","0.00","0.00","0.00","0.00","0.00","0.00","0.00","0.00","0.00","0.00","0.00","0.00","0.00","0.00","0.00","0.00","0.00","0.00","0.00","0.00","0.00","0.00","F",,"1","2023-01-12","2023-01-18","15:36:46","16:40:27","ADMIN","ADMIN"
"106","113.101","03",,"KANTOR PUSAT","PEROLEHAN PRA OPERASI",,"PRA OPS","113.101/KANTOR PUSAT/PRA OPS/KANTOR PUSAT","KP","110","100","113.100",,"02","Aktifitas Investasi ","Neraca","Debet","F","F","T",,"0.00","0.00","0.00","0.00","0.00","0.00","0.00","0.00","0.00","0.00","0.00","0.00","0.00","0.00","0.00","0.00","0.00","0.00","0.00","0.00","0.00","0.00","0.00","0.00","0.00","0.00","0.00","0.00","0.00","0.00","0.00","0.00","0.00","0.00","0.00","0.00","0.00","0.00","0.00","0.00","0.00","0.00","0.00","0.00","0.00","0.00","0.00","0.00","0.00","0.00","0.00","0.00","0.00","0.00","0.00","0.00","0.00","0.00","0.00","0.00","0.00","0.00","0.00","0.00","0.00","0.00","F",,"1","2023-01-12","2023-08-07","15:48:48","16:57:27","ADMIN","ADMIN"
"107","113.102","03",,"KANTOR PUSAT","AKUMULASI AMORTISASI PRA OPERASI",,"AK AMORT PO","113.102/KANTOR PUSAT/AK AMORT PO/KANTOR PUSAT","KP","110","100","113.100",,"02","Aktifitas Investasi ","Neraca","Kredit","F","F","T",,"0.00","0.00","0.00","0.00","0.00","0.00","0.00","0.00","0.00","0.00","0.00","0.00","0.00","0.00","0.00","0.00","0.00","0.00","0.00","0.00","0.00","0.00","0.00","0.00","0.00","0.00","0.00","0.00","0.00","0.00","0.00","0.00","0.00","0.00","0.00","0.00","0.00","0.00","0.00","0.00","0.00","0.00","0.00","0.00","0.00","0.00","0.00","0.00","0.00","0.00","0.00","0.00","0.00","0.00","0.00","0.00","0.00","0.00","0.00","0.00","0.00","0.00","0.00","0.00","0.00","0.00","F",,"1","2023-01-12","2023-06-12","15:54:58","19:31:25","ADMIN","ADMIN"
"108","113.103","03",,"KANTOR PUSAT","BONUS KOMPENSASI LANGGAK",,"BNS KOMP LGK","113.103/KANTOR PUSAT/BNS KOMP LGK/KANTOR PUSAT","KP","110","100","113.100",,"02","Aktifitas Investasi ","Neraca","Debet","F","F","T",,"0.00","0.00","0.00","0.00","0.00","0.00","0.00","0.00","0.00","0.00","0.00","0.00","0.00","0.00","0.00","0.00","0.00","0.00","0.00","0.00","0.00","0.00","0.00","0.00","0.00","0.00","0.00","0.00","0.00","0.00","0.00","0.00","0.00","0.00","0.00","0.00","0.00","0.00","0.00","0.00","0.00","0.00","0.00","0.00","0.00","0.00","0.00","0.00","0.00","0.00","0.00","0.00","0.00","0.00","0.00","0.00","0.00","0.00","0.00","0.00","0.00","0.00","0.00","0.00","0.00","0.00","F",,"1","2023-01-12","2023-06-12","16:11:01","19:32:11","ADMIN","ADMIN"
"109","113.104","03",,"KANTOR PUSAT","AKUMULASI AMORTISASI BONUS KOMPENSASI LANGGAK",,"AK AMORT BKL","113.104/KANTOR PUSAT/AK AMORT BKL/KANTOR PUSAT","KP","110","100","113.100",,"02","Aktifitas Investasi ","Neraca","Kredit","F","F","T",,"0.00","0.00","0.00","0.00","0.00","0.00","0.00","0.00","0.00","0.00","0.00","0.00","0.00","0.00","0.00","0.00","0.00","0.00","0.00","0.00","0.00","0.00","0.00","0.00","0.00","0.00","0.00","0.00","0.00","0.00","0.00","0.00","0.00","0.00","0.00","0.00","0.00","0.00","0.00","0.00","0.00","0.00","0.00","0.00","0.00","0.00","0.00","0.00","0.00","0.00","0.00","0.00","0.00","0.00","0.00","0.00","0.00","0.00","0.00","0.00","0.00","0.00","0.00","0.00","0.00","0.00","F",,"1","2023-01-12","2023-06-12","16:13:57","19:33:08","ADMIN","ADMIN"
"110","113.200","02",,"KANTOR PUSAT","UANG MUKA",,"UANG MUKA","113.200/KANTOR PUSAT/UANG MUKA/KANTOR PUSAT","KP","110","100","113.000",,"02","Aktifitas Investasi","Neraca","Debet","F","F","T"," ","0.00","0.00","0.00","0.00","0.00","0.00","0.00","0.00","0.00","0.00","0.00","0.00","0.00","0.00","0.00","0.00","0.00","0.00","0.00","0.00","0.00","0.00","0.00","0.00","0.00","0.00","0.00","0.00","0.00","0.00","0.00","0.00","0.00","0.00","0.00","0.00","0.00","0.00","0.00","0.00","0.00","0.00","0.00","0.00","0.00","0.00","0.00","0.00","0.00","0.00","0.00","0.00","0.00","0.00","0.00","0.00","0.00","0.00","0.00","0.00","0.00","0.00","0.00","0.00","0.00","0.00","F",,"1","2023-01-12","2023-01-18","16:21:35","16:43:08","ADMIN","ADMIN"
"111","113.201","03",,"KANTOR PUSAT","UANG MUKA PROYEK SPAM",,"UM SPAM","113.201/KANTOR PUSAT/UM SPAM/KANTOR PUSAT","KP","110","100","113.200",,"02","Aktifitas Investasi ","Neraca","Kredit","F","F","T",,"0.00","0.00","0.00","0.00","0.00","0.00","0.00","0.00","0.00","0.00","0.00","0.00","0.00","0.00","0.00","0.00","0.00","0.00","0.00","0.00","0.00","0.00","0.00","0.00","0.00","0.00","0.00","0.00","0.00","0.00","0.00","0.00","0.00","0.00","0.00","0.00","0.00","0.00","0.00","0.00","0.00","0.00","0.00","0.00","0.00","0.00","0.00","0.00","0.00","0.00","0.00","0.00","0.00","0.00","0.00","0.00","0.00","0.00","0.00","0.00","0.00","0.00","0.00","0.00","0.00","0.00","F",,"1","2023-01-12","2023-06-12","16:23:26","19:11:57","ADMIN","ADMIN"
"112","114.000","01",,"KANTOR PUSAT","ASET ATAS PERNYATAAN PENGAMPUNAN PAJAK",,"ASET TAX AMNESTY","114.000/KANTOR PUSAT/ASET TAX AMNESTY/KANTOR PUSAT","KP","110","100","114.000",,"02","Aktifitas Investasi","Neraca","Debet","F","F","T"," ","0.00","0.00","0.00","0.00","0.00","0.00","0.00","0.00","0.00","0.00","0.00","0.00","0.00","0.00","0.00","0.00","0.00","0.00","0.00","0.00","0.00","0.00","0.00","0.00","0.00","0.00","0.00","0.00","0.00","0.00","0.00","0.00","0.00","0.00","0.00","0.00","0.00","0.00","0.00","0.00","0.00","0.00","0.00","0.00","0.00","0.00","0.00","0.00","0.00","0.00","0.00","0.00","0.00","0.00","0.00","0.00","0.00","0.00","0.00","0.00","0.00","0.00","0.00","0.00","0.00","0.00","F",,"1","2023-01-12","2023-01-18","16:33:04","16:44:06","ADMIN","ADMIN"
"113","114.100","03",,"KANTOR PUSAT","KENDARAAN",,"KENDARAAN","114.100/KANTOR PUSAT/KENDARAAN/KANTOR PUSAT","KP","110","100","114.000",,"02","Aktifitas Investasi ","Neraca","Debet","F","F","T",,"0.00","0.00","0.00","0.00","0.00","0.00","0.00","0.00","0.00","0.00","0.00","0.00","0.00","0.00","0.00","0.00","0.00","0.00","0.00","0.00","0.00","0.00","0.00","0.00","0.00","0.00","0.00","0.00","0.00","0.00","0.00","0.00","0.00","0.00","0.00","0.00","0.00","0.00","0.00","0.00","0.00","0.00","0.00","0.00","0.00","0.00","0.00","0.00","0.00","0.00","0.00","0.00","0.00","0.00","0.00","0.00","0.00","0.00","0.00","0.00","0.00","0.00","0.00","0.00","0.00","0.00","F",,"1","2023-01-12","2023-06-12","16:34:34","19:36:45","ADMIN","ADMIN"
"114","114.200","03",,"KANTOR PUSAT","INVENTARIS KANTOR",,"INV KANTOR","114.200/KANTOR PUSAT/INV KANTOR/KANTOR PUSAT","KP","110","100","114.000",,"02","Aktifitas Investasi ","Neraca","Debet","F","F","T",,"0.00","0.00","0.00","0.00","0.00","0.00","0.00","0.00","0.00","0.00","0.00","0.00","0.00","0.00","0.00","0.00","0.00","0.00","0.00","0.00","0.00","0.00","0.00","0.00","0.00","0.00","0.00","0.00","0.00","0.00","0.00","0.00","0.00","0.00","0.00","0.00","0.00","0.00","0.00","0.00","0.00","0.00","0.00","0.00","0.00","0.00","0.00","0.00","0.00","0.00","0.00","0.00","0.00","0.00","0.00","0.00","0.00","0.00","0.00","0.00","0.00","0.00","0.00","0.00","0.00","0.00","F",,"1","2023-01-12","2023-06-12","16:35:43","19:37:32","ADMIN","ADMIN"
"115","114.300","03",,"KANTOR PUSAT","AKUMULASI PENYUSUTAN ASET TAX AMNESTY",,"AK PENY ASET TA","114.300/KANTOR PUSAT/AK PENY ASET TA/KANTOR PUSAT","KP","110","100","114.000",,"02","Aktifitas Investasi ","Neraca","Kredit","F","F","T",,"0.00","0.00","0.00","0.00","0.00","0.00","0.00","0.00","0.00","0.00","0.00","0.00","0.00","0.00","0.00","0.00","0.00","0.00","0.00","0.00","0.00","0.00","0.00","0.00","0.00","0.00","0.00","0.00","0.00","0.00","0.00","0.00","0.00","0.00","0.00","0.00","0.00","0.00","0.00","0.00","0.00","0.00","0.00","0.00","0.00","0.00","0.00","0.00","0.00","0.00","0.00","0.00","0.00","0.00","0.00","0.00","0.00","0.00","0.00","0.00","0.00","0.00","0.00","0.00","0.00","0.00","F",,"1","2023-01-12","2023-06-12","16:36:59","19:42:45","ADMIN","ADMIN"
"116","115.000","01",,"KANTOR PUSAT","BIAYA YANG DITANGGUHKAN",,"BY BUNGA PEMBIAYAAN KEND","115.000/KANTOR PUSAT/BY BUNGA PEMBIAYAAN KEND/KANTOR PUSAT","KP","110","100","115.000",,"01","Aktifitas Operasi   ","Neraca","Debet","F","F","T"," ","0.00","0.00","0.00","0.00","0.00","0.00","0.00","0.00","0.00","0.00","0.00","0.00","0.00","0.00","0.00","0.00","0.00","0.00","0.00","0.00","0.00","0.00","0.00","0.00","0.00","0.00","0.00","0.00","0.00","0.00","0.00","0.00","0.00","0.00","0.00","0.00","0.00","0.00","0.00","0.00","0.00","0.00","0.00","0.00","0.00","0.00","0.00","0.00","0.00","0.00","0.00","0.00","0.00","0.00","0.00","0.00","0.00","0.00","0.00","0.00","0.00","0.00","0.00","0.00","0.00","0.00","F",,"1","2023-01-12","2023-01-12","16:54:58","16:54:58","ADMIN","ADMIN"
"117","115.100","03",,"KANTOR PUSAT","BIAYA BUNGA XENIA",,"XENIA","115.100/KANTOR PUSAT/XENIA/KANTOR PUSAT","KP","110","100","115.000",,"01","Aktifitas Operasi   ","Neraca","Debet","F","F","T",,"0.00","0.00","0.00","0.00","0.00","0.00","0.00","0.00","0.00","0.00","0.00","0.00","0.00","0.00","0.00","0.00","0.00","0.00","0.00","0.00","0.00","0.00","0.00","0.00","0.00","0.00","0.00","0.00","0.00","0.00","0.00","0.00","0.00","0.00","0.00","0.00","0.00","0.00","0.00","0.00","0.00","0.00","0.00","0.00","0.00","0.00","0.00","0.00","0.00","0.00","0.00","0.00","0.00","0.00","0.00","0.00","0.00","0.00","0.00","0.00","0.00","0.00","0.00","0.00","0.00","0.00","F",,"1","2023-01-12","2023-06-12","17:10:22","19:34:05","ADMIN","ADMIN"
"118","115.200","03",,"KANTOR PUSAT","BIAYA BUNGA INNOVA",,"INNOVA","115.200/KANTOR PUSAT/INNOVA/KANTOR PUSAT","KP","110","100","115.000",,"01","Aktifitas Operasi   ","Neraca","Debet","F","F","T",,"0.00","0.00","0.00","0.00","0.00","0.00","0.00","0.00","0.00","0.00","0.00","0.00","0.00","0.00","0.00","0.00","0.00","0.00","0.00","0.00","0.00","0.00","0.00","0.00","0.00","0.00","0.00","0.00","0.00","0.00","0.00","0.00","0.00","0.00","0.00","0.00","0.00","0.00","0.00","0.00","0.00","0.00","0.00","0.00","0.00","0.00","0.00","0.00","0.00","0.00","0.00","0.00","0.00","0.00","0.00","0.00","0.00","0.00","0.00","0.00","0.00","0.00","0.00","0.00","0.00","0.00","F",,"1","2023-01-12","2023-06-12","17:13:15","19:34:41","ADMIN","ADMIN"
"119","115.300","03",,"KANTOR PUSAT","BIAYA BUNGA XPANDER",,"XPANDER","115.300/KANTOR PUSAT/XPANDER/KANTOR PUSAT","KP","110","100","115.000",,"01","Aktifitas Operasi   ","Neraca","Debet","F","F","T",,"0.00","0.00","0.00","0.00","0.00","0.00","0.00","0.00","0.00","0.00","0.00","0.00","0.00","0.00","0.00","0.00","0.00","0.00","0.00","0.00","0.00","0.00","0.00","0.00","0.00","0.00","0.00","0.00","0.00","0.00","0.00","0.00","0.00","0.00","0.00","0.00","0.00","0.00","0.00","0.00","0.00","0.00","0.00","0.00","0.00","0.00","0.00","0.00","0.00","0.00","0.00","0.00","0.00","0.00","0.00","0.00","0.00","0.00","0.00","0.00","0.00","0.00","0.00","0.00","0.00","0.00","F",,"1","2023-01-12","2023-06-12","17:20:09","19:35:33","ADMIN","ADMIN"
"120","116.100","03",,"KANTOR PUSAT","AKTIVA PAJAK TANGGUHAN",,"AKTV PJK TANGGUHAN","116.100/KANTOR PUSAT/AKTV PJK TANGGUHAN/KANTOR PUSAT","KP","110","100","116.000",,"01","Aktifitas Operasi   ","Neraca","Debet","F","F","T",,"0.00","0.00","0.00","0.00","0.00","0.00","0.00","0.00","0.00","0.00","0.00","0.00","0.00","0.00","0.00","0.00","0.00","0.00","0.00","0.00","0.00","0.00","0.00","0.00","0.00","0.00","0.00","0.00","0.00","0.00","0.00","0.00","0.00","0.00","0.00","0.00","0.00","0.00","0.00","0.00","0.00","0.00","0.00","0.00","0.00","0.00","0.00","0.00","0.00","0.00","0.00","0.00","0.00","0.00","0.00","0.00","0.00","0.00","0.00","0.00","0.00","0.00","0.00","0.00","0.00","0.00","F",,"1","2023-01-12","2023-06-12","17:22:02","19:25:12","ADMIN","ADMIN"
"121","201.100","01",,"KANTOR PUSAT","PIHAK KETIGA",,"HTG USAHA PIHAK KETIGA","201.100/KANTOR PUSAT/HTG USAHA PIHAK KETIGA/KANTOR PUSAT","KP","200","200","201.000",,"01","Aktifitas Operasi","Neraca","Kredit","F","F","T"," ","0.00","0.00","0.00","0.00","0.00","0.00","0.00","0.00","0.00","0.00","0.00","0.00","0.00","0.00","0.00","0.00","0.00","0.00","0.00","0.00","0.00","0.00","0.00","0.00","0.00","0.00","0.00","0.00","0.00","0.00","0.00","0.00","0.00","0.00","0.00","0.00","0.00","0.00","0.00","0.00","0.00","0.00","0.00","0.00","0.00","0.00","0.00","0.00","0.00","0.00","0.00","0.00","0.00","0.00","0.00","0.00","0.00","0.00","0.00","0.00","0.00","0.00","0.00","0.00","0.00","0.00","F",,"1","2023-01-13","2023-01-13","10:50:47","10:50:47","ADMIN","ADMIN"
"122","201.110","03",,"KANTOR PUSAT","SEWA RUKO EX PERCETAKAN",,"SEWA RUKO","201.110/KANTOR PUSAT/SEWA RUKO/KANTOR PUSAT","KP","200","200","201.100",,"01","Aktifitas Operasi   ","Neraca","Kredit","F","F","T",,"0.00","0.00","0.00","0.00","0.00","0.00","0.00","0.00","0.00","0.00","0.00","0.00","0.00","0.00","0.00","0.00","0.00","0.00","0.00","0.00","0.00","0.00","0.00","0.00","0.00","0.00","0.00","0.00","0.00","0.00","0.00","0.00","0.00","0.00","0.00","0.00","0.00","0.00","0.00","0.00","0.00","0.00","0.00","0.00","0.00","0.00","0.00","0.00","0.00","0.00","0.00","0.00","0.00","0.00","0.00","0.00","0.00","0.00","0.00","0.00","0.00","0.00","0.00","0.00","0.00","0.00","F",,"1","2023-01-13","2023-06-12","11:14:03","19:47:02","ADMIN","ADMIN"
"123","201.120","03",,"KANTOR PUSAT","INVESTOR SPBU",,"INVESTOR SPBU","201.120/KANTOR PUSAT/INVESTOR SPBU/KANTOR PUSAT","KP","200","200","201.100",,"01","Aktifitas Operasi   ","Neraca","Kredit","F","F","T",,"0.00","0.00","0.00","0.00","0.00","0.00","0.00","0.00","0.00","0.00","0.00","0.00","0.00","0.00","0.00","0.00","0.00","0.00","0.00","0.00","0.00","0.00","0.00","0.00","0.00","0.00","0.00","0.00","0.00","0.00","0.00","0.00","0.00","0.00","0.00","0.00","0.00","0.00","0.00","0.00","0.00","0.00","0.00","0.00","0.00","0.00","0.00","0.00","0.00","0.00","0.00","0.00","0.00","0.00","0.00","0.00","0.00","0.00","0.00","0.00","0.00","0.00","0.00","0.00","0.00","0.00","F",,"1","2023-01-13","2023-06-12","11:23:10","19:47:42","ADMIN","ADMIN"
"124","201.130","03",,"KANTOR PUSAT","INSAN MANDIRI",,"INSAN MAND","201.130/KANTOR PUSAT/INSAN MAND/KANTOR PUSAT","KP","200","200","201.100",,"01","Aktifitas Operasi","Neraca","Kredit","F","F","T"," ","0.00","0.00","0.00","0.00","0.00","0.00","0.00","0.00","0.00","0.00","0.00","0.00","0.00","0.00","0.00","0.00","0.00","0.00","0.00","0.00","0.00","0.00","0.00","0.00","0.00","0.00","0.00","0.00","0.00","0.00","0.00","0.00","0.00","0.00","0.00","0.00","0.00","0.00","0.00","0.00","0.00","0.00","0.00","0.00","0.00","0.00","0.00","0.00","0.00","0.00","0.00","0.00","0.00","0.00","0.00","0.00","0.00","0.00","0.00","0.00","0.00","0.00","0.00","0.00","0.00","0.00","F",,"1","2023-01-13","2023-01-13","11:33:37","11:33:37","ADMIN","ADMIN"
"125","201.141","03",,"RPC ROHIL","HUTANG SOLAR RPC ROHIL",,"HTG SOLAR","201.141/RPC ROHIL/HTG SOLAR/KANTOR PUSAT","KP","200","200","201.100",,"01","Aktifitas Operasi   ","Neraca","Kredit","F","F","T",,"0.00","0.00","0.00","0.00","0.00","0.00","0.00","0.00","0.00","0.00","0.00","0.00","0.00","0.00","0.00","0.00","0.00","0.00","0.00","0.00","0.00","0.00","0.00","0.00","0.00","0.00","0.00","0.00","0.00","0.00","0.00","0.00","0.00","0.00","0.00","0.00","0.00","0.00","0.00","0.00","0.00","0.00","0.00","0.00","0.00","0.00","0.00","0.00","0.00","0.00","0.00","0.00","0.00","0.00","0.00","0.00","0.00","0.00","0.00","0.00","0.00","0.00","0.00","0.00","0.00","0.00","F",,"1","2023-01-13","2023-08-08","11:38:54","10:46:48","ADMIN","ADMIN"
"127","201.150","03",,"KANTOR PUSAT","IFG LIFE",,"HTG IFG LIFE","201.150/KANTOR PUSAT/HTG IFG LIFE/KANTOR PUSAT","KP","200","200","201.100",,"01","Aktifitas Operasi","Neraca","Kredit","F","F","T"," ","0.00","0.00","0.00","0.00","0.00","0.00","0.00","0.00","0.00","0.00","0.00","0.00","0.00","0.00","0.00","0.00","0.00","0.00","0.00","0.00","0.00","0.00","0.00","0.00","0.00","0.00","0.00","0.00","0.00","0.00","0.00","0.00","0.00","0.00","0.00","0.00","0.00","0.00","0.00","0.00","0.00","0.00","0.00","0.00","0.00","0.00","0.00","0.00","0.00","0.00","0.00","0.00","0.00","0.00","0.00","0.00","0.00","0.00","0.00","0.00","0.00","0.00","0.00","0.00","0.00","0.00","F",,"1","2023-01-13","2023-01-13","11:42:35","11:42:35","ADMIN","ADMIN"
"128","201.142","03",,"RPC INHIL","HUTANG SOLAR RPC INHIL",,"HTG SOLAR","201.142/RPC INHIL/HTG SOLAR/KANTOR PUSAT","KP","200","200","201.100",,"01","Aktifitas Operasi   ","Neraca","Kredit","F","F","T",,"0.00","0.00","0.00","0.00","0.00","0.00","0.00","0.00","0.00","0.00","0.00","0.00","0.00","0.00","0.00","0.00","0.00","0.00","0.00","0.00","0.00","0.00","0.00","0.00","0.00","0.00","0.00","0.00","0.00","0.00","0.00","0.00","0.00","0.00","0.00","0.00","0.00","0.00","0.00","0.00","0.00","0.00","0.00","0.00","0.00","0.00","0.00","0.00","0.00","0.00","0.00","0.00","0.00","0.00","0.00","0.00","0.00","0.00","0.00","0.00","0.00","0.00","0.00","0.00","0.00","0.00","F",,"1","2023-01-13","2023-08-08","11:49:45","12:51:59","ADMIN","ADMIN"
"129","201.160","03",,"KANTOR PUSAT","LAIN-LAIN",,"LAIN","201.160/KANTOR PUSAT/LAIN/KANTOR PUSAT","KP","200","200","201.100",,"01","Aktifitas Operasi   ","Neraca","Kredit","F","F","T",,"0.00","0.00","0.00","0.00","0.00","0.00","0.00","0.00","0.00","0.00","0.00","0.00","0.00","0.00","0.00","0.00","0.00","0.00","0.00","0.00","0.00","0.00","0.00","0.00","0.00","0.00","0.00","0.00","0.00","0.00","0.00","0.00","0.00","0.00","0.00","0.00","0.00","0.00","0.00","0.00","0.00","0.00","0.00","0.00","0.00","0.00","0.00","0.00","0.00","0.00","0.00","0.00","0.00","0.00","0.00","0.00","0.00","0.00","0.00","0.00","0.00","0.00","0.00","0.00","0.00","0.00","F",,"1","2023-01-13","2023-06-12","11:52:13","19:52:29","ADMIN","ADMIN"
"130","201.170","02",,"KANTOR PUSAT","HUTANG KONSULTAN",,"HTG KONSULTAN","201.170/KANTOR PUSAT/HTG KONSULTAN/KANTOR PUSAT","KP","200","200","201.100",,"01","Aktifitas Operasi   ","Neraca","Kredit","F","F","T"," ","0.00","0.00","0.00","0.00","0.00","0.00","0.00","0.00","0.00","0.00","0.00","0.00","0.00","0.00","0.00","0.00","0.00","0.00","0.00","0.00","0.00","0.00","0.00","0.00","0.00","0.00","0.00","0.00","0.00","0.00","0.00","0.00","0.00","0.00","0.00","0.00","0.00","0.00","0.00","0.00","0.00","0.00","0.00","0.00","0.00","0.00","0.00","0.00","0.00","0.00","0.00","0.00","0.00","0.00","0.00","0.00","0.00","0.00","0.00","0.00","0.00","0.00","0.00","0.00","0.00","0.00","F",,"1","2023-01-13","2023-01-13","12:08:22","12:08:22","ADMIN","ADMIN"
"131","201.171","03",,"KANTOR PUSAT","LAW FIRM ACS",,"ACS","201.171/KANTOR PUSAT/ACS/KANTOR PUSAT","KP","200","200","201.100",,"01","Aktifitas Operasi   ","Neraca","Kredit","F","F","T",,"0.00","0.00","0.00","0.00","0.00","0.00","0.00","0.00","0.00","0.00","0.00","0.00","0.00","0.00","0.00","0.00","0.00","0.00","0.00","0.00","0.00","0.00","0.00","0.00","0.00","0.00","0.00","0.00","0.00","0.00","0.00","0.00","0.00","0.00","0.00","0.00","0.00","0.00","0.00","0.00","0.00","0.00","0.00","0.00","0.00","0.00","0.00","0.00","0.00","0.00","0.00","0.00","0.00","0.00","0.00","0.00","0.00","0.00","0.00","0.00","0.00","0.00","0.00","0.00","0.00","0.00","F",,"1","2023-01-13","2023-06-12","13:21:57","19:55:06","ADMIN","ADMIN"
"132","201.172","03",,"KANTOR PUSAT","AKTUARIA",,"AKTUARIA","201.172/KANTOR PUSAT/AKTUARIA/KANTOR PUSAT","KP","200","200","201.100",,"01","Aktifitas Operasi   ","Neraca","Kredit","F","F","T"," ","0.00","0.00","0.00","0.00","0.00","0.00","0.00","0.00","0.00","0.00","0.00","0.00","0.00","0.00","0.00","0.00","0.00","0.00","0.00","0.00","0.00","0.00","0.00","0.00","0.00","0.00","0.00","0.00","0.00","0.00","0.00","0.00","0.00","0.00","0.00","0.00","0.00","0.00","0.00","0.00","0.00","0.00","0.00","0.00","0.00","0.00","0.00","0.00","0.00","0.00","0.00","0.00","0.00","0.00","0.00","0.00","0.00","0.00","0.00","0.00","0.00","0.00","0.00","0.00","0.00","0.00","F",,"1","2023-01-13","2023-01-13","13:35:16","13:35:16","ADMIN","ADMIN"
"133","201.173","03",,"KANTOR PUSAT","KONSULTAN HUKUM ZULKARNAEN NOERDIN",,"ZULKARNAEN","201.173/KANTOR PUSAT/ZULKARNAEN/KANTOR PUSAT","KP","200","200","201.100",,"01","Aktifitas Operasi   ","Neraca","Kredit","F","F","T",,"0.00","0.00","0.00","0.00","0.00","0.00","0.00","0.00","0.00","0.00","0.00","0.00","0.00","0.00","0.00","0.00","0.00","0.00","0.00","0.00","0.00","0.00","0.00","0.00","0.00","0.00","0.00","0.00","0.00","0.00","0.00","0.00","0.00","0.00","0.00","0.00","0.00","0.00","0.00","0.00","0.00","0.00","0.00","0.00","0.00","0.00","0.00","0.00","0.00","0.00","0.00","0.00","0.00","0.00","0.00","0.00","0.00","0.00","0.00","0.00","0.00","0.00","0.00","0.00","0.00","0.00","F",,"1","2023-01-13","2023-06-12","13:36:32","19:56:09","ADMIN","ADMIN"
"134","201.174","03",,"KANTOR PUSAT","NOTARIS VICTOR YONATHAN",,"NOTARIS VICTOR","201.174/KANTOR PUSAT/NOTARIS VICTOR/KANTOR PUSAT","KP","200","200","201.100",,"01","Aktifitas Operasi","Neraca","Kredit","F","F","T"," ","0.00","0.00","0.00","0.00","0.00","0.00","0.00","0.00","0.00","0.00","0.00","0.00","0.00","0.00","0.00","0.00","0.00","0.00","0.00","0.00","0.00","0.00","0.00","0.00","0.00","0.00","0.00","0.00","0.00","0.00","0.00","0.00","0.00","0.00","0.00","0.00","0.00","0.00","0.00","0.00","0.00","0.00","0.00","0.00","0.00","0.00","0.00","0.00","0.00","0.00","0.00","0.00","0.00","0.00","0.00","0.00","0.00","0.00","0.00","0.00","0.00","0.00","0.00","0.00","0.00","0.00","F",,"1","2023-01-13","2023-01-13","15:10:01","15:10:01","ADMIN","ADMIN"
"135","201.175","03",,"KANTOR PUSAT","KONSULTAN LAINNYA",,"KONSL LAIN","201.175/KANTOR PUSAT/KONSL LAIN/KANTOR PUSAT","KP","200","200","201.100",,"01","Aktifitas Operasi   ","Neraca","Kredit","F","F","T",,"0.00","0.00","0.00","0.00","0.00","0.00","0.00","0.00","0.00","0.00","0.00","0.00","0.00","0.00","0.00","0.00","0.00","0.00","0.00","0.00","0.00","0.00","0.00","0.00","0.00","0.00","0.00","0.00","0.00","0.00","0.00","0.00","0.00","0.00","0.00","0.00","0.00","0.00","0.00","0.00","0.00","0.00","0.00","0.00","0.00","0.00","0.00","0.00","0.00","0.00","0.00","0.00","0.00","0.00","0.00","0.00","0.00","0.00","0.00","0.00","0.00","0.00","0.00","0.00","0.00","0.00","F",,"1","2023-01-13","2023-08-30","15:09:19","14:46:42","ADMIN","ADMIN"
"136","201.200","01",,"KANTOR PUSAT","HUTANG AFILIASI",,"HTG AFILIASI","201.200/KANTOR PUSAT/HTG AFILIASI/KANTOR PUSAT","KP","200","200","201.000",,"01","Aktifitas Operasi   ","Neraca","Kredit","F","F","T"," ","0.00","0.00","0.00","0.00","0.00","0.00","0.00","0.00","0.00","0.00","0.00","0.00","0.00","0.00","0.00","0.00","0.00","0.00","0.00","0.00","0.00","0.00","0.00","0.00","0.00","0.00","0.00","0.00","0.00","0.00","0.00","0.00","0.00","0.00","0.00","0.00","0.00","0.00","0.00","0.00","0.00","0.00","0.00","0.00","0.00","0.00","0.00","0.00","0.00","0.00","0.00","0.00","0.00","0.00","0.00","0.00","0.00","0.00","0.00","0.00","0.00","0.00","0.00","0.00","0.00","0.00","F",,"1","2023-01-13","2023-01-13","15:12:46","15:12:46","ADMIN","ADMIN"
"137","201.210","03",,"KANTOR PUSAT","HUTANG PT SPR TRADA",,"HTG TRADA","201.210/KANTOR PUSAT/HTG TRADA/KANTOR PUSAT","KP","200","200","201.200",,"01","Aktifitas Operasi   ","Neraca","Kredit","F","F","T",,"0.00","0.00","0.00","0.00","0.00","0.00","0.00","0.00","0.00","0.00","0.00","0.00","0.00","0.00","0.00","0.00","0.00","0.00","0.00","0.00","0.00","0.00","0.00","0.00","0.00","0.00","0.00","0.00","0.00","0.00","0.00","0.00","0.00","0.00","0.00","0.00","0.00","0.00","0.00","0.00","0.00","0.00","0.00","0.00","0.00","0.00","0.00","0.00","0.00","0.00","0.00","0.00","0.00","0.00","0.00","0.00","0.00","0.00","0.00","0.00","0.00","0.00","0.00","0.00","0.00","0.00","F",,"1","2023-01-13","2023-06-12","15:14:21","19:57:48","ADMIN","ADMIN"
"138","201.221","03",,"KANTOR PUSAT","HUTANG CASHCALL PT SPR LANGGAK",,"HTG CASHCALL  SPRL","201.221/KANTOR PUSAT/HTG CASHCALL  SPRL/KANTOR PUSAT","KP","200","200","201.220",,"01","Aktifitas Operasi   ","Neraca","Kredit","F","F","T",,"0.00","0.00","0.00","0.00","0.00","0.00","0.00","0.00","0.00","0.00","0.00","0.00","0.00","0.00","0.00","0.00","0.00","0.00","0.00","0.00","0.00","0.00","0.00","0.00","0.00","0.00","0.00","0.00","0.00","0.00","0.00","0.00","0.00","0.00","0.00","0.00","0.00","0.00","0.00","0.00","0.00","0.00","0.00","0.00","0.00","0.00","0.00","0.00","0.00","0.00","0.00","0.00","0.00","0.00","0.00","0.00","0.00","0.00","0.00","0.00","0.00","0.00","0.00","0.00","0.00","0.00","F",,"1","2023-01-13","2023-06-14","15:19:05","09:27:31","ADMIN","ADMIN"
"139","201.222","03",,"KANTOR PUSAT","HUTANG LAIN PT SPR LANGGAK",,"HTG LAIN SPRL","201.222/KANTOR PUSAT/HTG LAIN SPRL/KANTOR PUSAT","KP","200","200","201.220",,"01","Aktifitas Operasi   ","Neraca","Kredit","F","F","T",,"0.00","0.00","0.00","0.00","0.00","0.00","0.00","0.00","0.00","0.00","0.00","0.00","0.00","0.00","0.00","0.00","0.00","0.00","0.00","0.00","0.00","0.00","0.00","0.00","0.00","0.00","0.00","0.00","0.00","0.00","0.00","0.00","0.00","0.00","0.00","0.00","0.00","0.00","0.00","0.00","0.00","0.00","0.00","0.00","0.00","0.00","0.00","0.00","0.00","0.00","0.00","0.00","0.00","0.00","0.00","0.00","0.00","0.00","0.00","0.00","0.00","0.00","0.00","0.00","0.00","0.00","F",,"1","2023-01-13","2023-06-12","15:19:47","20:11:16","ADMIN","ADMIN"
"140","201.220","02",,"KANTOR PUSAT","HUTANG PT SPR LANGGAK",,"HTG PT SPR LANGGAK","201.220/KANTOR PUSAT/HTG PT SPR LANGGAK/KANTOR PUSAT","KP","200","200","201.200",,"01","Aktifitas Operasi   ","Neraca","Kredit","F","F","T"," ","0.00","0.00","0.00","0.00","0.00","0.00","0.00","0.00","0.00","0.00","0.00","0.00","0.00","0.00","0.00","0.00","0.00","0.00","0.00","0.00","0.00","0.00","0.00","0.00","0.00","0.00","0.00","0.00","0.00","0.00","0.00","0.00","0.00","0.00","0.00","0.00","0.00","0.00","0.00","0.00","0.00","0.00","0.00","0.00","0.00","0.00","0.00","0.00","0.00","0.00","0.00","0.00","0.00","0.00","0.00","0.00","0.00","0.00","0.00","0.00","0.00","0.00","0.00","0.00","0.00","0.00","F",,"1","2023-01-13","2023-01-13","15:26:36","15:26:36","ADMIN","ADMIN"
"141","201.230","03",,"KANTOR PUSAT","HUTANG PT SPR CIPTA LESTARI",,"HTG  SPR CL","201.230/KANTOR PUSAT/HTG  SPR CL/KANTOR PUSAT","KP","200","200","201.200",,"01","Aktifitas Operasi   ","Neraca","Kredit","F","F","T",,"0.00","0.00","0.00","0.00","0.00","0.00","0.00","0.00","0.00","0.00","0.00","0.00","0.00","0.00","0.00","0.00","0.00","0.00","0.00","0.00","0.00","0.00","0.00","0.00","0.00","0.00","0.00","0.00","0.00","0.00","0.00","0.00","0.00","0.00","0.00","0.00","0.00","0.00","0.00","0.00","0.00","0.00","0.00","0.00","0.00","0.00","0.00","0.00","0.00","0.00","0.00","0.00","0.00","0.00","0.00","0.00","0.00","0.00","0.00","0.00","0.00","0.00","0.00","0.00","0.00","0.00","F",,"1","2023-01-13","2023-08-28","15:29:26","18:07:45","ADMIN","ADMIN"
"142","202.000","01",,"KANTOR PUSAT","HUTANG LAIN-LAIN",,"HTG LAIN-LAIN","202.000/KANTOR PUSAT/HTG LAIN-LAIN/KANTOR PUSAT","KP","200","200","202.000",,"01","Aktifitas Operasi   ","Neraca","Kredit","F","F","T"," ","0.00","0.00","0.00","0.00","0.00","0.00","0.00","0.00","0.00","0.00","0.00","0.00","0.00","0.00","0.00","0.00","0.00","0.00","0.00","0.00","0.00","0.00","0.00","0.00","0.00","0.00","0.00","0.00","0.00","0.00","0.00","0.00","0.00","0.00","0.00","0.00","0.00","0.00","0.00","0.00","0.00","0.00","0.00","0.00","0.00","0.00","0.00","0.00","0.00","0.00","0.00","0.00","0.00","0.00","0.00","0.00","0.00","0.00","0.00","0.00","0.00","0.00","0.00","0.00","0.00","0.00","F",,"1","2023-01-13","2023-01-13","15:30:46","15:30:46","ADMIN","ADMIN"
"143","202.100","03",,"KANTOR PUSAT","PEMERINTAH PROVINSI RIAU",,"PEMPROV RIAU","202.100/KANTOR PUSAT/PEMPROV RIAU/KANTOR PUSAT","KP","200","200","202.000",,"03","Aktifitas Pendanaan","Neraca","Kredit","F","F","T"," ","0.00","0.00","0.00","0.00","0.00","0.00","0.00","0.00","0.00","0.00","0.00","0.00","0.00","0.00","0.00","0.00","0.00","0.00","0.00","0.00","0.00","0.00","0.00","0.00","0.00","0.00","0.00","0.00","0.00","0.00","0.00","0.00","0.00","0.00","0.00","0.00","0.00","0.00","0.00","0.00","0.00","0.00","0.00","0.00","0.00","0.00","0.00","0.00","0.00","0.00","0.00","0.00","0.00","0.00","0.00","0.00","0.00","0.00","0.00","0.00","0.00","0.00","0.00","0.00","0.00","0.00","F",,"1","2023-01-13","2023-01-18","15:31:57","17:06:38","ADMIN","ADMIN"
"144","202.200","03",,"KANTOR PUSAT","HUTANG LAIN-LAIN",,"HTG LAIN","202.200/KANTOR PUSAT/HTG LAIN/KANTOR PUSAT","KP","200","200","202.000",,"01","Aktifitas Operasi   ","Neraca","Kredit","F","F","T"," ","0.00","0.00","0.00","0.00","0.00","0.00","0.00","0.00","0.00","0.00","0.00","0.00","0.00","0.00","0.00","0.00","0.00","0.00","0.00","0.00","0.00","0.00","0.00","0.00","0.00","0.00","0.00","0.00","0.00","0.00","0.00","0.00","0.00","0.00","0.00","0.00","0.00","0.00","0.00","0.00","0.00","0.00","0.00","0.00","0.00","0.00","0.00","0.00","0.00","0.00","0.00","0.00","0.00","0.00","0.00","0.00","0.00","0.00","0.00","0.00","0.00","0.00","0.00","0.00","0.00","0.00","F",,"1","2023-01-13","2023-01-13","15:32:51","15:32:51","ADMIN","ADMIN"
"145","203.000","01",,"KANTOR PUSAT","BIAYA YANG MASIH HARUS DIBAYAR",,"BIAYA YG MSH HRS DIBAYAR","203.000/KANTOR PUSAT/BIAYA YG MSH HRS DIBAYAR/KANTOR PUSAT","KP","200","200","203.000",,"01","Aktifitas Operasi   ","Neraca","Kredit","F","F","T"," ","0.00","0.00","0.00","0.00","0.00","0.00","0.00","0.00","0.00","0.00","0.00","0.00","0.00","0.00","0.00","0.00","0.00","0.00","0.00","0.00","0.00","0.00","0.00","0.00","0.00","0.00","0.00","0.00","0.00","0.00","0.00","0.00","0.00","0.00","0.00","0.00","0.00","0.00","0.00","0.00","0.00","0.00","0.00","0.00","0.00","0.00","0.00","0.00","0.00","0.00","0.00","0.00","0.00","0.00","0.00","0.00","0.00","0.00","0.00","0.00","0.00","0.00","0.00","0.00","0.00","0.00","F",,"1","2023-01-13","2023-01-13","15:35:07","15:35:07","ADMIN","ADMIN"
"146","203.001","03",,"KANTOR PUSAT","LISTRIK",,"LISTRIK","203.001/KANTOR PUSAT/LISTRIK/KANTOR PUSAT","KP","200","200","203.000",,"01","Aktifitas Operasi   ","Neraca","Kredit","F","F","T",,"0.00","0.00","0.00","0.00","0.00","0.00","0.00","0.00","0.00","0.00","0.00","0.00","0.00","0.00","0.00","0.00","0.00","0.00","0.00","0.00","0.00","0.00","0.00","0.00","0.00","0.00","0.00","0.00","0.00","0.00","0.00","0.00","0.00","0.00","0.00","0.00","0.00","0.00","0.00","0.00","0.00","0.00","0.00","0.00","0.00","0.00","0.00","0.00","0.00","0.00","0.00","0.00","0.00","0.00","0.00","0.00","0.00","0.00","0.00","0.00","0.00","0.00","0.00","0.00","0.00","0.00","F",,"1","2023-01-13","2023-06-12","15:36:08","20:32:13","ADMIN","ADMIN"
"147","203.002","03",,"KANTOR PUSAT","TELEPON & INTERNET",,"TELEPON & INTERNET","203.002/KANTOR PUSAT/TELEPON & INTERNET/KANTOR PUSAT","KP","200","200","203.000",,"01","Aktifitas Operasi   ","Neraca","Kredit","F","F","T",,"0.00","0.00","0.00","0.00","0.00","0.00","0.00","0.00","0.00","0.00","0.00","0.00","0.00","0.00","0.00","0.00","0.00","0.00","0.00","0.00","0.00","0.00","0.00","0.00","0.00","0.00","0.00","0.00","0.00","0.00","0.00","0.00","0.00","0.00","0.00","0.00","0.00","0.00","0.00","0.00","0.00","0.00","0.00","0.00","0.00","0.00","0.00","0.00","0.00","0.00","0.00","0.00","0.00","0.00","0.00","0.00","0.00","0.00","0.00","0.00","0.00","0.00","0.00","0.00","0.00","0.00","F",,"1","2023-01-13","2023-06-12","15:37:16","20:33:25","ADMIN","ADMIN"
"148","203.003","03",,"KANTOR PUSAT","GAJI KARYAWAN",,"GAJI KARY","203.003/KANTOR PUSAT/GAJI KARY/KANTOR PUSAT","KP","200","200","203.000",,"01","Aktifitas Operasi   ","Neraca","Kredit","F","F","T",,"0.00","0.00","0.00","0.00","0.00","0.00","0.00","0.00","0.00","0.00","0.00","0.00","0.00","0.00","0.00","0.00","0.00","0.00","0.00","0.00","0.00","0.00","0.00","0.00","0.00","0.00","0.00","0.00","0.00","0.00","0.00","0.00","0.00","0.00","0.00","0.00","0.00","0.00","0.00","0.00","0.00","0.00","0.00","0.00","0.00","0.00","0.00","0.00","0.00","0.00","0.00","0.00","0.00","0.00","0.00","0.00","0.00","0.00","0.00","0.00","0.00","0.00","0.00","0.00","0.00","0.00","F",,"1","2023-01-13","2023-06-12","15:39:17","20:33:59","ADMIN","ADMIN"
"149","203.004","03",,"KANTOR PUSAT","BIAYA PERJALANAN DINAS",,"SPPD","203.004/KANTOR PUSAT/SPPD/KANTOR PUSAT","KP","200","200","203.000",,"01","Aktifitas Operasi   ","Neraca","Kredit","F","F","T",,"0.00","0.00","0.00","0.00","0.00","0.00","0.00","0.00","0.00","0.00","0.00","0.00","0.00","0.00","0.00","0.00","0.00","0.00","0.00","0.00","0.00","0.00","0.00","0.00","0.00","0.00","0.00","0.00","0.00","0.00","0.00","0.00","0.00","0.00","0.00","0.00","0.00","0.00","0.00","0.00","0.00","0.00","0.00","0.00","0.00","0.00","0.00","0.00","0.00","0.00","0.00","0.00","0.00","0.00","0.00","0.00","0.00","0.00","0.00","0.00","0.00","0.00","0.00","0.00","0.00","0.00","F",,"1","2023-01-13","2023-06-12","15:40:19","20:34:52","ADMIN","ADMIN"
"150","203.005","03",,"KANTOR PUSAT","SEWA",,"SEWA","203.005/KANTOR PUSAT/SEWA/KANTOR PUSAT","KP","200","200","203.000",,"01","Aktifitas Operasi   ","Neraca","Kredit","F","F","T"," ","0.00","0.00","0.00","0.00","0.00","0.00","0.00","0.00","0.00","0.00","0.00","0.00","0.00","0.00","0.00","0.00","0.00","0.00","0.00","0.00","0.00","0.00","0.00","0.00","0.00","0.00","0.00","0.00","0.00","0.00","0.00","0.00","0.00","0.00","0.00","0.00","0.00","0.00","0.00","0.00","0.00","0.00","0.00","0.00","0.00","0.00","0.00","0.00","0.00","0.00","0.00","0.00","0.00","0.00","0.00","0.00","0.00","0.00","0.00","0.00","0.00","0.00","0.00","0.00","0.00","0.00","F",,"1","2023-01-13","2023-01-13","15:41:08","15:41:08","ADMIN","ADMIN"
"151","203.006","03",,"KANTOR PUSAT","BPJS TENAGA KERJA",,"BPJS TK","203.006/KANTOR PUSAT/ASURANSI/KANTOR PUSAT","KP","200","200","203.000",,"01","Aktifitas Operasi   ","Neraca","Kredit","F","F","T"," ","0.00","0.00","0.00","0.00","0.00","0.00","0.00","0.00","0.00","0.00","0.00","0.00","0.00","0.00","0.00","0.00","0.00","0.00","0.00","0.00","0.00","0.00","0.00","0.00","0.00","0.00","0.00","0.00","0.00","0.00","0.00","0.00","0.00","0.00","0.00","0.00","0.00","0.00","0.00","0.00","0.00","0.00","0.00","0.00","0.00","0.00","0.00","0.00","0.00","0.00","0.00","0.00","0.00","0.00","0.00","0.00","0.00","0.00","0.00","0.00","0.00","0.00","0.00","0.00","0.00","0.00","F",,"1","2023-01-13","2023-01-13","15:42:53","15:44:13","ADMIN","ADMIN"
"152","203.007","03",,"KANTOR PUSAT","BPJS KESEHATAN",,"BPJS KESEHATAN","203.007/KANTOR PUSAT/BPJS KESEHATAN/KANTOR PUSAT","KP","200","200","203.000",,"01","Aktifitas Operasi   ","Neraca","Kredit","F","F","T"," ","0.00","0.00","0.00","0.00","0.00","0.00","0.00","0.00","0.00","0.00","0.00","0.00","0.00","0.00","0.00","0.00","0.00","0.00","0.00","0.00","0.00","0.00","0.00","0.00","0.00","0.00","0.00","0.00","0.00","0.00","0.00","0.00","0.00","0.00","0.00","0.00","0.00","0.00","0.00","0.00","0.00","0.00","0.00","0.00","0.00","0.00","0.00","0.00","0.00","0.00","0.00","0.00","0.00","0.00","0.00","0.00","0.00","0.00","0.00","0.00","0.00","0.00","0.00","0.00","0.00","0.00","F",,"1","2023-01-13","2023-01-13","15:46:19","15:46:19","ADMIN","ADMIN"
"153","203.008","03",,"KANTOR PUSAT","ZAKAT",,"ZAKAT","203.008/KANTOR PUSAT/ZAKAT/KANTOR PUSAT","KP","200","200","203.000",,"01","Aktifitas Operasi   ","Neraca","Kredit","F","F","T",,"0.00","0.00","0.00","0.00","0.00","0.00","0.00","0.00","0.00","0.00","0.00","0.00","0.00","0.00","0.00","0.00","0.00","0.00","0.00","0.00","0.00","0.00","0.00","0.00","0.00","0.00","0.00","0.00","0.00","0.00","0.00","0.00","0.00","0.00","0.00","0.00","0.00","0.00","0.00","0.00","0.00","0.00","0.00","0.00","0.00","0.00","0.00","0.00","0.00","0.00","0.00","0.00","0.00","0.00","0.00","0.00","0.00","0.00","0.00","0.00","0.00","0.00","0.00","0.00","0.00","0.00","F",,"1","2023-01-13","2023-06-12","15:46:58","20:35:43","ADMIN","ADMIN"
"154","203.009","03",,"KANTOR PUSAT","BIAYA LAIN YANG MASIH HARUS DIBAYAR",,"LAIN","203.009/KANTOR PUSAT/LAIN/KANTOR PUSAT","KP","200","200","203.000",,"01","Aktifitas Operasi   ","Neraca","Kredit","F","F","T",,"0.00","0.00","0.00","0.00","0.00","0.00","0.00","0.00","0.00","0.00","0.00","0.00","0.00","0.00","0.00","0.00","0.00","0.00","0.00","0.00","0.00","0.00","0.00","0.00","0.00","0.00","0.00","0.00","0.00","0.00","0.00","0.00","0.00","0.00","0.00","0.00","0.00","0.00","0.00","0.00","0.00","0.00","0.00","0.00","0.00","0.00","0.00","0.00","0.00","0.00","0.00","0.00","0.00","0.00","0.00","0.00","0.00","0.00","0.00","0.00","0.00","0.00","0.00","0.00","0.00","0.00","F",,"1","2023-01-13","2023-06-12","15:47:51","20:37:29","ADMIN","ADMIN"
"155","204.000","01",,"KANTOR PUSAT","HUTANG PAJAK",,"HTG PAJAK","204.000/KANTOR PUSAT/HTG PAJAK/KANTOR PUSAT","KP","200","200","204.000",,"01","Aktifitas Operasi   ","Neraca","Kredit","F","F","T"," ","0.00","0.00","0.00","0.00","0.00","0.00","0.00","0.00","0.00","0.00","0.00","0.00","0.00","0.00","0.00","0.00","0.00","0.00","0.00","0.00","0.00","0.00","0.00","0.00","0.00","0.00","0.00","0.00","0.00","0.00","0.00","0.00","0.00","0.00","0.00","0.00","0.00","0.00","0.00","0.00","0.00","0.00","0.00","0.00","0.00","0.00","0.00","0.00","0.00","0.00","0.00","0.00","0.00","0.00","0.00","0.00","0.00","0.00","0.00","0.00","0.00","0.00","0.00","0.00","0.00","0.00","F",,"1","2023-01-13","2023-01-13","16:00:53","16:00:53","ADMIN","ADMIN"
"156","204.001","03",,"KANTOR PUSAT","HUTANG PPN",,"PPN","204.001/KANTOR PUSAT/PPN/KANTOR PUSAT","KP","200","200","204.000",,"01","Aktifitas Operasi   ","Neraca","Kredit","F","F","T",,"0.00","0.00","0.00","0.00","0.00","0.00","0.00","0.00","0.00","0.00","0.00","0.00","0.00","0.00","0.00","0.00","0.00","0.00","0.00","0.00","0.00","0.00","0.00","0.00","0.00","0.00","0.00","0.00","0.00","0.00","0.00","0.00","0.00","0.00","0.00","0.00","0.00","0.00","0.00","0.00","0.00","0.00","0.00","0.00","0.00","0.00","0.00","0.00","0.00","0.00","0.00","0.00","0.00","0.00","0.00","0.00","0.00","0.00","0.00","0.00","0.00","0.00","0.00","0.00","0.00","0.00","F",,"1","2023-01-13","2023-06-12","16:02:07","20:38:40","ADMIN","ADMIN"
"157","204.002","03",,"KANTOR PUSAT","HUTANG PPH 21",,"PPH 21","204.002/KANTOR PUSAT/PPH 21/KANTOR PUSAT","KP","200","200","204.000",,"01","Aktifitas Operasi   ","Neraca","Kredit","F","F","T",,"0.00","0.00","0.00","0.00","0.00","0.00","0.00","0.00","0.00","0.00","0.00","0.00","0.00","0.00","0.00","0.00","0.00","0.00","0.00","0.00","0.00","0.00","0.00","0.00","0.00","0.00","0.00","0.00","0.00","0.00","0.00","0.00","0.00","0.00","0.00","0.00","0.00","0.00","0.00","0.00","0.00","0.00","0.00","0.00","0.00","0.00","0.00","0.00","0.00","0.00","0.00","0.00","0.00","0.00","0.00","0.00","0.00","0.00","0.00","0.00","0.00","0.00","0.00","0.00","0.00","0.00","F",,"1","2023-01-13","2023-08-07","16:03:04","16:43:55","ADMIN","ADMIN"
"158","204.003","03",,"KANTOR PUSAT","HUTANG PPH 23",,"PPH 23","204.003/KANTOR PUSAT/PPH 23/KANTOR PUSAT","KP","200","200","204.000",,"01","Aktifitas Operasi   ","Neraca","Kredit","F","F","T",,"0.00","0.00","0.00","0.00","0.00","0.00","0.00","0.00","0.00","0.00","0.00","0.00","0.00","0.00","0.00","0.00","0.00","0.00","0.00","0.00","0.00","0.00","0.00","0.00","0.00","0.00","0.00","0.00","0.00","0.00","0.00","0.00","0.00","0.00","0.00","0.00","0.00","0.00","0.00","0.00","0.00","0.00","0.00","0.00","0.00","0.00","0.00","0.00","0.00","0.00","0.00","0.00","0.00","0.00","0.00","0.00","0.00","0.00","0.00","0.00","0.00","0.00","0.00","0.00","0.00","0.00","F",,"1","2023-01-13","2023-06-12","16:05:28","20:39:46","ADMIN","ADMIN"
"159","204.004","03",,"KANTOR PUSAT","HUTANG PPH 25",,"PPH 25","204.004/KANTOR PUSAT/PPH 25/KANTOR PUSAT","KP","200","200","204.000",,"01","Aktifitas Operasi   ","Neraca","Kredit","F","F","T"," ","0.00","0.00","0.00","0.00","0.00","0.00","0.00","0.00","0.00","0.00","0.00","0.00","0.00","0.00","0.00","0.00","0.00","0.00","0.00","0.00","0.00","0.00","0.00","0.00","0.00","0.00","0.00","0.00","0.00","0.00","0.00","0.00","0.00","0.00","0.00","0.00","0.00","0.00","0.00","0.00","0.00","0.00","0.00","0.00","0.00","0.00","0.00","0.00","0.00","0.00","0.00","0.00","0.00","0.00","0.00","0.00","0.00","0.00","0.00","0.00","0.00","0.00","0.00","0.00","0.00","0.00","F",,"1","2023-01-13","2023-01-13","16:06:37","16:06:37","ADMIN","ADMIN"
"160","204.005","03",,"KANTOR PUSAT","HUTANG PPH 29",,"PPH 29","204.005/KANTOR PUSAT/PPH 29/KANTOR PUSAT","KP","200","200","204.000",,"01","Aktifitas Operasi   ","Neraca","Kredit","F","F","T"," ","0.00","0.00","0.00","0.00","0.00","0.00","0.00","0.00","0.00","0.00","0.00","0.00","0.00","0.00","0.00","0.00","0.00","0.00","0.00","0.00","0.00","0.00","0.00","0.00","0.00","0.00","0.00","0.00","0.00","0.00","0.00","0.00","0.00","0.00","0.00","0.00","0.00","0.00","0.00","0.00","0.00","0.00","0.00","0.00","0.00","0.00","0.00","0.00","0.00","0.00","0.00","0.00","0.00","0.00","0.00","0.00","0.00","0.00","0.00","0.00","0.00","0.00","0.00","0.00","0.00","0.00","F",,"1","2023-01-13","2023-01-13","16:07:44","16:07:44","ADMIN","ADMIN"
"161","204.006","03",,"KANTOR PUSAT","HUTANG CORPORATE & DIVIDEND TAX",,"CORP & DIV TAX","204.006/KANTOR PUSAT/CORP & DIV TAX/KANTOR PUSAT","KP","200","200","204.000",,"01","Aktifitas Operasi   ","Neraca","Kredit","F","F","T"," ","0.00","0.00","0.00","0.00","0.00","0.00","0.00","0.00","0.00","0.00","0.00","0.00","0.00","0.00","0.00","0.00","0.00","0.00","0.00","0.00","0.00","0.00","0.00","0.00","0.00","0.00","0.00","0.00","0.00","0.00","0.00","0.00","0.00","0.00","0.00","0.00","0.00","0.00","0.00","0.00","0.00","0.00","0.00","0.00","0.00","0.00","0.00","0.00","0.00","0.00","0.00","0.00","0.00","0.00","0.00","0.00","0.00","0.00","0.00","0.00","0.00","0.00","0.00","0.00","0.00","0.00","F",,"1","2023-01-13","2023-01-13","16:08:49","16:08:49","ADMIN","ADMIN"
"162","204.007","03",,"KANTOR PUSAT","HUTANG DENDA PAJAK",,"DENDA PAJAK","204.007/KANTOR PUSAT/DENDA PAJAK/KANTOR PUSAT","KP","200","200","204.000",,"01","Aktifitas Operasi   ","Neraca","Kredit","F","F","T"," ","0.00","0.00","0.00","0.00","0.00","0.00","0.00","0.00","0.00","0.00","0.00","0.00","0.00","0.00","0.00","0.00","0.00","0.00","0.00","0.00","0.00","0.00","0.00","0.00","0.00","0.00","0.00","0.00","0.00","0.00","0.00","0.00","0.00","0.00","0.00","0.00","0.00","0.00","0.00","0.00","0.00","0.00","0.00","0.00","0.00","0.00","0.00","0.00","0.00","0.00","0.00","0.00","0.00","0.00","0.00","0.00","0.00","0.00","0.00","0.00","0.00","0.00","0.00","0.00","0.00","0.00","F",,"1","2023-01-13","2023-01-13","16:09:44","16:09:44","ADMIN","ADMIN"
"163","204.008","03",,"KANTOR PUSAT","HUTANG PPH 4(2)",,"PPH 4 (2)","204.008/KANTOR PUSAT/PPH 4 (2)/KANTOR PUSAT","KP","200","200","204.000",,"01","Aktifitas Operasi   ","Neraca","Kredit","F","F","T",,"0.00","0.00","0.00","0.00","0.00","0.00","0.00","0.00","0.00","0.00","0.00","0.00","0.00","0.00","0.00","0.00","0.00","0.00","0.00","0.00","0.00","0.00","0.00","0.00","0.00","0.00","0.00","0.00","0.00","0.00","0.00","0.00","0.00","0.00","0.00","0.00","0.00","0.00","0.00","0.00","0.00","0.00","0.00","0.00","0.00","0.00","0.00","0.00","0.00","0.00","0.00","0.00","0.00","0.00","0.00","0.00","0.00","0.00","0.00","0.00","0.00","0.00","0.00","0.00","0.00","0.00","F",,"1","2023-01-13","2023-06-12","16:12:08","20:40:22","ADMIN","ADMIN"
"164","206.000","01",,"KANTOR PUSAT","HUTANG BANK JANGKA PENDEK",,"HTG BANK JK PENDEK","206.000/KANTOR PUSAT/HTG BANK JK PENDEK/KANTOR PUSAT","KP","200","200","206.000",,"03","Aktifitas Pendanaan","Neraca","Kredit","F","F","T"," ","0.00","0.00","0.00","0.00","0.00","0.00","0.00","0.00","0.00","0.00","0.00","0.00","0.00","0.00","0.00","0.00","0.00","0.00","0.00","0.00","0.00","0.00","0.00","0.00","0.00","0.00","0.00","0.00","0.00","0.00","0.00","0.00","0.00","0.00","0.00","0.00","0.00","0.00","0.00","0.00","0.00","0.00","0.00","0.00","0.00","0.00","0.00","0.00","0.00","0.00","0.00","0.00","0.00","0.00","0.00","0.00","0.00","0.00","0.00","0.00","0.00","0.00","0.00","0.00","0.00","0.00","F",,"1","2023-01-13","2023-01-18","16:16:51","16:56:40","ADMIN","ADMIN"
"165","207.000","01",,"KANTOR PUSAT","HUTANG SEWA PEMBIAYAAN JATUH TEMPO DALAM WAKTU 1 TAHUN",,"HTG PEMBIAYAAN JK PENDEK","207.000/KANTOR PUSAT/HTG PEMBIAYAAN JK PENDEK/KANTOR PUSAT","KP","200","200","207.000",,"03","Aktifitas Pendanaan","Neraca","Kredit","F","F","T"," ","0.00","0.00","0.00","0.00","0.00","0.00","0.00","0.00","0.00","0.00","0.00","0.00","0.00","0.00","0.00","0.00","0.00","0.00","0.00","0.00","0.00","0.00","0.00","0.00","0.00","0.00","0.00","0.00","0.00","0.00","0.00","0.00","0.00","0.00","0.00","0.00","0.00","0.00","0.00","0.00","0.00","0.00","0.00","0.00","0.00","0.00","0.00","0.00","0.00","0.00","0.00","0.00","0.00","0.00","0.00","0.00","0.00","0.00","0.00","0.00","0.00","0.00","0.00","0.00","0.00","0.00","F",,"1","2023-01-13","2023-01-18","16:27:44","16:57:05","ADMIN","ADMIN"
"166","207.100","02",,"KANTOR PUSAT","ASTRA CREDIT COMPANY",,"ASTRA CREDIT COMPANY","207.100/KANTOR PUSAT/ASTRA CREDIT COMPANY/KANTOR PUSAT","KP","200","200","207.000",,"03","Aktifitas Pendanaan","Neraca","Kredit","F","F","T"," ","0.00","0.00","0.00","0.00","0.00","0.00","0.00","0.00","0.00","0.00","0.00","0.00","0.00","0.00","0.00","0.00","0.00","0.00","0.00","0.00","0.00","0.00","0.00","0.00","0.00","0.00","0.00","0.00","0.00","0.00","0.00","0.00","0.00","0.00","0.00","0.00","0.00","0.00","0.00","0.00","0.00","0.00","0.00","0.00","0.00","0.00","0.00","0.00","0.00","0.00","0.00","0.00","0.00","0.00","0.00","0.00","0.00","0.00","0.00","0.00","0.00","0.00","0.00","0.00","0.00","0.00","F",,"1","2023-01-13","2023-01-18","16:37:56","16:57:21","ADMIN","ADMIN"
"167","207.101","03",,"KANTOR PUSAT","PEMBIAYAAN XENIA",,"ACC XENIA JK PDK","207.101/KANTOR PUSAT/ACC XENIA JK PDK/KANTOR PUSAT","KP","200","200","207.100",,"03","Aktifitas Pendanaan ","Neraca","Kredit","F","F","T",,"0.00","0.00","0.00","0.00","0.00","0.00","0.00","0.00","0.00","0.00","0.00","0.00","0.00","0.00","0.00","0.00","0.00","0.00","0.00","0.00","0.00","0.00","0.00","0.00","0.00","0.00","0.00","0.00","0.00","0.00","0.00","0.00","0.00","0.00","0.00","0.00","0.00","0.00","0.00","0.00","0.00","0.00","0.00","0.00","0.00","0.00","0.00","0.00","0.00","0.00","0.00","0.00","0.00","0.00","0.00","0.00","0.00","0.00","0.00","0.00","0.00","0.00","0.00","0.00","0.00","0.00","F",,"1","2023-01-13","2023-06-12","16:41:40","20:48:05","ADMIN","ADMIN"
"168","207.102","03",,"KANTOR PUSAT","PEMBIAYAAN INNOVA",,"ACC INNOVA JK PDK","207.102/KANTOR PUSAT/ACC INNOVA JK PDK/KANTOR PUSAT","KP","200","200","207.100",,"03","Aktifitas Pendanaan ","Neraca","Kredit","F","F","T",,"0.00","0.00","0.00","0.00","0.00","0.00","0.00","0.00","0.00","0.00","0.00","0.00","0.00","0.00","0.00","0.00","0.00","0.00","0.00","0.00","0.00","0.00","0.00","0.00","0.00","0.00","0.00","0.00","0.00","0.00","0.00","0.00","0.00","0.00","0.00","0.00","0.00","0.00","0.00","0.00","0.00","0.00","0.00","0.00","0.00","0.00","0.00","0.00","0.00","0.00","0.00","0.00","0.00","0.00","0.00","0.00","0.00","0.00","0.00","0.00","0.00","0.00","0.00","0.00","0.00","0.00","F",,"1","2023-01-13","2023-06-12","16:42:24","20:48:33","ADMIN","ADMIN"
"169","207.103","03",,"KANTOR PUSAT","PEMBIAYAAN XPANDER",,"ACC XPANDER JK PDK","207.103/KANTOR PUSAT/ACC XPANDER JK PDK/KANTOR PUSAT","KP","200","200","207.100",,"03","Aktifitas Pendanaan ","Neraca","Kredit","F","F","T",,"0.00","0.00","0.00","0.00","0.00","0.00","0.00","0.00","0.00","0.00","0.00","0.00","0.00","0.00","0.00","0.00","0.00","0.00","0.00","0.00","0.00","0.00","0.00","0.00","0.00","0.00","0.00","0.00","0.00","0.00","0.00","0.00","0.00","0.00","0.00","0.00","0.00","0.00","0.00","0.00","0.00","0.00","0.00","0.00","0.00","0.00","0.00","0.00","0.00","0.00","0.00","0.00","0.00","0.00","0.00","0.00","0.00","0.00","0.00","0.00","0.00","0.00","0.00","0.00","0.00","0.00","F",,"1","2023-01-13","2023-06-12","16:43:02","20:49:05","ADMIN","ADMIN"
"170","210.100","01",,"KANTOR PUSAT","DANA PENDIDIKAN, KESEHATAN, JHT, DAN SOSIAL",,"DANA PDDKAN, KES, JHT, & SOS","210.100/KANTOR PUSAT/DANA PDDKAN, KES, JHT, & SOS/KANTOR PUSAT","KP","210","200","210.100",,"01","Aktifitas Operasi   ","Neraca","Kredit","F","F","T"," ","0.00","0.00","0.00","0.00","0.00","0.00","0.00","0.00","0.00","0.00","0.00","0.00","0.00","0.00","0.00","0.00","0.00","0.00","0.00","0.00","0.00","0.00","0.00","0.00","0.00","0.00","0.00","0.00","0.00","0.00","0.00","0.00","0.00","0.00","0.00","0.00","0.00","0.00","0.00","0.00","0.00","0.00","0.00","0.00","0.00","0.00","0.00","0.00","0.00","0.00","0.00","0.00","0.00","0.00","0.00","0.00","0.00","0.00","0.00","0.00","0.00","0.00","0.00","0.00","0.00","0.00","F",,"1","2023-01-13","2023-01-13","16:44:05","16:44:05","ADMIN","ADMIN"
"171","210.110","03",,"KANTOR PUSAT","DANA PENDIDIKAN",,"PENDIDIKAN","210.110/KANTOR PUSAT/PENDIDIKAN/KANTOR PUSAT","KP","210","200","210.100",,"01","Aktifitas Operasi   ","Neraca","Kredit","F","F","T",,"0.00","0.00","0.00","0.00","0.00","0.00","0.00","0.00","0.00","0.00","0.00","0.00","0.00","0.00","0.00","0.00","0.00","0.00","0.00","0.00","0.00","0.00","0.00","0.00","0.00","0.00","0.00","0.00","0.00","0.00","0.00","0.00","0.00","0.00","0.00","0.00","0.00","0.00","0.00","0.00","0.00","0.00","0.00","0.00","0.00","0.00","0.00","0.00","0.00","0.00","0.00","0.00","0.00","0.00","0.00","0.00","0.00","0.00","0.00","0.00","0.00","0.00","0.00","0.00","0.00","0.00","F",,"1","2023-01-13","2023-06-12","16:45:12","20:42:21","ADMIN","ADMIN"
"172","210.120","03",,"KANTOR PUSAT","DANA SOSIAL",,"SOSIAL","210.120/KANTOR PUSAT/SOSIAL/KANTOR PUSAT","KP","210","200","210.100",,"01","Aktifitas Operasi   ","Neraca","Kredit","F","F","T",,"0.00","0.00","0.00","0.00","0.00","0.00","0.00","0.00","0.00","0.00","0.00","0.00","0.00","0.00","0.00","0.00","0.00","0.00","0.00","0.00","0.00","0.00","0.00","0.00","0.00","0.00","0.00","0.00","0.00","0.00","0.00","0.00","0.00","0.00","0.00","0.00","0.00","0.00","0.00","0.00","0.00","0.00","0.00","0.00","0.00","0.00","0.00","0.00","0.00","0.00","0.00","0.00","0.00","0.00","0.00","0.00","0.00","0.00","0.00","0.00","0.00","0.00","0.00","0.00","0.00","0.00","F",,"1","2023-01-13","2023-06-12","16:46:14","20:43:06","ADMIN","ADMIN"
"173","210.130","03",,"KANTOR PUSAT","DANA KESEHATAN",,"KESEHATAN","210.130/KANTOR PUSAT/KESEHATAN/KANTOR PUSAT","KP","210","200","210.100",,"01","Aktifitas Operasi   ","Neraca","Kredit","F","F","T",,"0.00","0.00","0.00","0.00","0.00","0.00","0.00","0.00","0.00","0.00","0.00","0.00","0.00","0.00","0.00","0.00","0.00","0.00","0.00","0.00","0.00","0.00","0.00","0.00","0.00","0.00","0.00","0.00","0.00","0.00","0.00","0.00","0.00","0.00","0.00","0.00","0.00","0.00","0.00","0.00","0.00","0.00","0.00","0.00","0.00","0.00","0.00","0.00","0.00","0.00","0.00","0.00","0.00","0.00","0.00","0.00","0.00","0.00","0.00","0.00","0.00","0.00","0.00","0.00","0.00","0.00","F",,"1","2023-01-13","2023-06-12","16:46:56","20:43:41","ADMIN","ADMIN"
"174","210.140","03",,"KANTOR PUSAT","DANA JHT",,"JHT","210.140/KANTOR PUSAT/JHT/KANTOR PUSAT","KP","210","200","210.100",,"01","Aktifitas Operasi   ","Neraca","Kredit","F","F","T",,"0.00","0.00","0.00","0.00","0.00","0.00","0.00","0.00","0.00","0.00","0.00","0.00","0.00","0.00","0.00","0.00","0.00","0.00","0.00","0.00","0.00","0.00","0.00","0.00","0.00","0.00","0.00","0.00","0.00","0.00","0.00","0.00","0.00","0.00","0.00","0.00","0.00","0.00","0.00","0.00","0.00","0.00","0.00","0.00","0.00","0.00","0.00","0.00","0.00","0.00","0.00","0.00","0.00","0.00","0.00","0.00","0.00","0.00","0.00","0.00","0.00","0.00","0.00","0.00","0.00","0.00","F",,"1","2023-01-13","2023-06-12","16:47:59","20:44:20","ADMIN","ADMIN"
"175","210.200","03",,"KANTOR PUSAT","JASA PRODUKSI",,"JASPROD","210.200/KANTOR PUSAT/JASPROD/KANTOR PUSAT","KP","210","200","210.200",,"01","Aktifitas Operasi   ","Neraca","Kredit","F","F","T",,"0.00","0.00","0.00","0.00","0.00","0.00","0.00","0.00","0.00","0.00","0.00","0.00","0.00","0.00","0.00","0.00","0.00","0.00","0.00","0.00","0.00","0.00","0.00","0.00","0.00","0.00","0.00","0.00","0.00","0.00","0.00","0.00","0.00","0.00","0.00","0.00","0.00","0.00","0.00","0.00","0.00","0.00","0.00","0.00","0.00","0.00","0.00","0.00","0.00","0.00","0.00","0.00","0.00","0.00","0.00","0.00","0.00","0.00","0.00","0.00","0.00","0.00","0.00","0.00","0.00","0.00","F",,"1","2023-01-13","2023-08-29","16:52:55","18:21:32","ADMIN","ADMIN"
"176","210.400","01",,"KANTOR PUSAT","HUTANG BANK JANGKA PANJANG",,"HTG BANK JK PANJANG","210.400/KANTOR PUSAT/HTG BANK JK PANJANG/KANTOR PUSAT","KP","210","200","210.400",,"03","Aktifitas Pendanaan","Neraca","Kredit","F","F","T"," ","0.00","0.00","0.00","0.00","0.00","0.00","0.00","0.00","0.00","0.00","0.00","0.00","0.00","0.00","0.00","0.00","0.00","0.00","0.00","0.00","0.00","0.00","0.00","0.00","0.00","0.00","0.00","0.00","0.00","0.00","0.00","0.00","0.00","0.00","0.00","0.00","0.00","0.00","0.00","0.00","0.00","0.00","0.00","0.00","0.00","0.00","0.00","0.00","0.00","0.00","0.00","0.00","0.00","0.00","0.00","0.00","0.00","0.00","0.00","0.00","0.00","0.00","0.00","0.00","0.00","0.00","F",,"1","2023-01-13","2023-01-18","17:00:04","16:59:54","ADMIN","ADMIN"
"177","210.401","03",,"KANTOR PUSAT","BRK SYARIAH",,"BRK SYARIAH","210.401/KANTOR PUSAT/BRK SYARIAH/KANTOR PUSAT","KP","210","200","210.400",,"03","Aktifitas Pendanaan ","Neraca","Kredit","F","F","T",,"0.00","0.00","0.00","0.00","0.00","0.00","0.00","0.00","0.00","0.00","0.00","0.00","0.00","0.00","0.00","0.00","0.00","0.00","0.00","0.00","0.00","0.00","0.00","0.00","0.00","0.00","0.00","0.00","0.00","0.00","0.00","0.00","0.00","0.00","0.00","0.00","0.00","0.00","0.00","0.00","0.00","0.00","0.00","0.00","0.00","0.00","0.00","0.00","0.00","0.00","0.00","0.00","0.00","0.00","0.00","0.00","0.00","0.00","0.00","0.00","0.00","0.00","0.00","0.00","0.00","0.00","F",,"1","2023-01-13","2023-06-12","17:06:53","19:46:10","ADMIN","ADMIN"
"178","210.500","01",,"KANTOR PUSAT","HUTANG PEMBIAYAAN JANGKA PANJANG",,"HTG PEMBIAYAAN JK PANJANG","210.500/KANTOR PUSAT/HTG PEMBIAYAAN JK PANJANG/KANTOR PUSAT","KP","210","200","210.500",,"03","Aktifitas Pendanaan","Neraca","Kredit","F","F","T"," ","0.00","0.00","0.00","0.00","0.00","0.00","0.00","0.00","0.00","0.00","0.00","0.00","0.00","0.00","0.00","0.00","0.00","0.00","0.00","0.00","0.00","0.00","0.00","0.00","0.00","0.00","0.00","0.00","0.00","0.00","0.00","0.00","0.00","0.00","0.00","0.00","0.00","0.00","0.00","0.00","0.00","0.00","0.00","0.00","0.00","0.00","0.00","0.00","0.00","0.00","0.00","0.00","0.00","0.00","0.00","0.00","0.00","0.00","0.00","0.00","0.00","0.00","0.00","0.00","0.00","0.00","F",,"1","2023-01-13","2023-01-18","17:10:47","17:00:29","ADMIN","ADMIN"
"179","210.510","02",,"KANTOR PUSAT","ASTRA CREDIT COMPANY",,"ASTRA CREDIT COMPANY","210.510/KANTOR PUSAT/ASTRA CREDIT COMPANY/KANTOR PUSAT","KP","210","200","210.500",,"03","Aktifitas Pendanaan","Neraca","Kredit","F","F","T"," ","0.00","0.00","0.00","0.00","0.00","0.00","0.00","0.00","0.00","0.00","0.00","0.00","0.00","0.00","0.00","0.00","0.00","0.00","0.00","0.00","0.00","0.00","0.00","0.00","0.00","0.00","0.00","0.00","0.00","0.00","0.00","0.00","0.00","0.00","0.00","0.00","0.00","0.00","0.00","0.00","0.00","0.00","0.00","0.00","0.00","0.00","0.00","0.00","0.00","0.00","0.00","0.00","0.00","0.00","0.00","0.00","0.00","0.00","0.00","0.00","0.00","0.00","0.00","0.00","0.00","0.00","F",,"1","2023-01-13","2023-01-18","17:12:23","17:01:36","ADMIN","ADMIN"
"180","210.511","03",,"KANTOR PUSAT","PEMBIAYAAN XENIA",,"ACC XENIA JK PDK","210.511/KANTOR PUSAT/ACC XENIA JK PDK/KANTOR PUSAT","KP","210","200","210.500",,"03","Aktifitas Pendanaan ","Neraca","Kredit","F","F","T",,"0.00","0.00","0.00","0.00","0.00","0.00","0.00","0.00","0.00","0.00","0.00","0.00","0.00","0.00","0.00","0.00","0.00","0.00","0.00","0.00","0.00","0.00","0.00","0.00","0.00","0.00","0.00","0.00","0.00","0.00","0.00","0.00","0.00","0.00","0.00","0.00","0.00","0.00","0.00","0.00","0.00","0.00","0.00","0.00","0.00","0.00","0.00","0.00","0.00","0.00","0.00","0.00","0.00","0.00","0.00","0.00","0.00","0.00","0.00","0.00","0.00","0.00","0.00","0.00","0.00","0.00","F",,"1","2023-01-13","2023-06-12","17:13:45","20:50:25","ADMIN","ADMIN"
"181","210.512","03",,"KANTOR PUSAT","PEMBIAYAAN INNOVA",,"ACC INNOVA JK PJ","210.512/KANTOR PUSAT/ACC INNOVA JK PJ/KANTOR PUSAT","KP","210","200","210.500",,"03","Aktifitas Pendanaan ","Neraca","Kredit","F","F","T",,"0.00","0.00","0.00","0.00","0.00","0.00","0.00","0.00","0.00","0.00","0.00","0.00","0.00","0.00","0.00","0.00","0.00","0.00","0.00","0.00","0.00","0.00","0.00","0.00","0.00","0.00","0.00","0.00","0.00","0.00","0.00","0.00","0.00","0.00","0.00","0.00","0.00","0.00","0.00","0.00","0.00","0.00","0.00","0.00","0.00","0.00","0.00","0.00","0.00","0.00","0.00","0.00","0.00","0.00","0.00","0.00","0.00","0.00","0.00","0.00","0.00","0.00","0.00","0.00","0.00","0.00","F",,"1","2023-01-13","2023-06-13","17:14:30","09:55:34","ADMIN","ADMIN"
"182","210.513","03",,"KANTOR PUSAT","PEMBIAYAAN XPANDER",,"ACC XPANDER JK PJ","210.513/KANTOR PUSAT/ACC XPANDER JK PJ/KANTOR PUSAT","KP","210","200","210.500",,"03","Aktifitas Pendanaan ","Neraca","Kredit","F","F","T",,"0.00","0.00","0.00","0.00","0.00","0.00","0.00","0.00","0.00","0.00","0.00","0.00","0.00","0.00","0.00","0.00","0.00","0.00","0.00","0.00","0.00","0.00","0.00","0.00","0.00","0.00","0.00","0.00","0.00","0.00","0.00","0.00","0.00","0.00","0.00","0.00","0.00","0.00","0.00","0.00","0.00","0.00","0.00","0.00","0.00","0.00","0.00","0.00","0.00","0.00","0.00","0.00","0.00","0.00","0.00","0.00","0.00","0.00","0.00","0.00","0.00","0.00","0.00","0.00","0.00","0.00","F",,"1","2023-01-13","2023-06-13","17:15:09","09:56:40","ADMIN","ADMIN"
"183","300.100","01",,"KANTOR PUSAT","MODAL SAHAM",,"MODAL DISETOR","300.100/KANTOR PUSAT/MODAL DISETOR/KANTOR PUSAT","KP","300","300","300.100",,"03","Aktifitas Pendanaan","Neraca","Kredit","F","F","T"," ","0.00","0.00","0.00","0.00","0.00","0.00","0.00","0.00","0.00","0.00","0.00","0.00","0.00","0.00","0.00","0.00","0.00","0.00","0.00","0.00","0.00","0.00","0.00","0.00","0.00","0.00","0.00","0.00","0.00","0.00","0.00","0.00","0.00","0.00","0.00","0.00","0.00","0.00","0.00","0.00","0.00","0.00","0.00","0.00","0.00","0.00","0.00","0.00","0.00","0.00","0.00","0.00","0.00","0.00","0.00","0.00","0.00","0.00","0.00","0.00","0.00","0.00","0.00","0.00","0.00","0.00","F",,"1","2023-01-16","2023-01-16","11:26:06","11:26:06","ADMIN","ADMIN"
"184","300.110","03",,"KANTOR PUSAT","PEMERINTAH DAERAH PROVINSI RIAU",,"PEMPROV RIAU","300.110/KANTOR PUSAT/PEMPROV RIAU/KANTOR PUSAT","KP","300","300","300.100",,"03","Aktifitas Pendanaan ","Neraca","Kredit","F","F","T",,"0.00","0.00","0.00","0.00","0.00","0.00","0.00","0.00","0.00","0.00","0.00","0.00","0.00","0.00","0.00","0.00","0.00","0.00","0.00","0.00","0.00","0.00","0.00","0.00","0.00","0.00","0.00","0.00","0.00","0.00","0.00","0.00","0.00","0.00","0.00","0.00","0.00","0.00","0.00","0.00","0.00","0.00","0.00","0.00","0.00","0.00","0.00","0.00","0.00","0.00","0.00","0.00","0.00","0.00","0.00","0.00","0.00","0.00","0.00","0.00","0.00","0.00","0.00","0.00","0.00","0.00","F",,"1","2023-01-16","2023-06-13","11:31:00","10:22:56","ADMIN","ADMIN"
"185","300.120","03",,"KANTOR PUSAT","DEBBY RIAUMA SARI, ST",,"DEBBY","300.120/KANTOR PUSAT/DEBBY/KANTOR PUSAT","KP","300","300","300.100",,"03","Aktifitas Pendanaan ","Neraca","Kredit","F","F","T",,"0.00","0.00","0.00","0.00","0.00","0.00","0.00","0.00","0.00","0.00","0.00","0.00","0.00","0.00","0.00","0.00","0.00","0.00","0.00","0.00","0.00","0.00","0.00","0.00","0.00","0.00","0.00","0.00","0.00","0.00","0.00","0.00","0.00","0.00","0.00","0.00","0.00","0.00","0.00","0.00","0.00","0.00","0.00","0.00","0.00","0.00","0.00","0.00","0.00","0.00","0.00","0.00","0.00","0.00","0.00","0.00","0.00","0.00","0.00","0.00","0.00","0.00","0.00","0.00","0.00","0.00","F",,"1","2023-01-16","2023-06-13","11:32:43","10:23:33","ADMIN","ADMIN"
"186","300.200","01",,"KANTOR PUSAT","TAMBAHAN MODAL DISETOR",,"TAMBAHAN MODAL DISETOR","300.200/KANTOR PUSAT/TAMBAHAN MODAL DISETOR/KANTOR PUSAT","KP","300","300","300.200",,"03","Aktifitas Pendanaan","Neraca","Kredit","F","F","T"," ","0.00","0.00","0.00","0.00","0.00","0.00","0.00","0.00","0.00","0.00","0.00","0.00","0.00","0.00","0.00","0.00","0.00","0.00","0.00","0.00","0.00","0.00","0.00","0.00","0.00","0.00","0.00","0.00","0.00","0.00","0.00","0.00","0.00","0.00","0.00","0.00","0.00","0.00","0.00","0.00","0.00","0.00","0.00","0.00","0.00","0.00","0.00","0.00","0.00","0.00","0.00","0.00","0.00","0.00","0.00","0.00","0.00","0.00","0.00","0.00","0.00","0.00","0.00","0.00","0.00","0.00","F",,"1","2023-01-16","2023-01-16","11:35:47","11:35:47","ADMIN","ADMIN"
"187","300.210","03",,"KANTOR PUSAT","TANAH HOTEL ARYADUTA",,"TNH HTL ARYADUTA","300.210/KANTOR PUSAT/MDL BLM AKTE/KANTOR PUSAT","KP","300","300","300.200",,"03","Aktifitas Pendanaan ","Neraca","Kredit","F","F","T",,"0.00","0.00","0.00","0.00","0.00","0.00","0.00","0.00","0.00","0.00","0.00","0.00","0.00","0.00","0.00","0.00","0.00","0.00","0.00","0.00","0.00","0.00","0.00","0.00","0.00","0.00","0.00","0.00","0.00","0.00","0.00","0.00","0.00","0.00","0.00","0.00","0.00","0.00","0.00","0.00","0.00","0.00","0.00","0.00","0.00","0.00","0.00","0.00","0.00","0.00","0.00","0.00","0.00","0.00","0.00","0.00","0.00","0.00","0.00","0.00","0.00","0.00","0.00","0.00","0.00","0.00","F",,"1","2023-01-16","2023-06-13","12:17:45","10:40:22","ADMIN","ADMIN"
"188","300.220","03",,"KANTOR PUSAT","SAHAM DIKONVERSI KE GALLANT VENTURE, LTD",,"SHM GALLANT","300.220/KANTOR PUSAT/SHM GALLANT/KANTOR PUSAT","KP","300","300","300.200",,"03","Aktifitas Pendanaan ","Neraca","Kredit","F","F","T",,"0.00","0.00","0.00","0.00","0.00","0.00","0.00","0.00","0.00","0.00","0.00","0.00","0.00","0.00","0.00","0.00","0.00","0.00","0.00","0.00","0.00","0.00","0.00","0.00","0.00","0.00","0.00","0.00","0.00","0.00","0.00","0.00","0.00","0.00","0.00","0.00","0.00","0.00","0.00","0.00","0.00","0.00","0.00","0.00","0.00","0.00","0.00","0.00","0.00","0.00","0.00","0.00","0.00","0.00","0.00","0.00","0.00","0.00","0.00","0.00","0.00","0.00","0.00","0.00","0.00","0.00","F",,"1","2023-01-16","2023-06-13","12:29:33","10:41:16","ADMIN","ADMIN"
"189","300.230","03",,"KANTOR PUSAT","PELEBURAN 4 PERUSAHAAN DAERAH (PD)",,"MODAL LAIN","300.230/KANTOR PUSAT/LABA (RUGI) KUMULATIF/KANTOR PUSAT","KP","300","300","300.200",,"03","Aktifitas Pendanaan ","Neraca","Kredit","F","F","T",,"0.00","0.00","0.00","0.00","0.00","0.00","0.00","0.00","0.00","0.00","0.00","0.00","0.00","0.00","0.00","0.00","0.00","0.00","0.00","0.00","0.00","0.00","0.00","0.00","0.00","0.00","0.00","0.00","0.00","0.00","0.00","0.00","0.00","0.00","0.00","0.00","0.00","0.00","0.00","0.00","0.00","0.00","0.00","0.00","0.00","0.00","0.00","0.00","0.00","0.00","0.00","0.00","0.00","0.00","0.00","0.00","0.00","0.00","0.00","0.00","0.00","0.00","0.00","0.00","0.00","0.00","F",,"1","2023-01-16","2023-06-13","13:08:07","10:42:46","ADMIN","ADMIN"
"190","300.240","03",,"KANTOR PUSAT","LABA (RUGI) KUMULATIF PD SPR",,"LABA (RUGI) KUMULATIF","300.240/KANTOR PUSAT/LABA (RUGI) KUMULATIF/KANTOR PUSAT","KP","300","300","300.200",,"03","Aktifitas Pendanaan ","Neraca","Debet","F","F","T",,"0.00","0.00","0.00","0.00","0.00","0.00","0.00","0.00","0.00","0.00","0.00","0.00","0.00","0.00","0.00","0.00","0.00","0.00","0.00","0.00","0.00","0.00","0.00","0.00","0.00","0.00","0.00","0.00","0.00","0.00","0.00","0.00","0.00","0.00","0.00","0.00","0.00","0.00","0.00","0.00","0.00","0.00","0.00","0.00","0.00","0.00","0.00","0.00","0.00","0.00","0.00","0.00","0.00","0.00","0.00","0.00","0.00","0.00","0.00","0.00","0.00","0.00","0.00","0.00","0.00","0.00","F","LRK","1","2023-01-16","2023-06-13","13:13:43","10:43:36","ADMIN","ADMIN"
"191","300.400","03",,"KANTOR PUSAT","MODAL ATAS PERNYATAAN PENGAMPUNAN PAJAK",,"MODAL TAX AMNESTY","300.400/KANTOR PUSAT/MODAL TAX AMNESTY/KANTOR PUSAT","KP","300","300","300.400",,"03","Aktifitas Pendanaan ","Neraca","Kredit","F","F","T",,"0.00","0.00","0.00","0.00","0.00","0.00","0.00","0.00","0.00","0.00","0.00","0.00","0.00","0.00","0.00","0.00","0.00","0.00","0.00","0.00","0.00","0.00","0.00","0.00","0.00","0.00","0.00","0.00","0.00","0.00","0.00","0.00","0.00","0.00","0.00","0.00","0.00","0.00","0.00","0.00","0.00","0.00","0.00","0.00","0.00","0.00","0.00","0.00","0.00","0.00","0.00","0.00","0.00","0.00","0.00","0.00","0.00","0.00","0.00","0.00","0.00","0.00","0.00","0.00","0.00","0.00","F",,"1","2023-01-16","2023-08-09","14:12:54","14:53:56","ADMIN","ADMIN"
"192","300.500","03",,"KANTOR PUSAT","CADANGAN UMUM",,"CADANGAN","300.500/KANTOR PUSAT/CADANGAN/KANTOR PUSAT","KP","300","300","300.500",,"03","Aktifitas Pendanaan ","Neraca","Kredit","F","F","T",,"0.00","0.00","0.00","0.00","0.00","0.00","0.00","0.00","0.00","0.00","0.00","0.00","0.00","0.00","0.00","0.00","0.00","0.00","0.00","0.00","0.00","0.00","0.00","0.00","0.00","0.00","0.00","0.00","0.00","0.00","0.00","0.00","0.00","0.00","0.00","0.00","0.00","0.00","0.00","0.00","0.00","0.00","0.00","0.00","0.00","0.00","0.00","0.00","0.00","0.00","0.00","0.00","0.00","0.00","0.00","0.00","0.00","0.00","0.00","0.00","0.00","0.00","0.00","0.00","0.00","0.00","F",,"1","2023-01-16","2023-06-13","14:20:00","10:44:49","ADMIN","ADMIN"
"193","300.600","02",,"KANTOR PUSAT","SALDO LABA",,"SALDO LABA","300.600/KANTOR PUSAT/SALDO LABA/KANTOR PUSAT","KP","300","300","300.600",,"03","Aktifitas Pendanaan ","Neraca","Kredit","F","F","T"," ","0.00","0.00","0.00","0.00","0.00","0.00","0.00","0.00","0.00","0.00","0.00","0.00","0.00","0.00","0.00","0.00","0.00","0.00","0.00","0.00","0.00","0.00","0.00","0.00","0.00","0.00","0.00","0.00","0.00","0.00","0.00","0.00","0.00","0.00","0.00","0.00","0.00","0.00","0.00","0.00","0.00","0.00","0.00","0.00","0.00","0.00","0.00","0.00","0.00","0.00","0.00","0.00","0.00","0.00","0.00","0.00","0.00","0.00","0.00","0.00","0.00","0.00","0.00","0.00","0.00","0.00","F",,"1","2023-01-16","2023-01-16","14:24:20","14:24:20","ADMIN","ADMIN"
"194","300.610","03",,"KANTOR PUSAT","LABA/RUGI S/D TAHUN LALU",,"LR THN LALU","300.610/KANTOR PUSAT/LR THN LALU/KANTOR PUSAT","KP","350","300","300.600",,"03","Aktifitas Pendanaan ","Neraca","Debet","F","F","T",,"0.00","0.00","0.00","0.00","0.00","0.00","0.00","0.00","0.00","0.00","0.00","0.00","0.00","0.00","0.00","0.00","0.00","0.00","0.00","0.00","0.00","0.00","0.00","0.00","0.00","0.00","0.00","0.00","0.00","0.00","0.00","0.00","0.00","0.00","0.00","0.00","0.00","0.00","0.00","0.00","0.00","0.00","0.00","0.00","0.00","0.00","0.00","0.00","0.00","0.00","0.00","0.00","0.00","0.00","0.00","0.00","0.00","0.00","0.00","0.00","0.00","0.00","0.00","0.00","0.00","0.00","F","LDH","1","2023-01-16","2023-08-09","14:28:31","14:35:27","ADMIN","ADMIN"
"195","300.620","03",,"KANTOR PUSAT","LABA/RUGI TAHUN BERJALAN",,"LR THN JLN","300.620/KANTOR PUSAT/LR THN JLN/KANTOR PUSAT","KP","350","300","300.600",,"01","Aktifitas Operasi","Neraca","Kredit","F","F","T",,"0.00","0.00","0.00","0.00","0.00","0.00","0.00","0.00","0.00","0.00","0.00","0.00","0.00","0.00","0.00","0.00","0.00","0.00","0.00","0.00","0.00","0.00","0.00","0.00","0.00","0.00","0.00","0.00","0.00","0.00","0.00","0.00","0.00","0.00","0.00","0.00","0.00","0.00","0.00","0.00","0.00","0.00","0.00","0.00","0.00","0.00","0.00","0.00","0.00","0.00","0.00","0.00","0.00","0.00","0.00","0.00","0.00","0.00","0.00","0.00","0.00","0.00","0.00","0.00","0.00","0.00","F","300.620","1","2023-01-16","2023-08-09","14:31:40","14:47:28","ADMIN","ADMIN"
"196","300.630","03",,"KANTOR PUSAT","KOREKSI LABA/RUGI DITAHAN",,"KRKS L/R","300.630/KANTOR PUSAT/KRKS L/R/KANTOR PUSAT","KP","350","300","300.600",,"03","Aktifitas Pendanaan ","Neraca","Kredit","F","F","T",,"0.00","0.00","0.00","0.00","0.00","0.00","0.00","0.00","0.00","0.00","0.00","0.00","0.00","0.00","0.00","0.00","0.00","0.00","0.00","0.00","0.00","0.00","0.00","0.00","0.00","0.00","0.00","0.00","0.00","0.00","0.00","0.00","0.00","0.00","0.00","0.00","0.00","0.00","0.00","0.00","0.00","0.00","0.00","0.00","0.00","0.00","0.00","0.00","0.00","0.00","0.00","0.00","0.00","0.00","0.00","0.00","0.00","0.00","0.00","0.00","0.00","0.00","0.00","0.00","0.00","0.00","F","LDH","1","2023-01-16","2023-08-09","14:34:00","14:41:58","ADMIN","ADMIN"
"197","400.000","01",,"KANTOR PUSAT","PENDAPATAN",,"PENDAPATAN","400.000/KANTOR PUSAT/PENDAPATAN/KANTOR PUSAT","KP","400","400","400.000",,"01","Aktifitas Operasi","Laba Rugi","Kredit","F","F","T"," ","0.00","0.00","0.00","0.00","0.00","0.00","0.00","0.00","0.00","0.00","0.00","0.00","0.00","0.00","0.00","0.00","0.00","0.00","0.00","0.00","0.00","0.00","0.00","0.00","0.00","0.00","0.00","0.00","0.00","0.00","0.00","0.00","0.00","0.00","0.00","0.00","0.00","0.00","0.00","0.00","0.00","0.00","0.00","0.00","0.00","0.00","0.00","0.00","0.00","0.00","0.00","0.00","0.00","0.00","0.00","0.00","0.00","0.00","0.00","0.00","0.00","0.00","0.00","0.00","0.00","0.00","F",,"1","2023-01-16","2023-01-18","14:56:04","16:54:40","ADMIN","ADMIN"
"198","400.110","03",,"KANTOR PUSAT","PENDAPATAN EQUITY SHARE LANGGAK",,"EQ SHARE LGK","400.110/KANTOR PUSAT/EQ SHARE LGK/KANTOR PUSAT","KP","400","400","400.100",,"01","Aktifitas Operasi   ","Laba Rugi","Kredit","F","F","T",,"0.00","0.00","0.00","0.00","0.00","0.00","0.00","0.00","0.00","0.00","0.00","0.00","0.00","0.00","0.00","0.00","0.00","0.00","0.00","0.00","0.00","0.00","0.00","0.00","0.00","0.00","0.00","0.00","0.00","0.00","0.00","0.00","0.00","0.00","0.00","0.00","0.00","0.00","0.00","0.00","0.00","0.00","0.00","0.00","0.00","0.00","0.00","0.00","0.00","0.00","0.00","0.00","0.00","0.00","0.00","0.00","0.00","0.00","0.00","0.00","0.00","0.00","0.00","0.00","0.00","0.00","F",,"1","2023-01-16","2023-08-10","15:29:23","16:54:09","ADMIN","ADMIN"
"199","400.100","02",,"KANTOR PUSAT","PENDAPATAN EQUITY SHARE LANGGAK",,"PENDPTAN EQUITY LANGGAK","400.100/KANTOR PUSAT/PENDPTAN EQUITY LANGGAK/KANTOR PUSAT","KP","400","400","400.000",,"01","Aktifitas Operasi   ","Laba Rugi","Kredit","F","F","T"," ","0.00","0.00","0.00","0.00","0.00","0.00","0.00","0.00","0.00","0.00","0.00","0.00","0.00","0.00","0.00","0.00","0.00","0.00","0.00","0.00","0.00","0.00","0.00","0.00","0.00","0.00","0.00","0.00","0.00","0.00","0.00","0.00","0.00","0.00","0.00","0.00","0.00","0.00","0.00","0.00","0.00","0.00","0.00","0.00","0.00","0.00","0.00","0.00","0.00","0.00","0.00","0.00","0.00","0.00","0.00","0.00","0.00","0.00","0.00","0.00","0.00","0.00","0.00","0.00","0.00","0.00","F",,"1","2023-01-16","2023-01-16","15:32:53","17:42:50","ADMIN","ADMIN"
"200","400.120","03",,"KANTOR PUSAT","DMO FEE LANGGAK",,"DMO FEE","400.120/KANTOR PUSAT/DMO FEE/KANTOR PUSAT","KP","400","400","400.100",,"01","Aktifitas Operasi   ","Laba Rugi","Kredit","F","F","T",,"0.00","0.00","0.00","0.00","0.00","0.00","0.00","0.00","0.00","0.00","0.00","0.00","0.00","0.00","0.00","0.00","0.00","0.00","0.00","0.00","0.00","0.00","0.00","0.00","0.00","0.00","0.00","0.00","0.00","0.00","0.00","0.00","0.00","0.00","0.00","0.00","0.00","0.00","0.00","0.00","0.00","0.00","0.00","0.00","0.00","0.00","0.00","0.00","0.00","0.00","0.00","0.00","0.00","0.00","0.00","0.00","0.00","0.00","0.00","0.00","0.00","0.00","0.00","0.00","0.00","0.00","F",,"1","2023-01-16","2023-08-10","15:39:30","16:54:44","ADMIN","ADMIN"
"201","400.130","03",,"KANTOR PUSAT","CORPORATE & DIVIDEND TAX",,"CORP & DIV TAX","400.130/KANTOR PUSAT/CORP & DIV TAX/KANTOR PUSAT","KP","400","400","400.100",,"01","Aktifitas Operasi   ","Laba Rugi","Debet","F","F","T",,"0.00","0.00","0.00","0.00","0.00","0.00","0.00","0.00","0.00","0.00","0.00","0.00","0.00","0.00","0.00","0.00","0.00","0.00","0.00","0.00","0.00","0.00","0.00","0.00","0.00","0.00","0.00","0.00","0.00","0.00","0.00","0.00","0.00","0.00","0.00","0.00","0.00","0.00","0.00","0.00","0.00","0.00","0.00","0.00","0.00","0.00","0.00","0.00","0.00","0.00","0.00","0.00","0.00","0.00","0.00","0.00","0.00","0.00","0.00","0.00","0.00","0.00","0.00","0.00","0.00","0.00","F",,"1","2023-01-16","2023-08-10","15:41:48","16:55:13","ADMIN","ADMIN"
"202","500.000","01",,"KANTOR PUSAT","BEBAN ATAS PENDAPATAN",,"BEBAN ATAS PENDAPATAN","500.000/KANTOR PUSAT/BEBAN ATAS PENDAPATAN/KANTOR PUSAT","KP","500","500","500.000",,"01","Aktifitas Operasi   ","Laba Rugi","Debet","F","F","T"," ","0.00","0.00","0.00","0.00","0.00","0.00","0.00","0.00","0.00","0.00","0.00","0.00","0.00","0.00","0.00","0.00","0.00","0.00","0.00","0.00","0.00","0.00","0.00","0.00","0.00","0.00","0.00","0.00","0.00","0.00","0.00","0.00","0.00","0.00","0.00","0.00","0.00","0.00","0.00","0.00","0.00","0.00","0.00","0.00","0.00","0.00","0.00","0.00","0.00","0.00","0.00","0.00","0.00","0.00","0.00","0.00","0.00","0.00","0.00","0.00","0.00","0.00","0.00","0.00","0.00","0.00","F",,"1","2023-01-16","2023-01-16","15:46:15","17:44:18","ADMIN","ADMIN"
"203","500.100","03",,"KANTOR PUSAT","BEBAN COST RECOVERY LANGGAK",,"CR LGK","500.100/KANTOR PUSAT/CR LGK/KANTOR PUSAT","KP","500","500","500.000",,"01","Aktifitas Operasi   ","Laba Rugi","Debet","F","F","T",,"0.00","0.00","0.00","0.00","0.00","0.00","0.00","0.00","0.00","0.00","0.00","0.00","0.00","0.00","0.00","0.00","0.00","0.00","0.00","0.00","0.00","0.00","0.00","0.00","0.00","0.00","0.00","0.00","0.00","0.00","0.00","0.00","0.00","0.00","0.00","0.00","0.00","0.00","0.00","0.00","0.00","0.00","0.00","0.00","0.00","0.00","0.00","0.00","0.00","0.00","0.00","0.00","0.00","0.00","0.00","0.00","0.00","0.00","0.00","0.00","0.00","0.00","0.00","0.00","0.00","0.00","F",,"1","2023-01-16","2023-08-10","15:55:40","16:56:39","ADMIN","ADMIN"
"204","500.200","02",,"KANTOR PUSAT","BEBAN NON COST RECOVERY LANGGAK",,"NON CR LGK","500.200/KANTOR PUSAT/NON CR LGK/KANTOR PUSAT","KP","500","500","500.200",,"01","Aktifitas Operasi   ","Laba Rugi","Debet","F","F","T"," ","0.00","0.00","0.00","0.00","0.00","0.00","0.00","0.00","0.00","0.00","0.00","0.00","0.00","0.00","0.00","0.00","0.00","0.00","0.00","0.00","0.00","0.00","0.00","0.00","0.00","0.00","0.00","0.00","0.00","0.00","0.00","0.00","0.00","0.00","0.00","0.00","0.00","0.00","0.00","0.00","0.00","0.00","0.00","0.00","0.00","0.00","0.00","0.00","0.00","0.00","0.00","0.00","0.00","0.00","0.00","0.00","0.00","0.00","0.00","0.00","0.00","0.00","0.00","0.00","0.00","0.00","F",,"1","2023-01-16","2023-01-16","16:02:01","17:45:17","ADMIN","ADMIN"
"205","500.201","03",,"KANTOR PUSAT","BUNGA PINJAMAN BANK",,"BUNGA PINJ","500.201/KANTOR PUSAT/BUNGA PINJ/KANTOR PUSAT","KP","500","500","500.200",,"01","Aktifitas Operasi   ","Laba Rugi","Debet","F","F","T",,"0.00","0.00","0.00","0.00","0.00","0.00","0.00","0.00","0.00","0.00","0.00","0.00","0.00","0.00","0.00","0.00","0.00","0.00","0.00","0.00","0.00","0.00","0.00","0.00","0.00","0.00","0.00","0.00","0.00","0.00","0.00","0.00","0.00","0.00","0.00","0.00","0.00","0.00","0.00","0.00","0.00","0.00","0.00","0.00","0.00","0.00","0.00","0.00","0.00","0.00","0.00","0.00","0.00","0.00","0.00","0.00","0.00","0.00","0.00","0.00","0.00","0.00","0.00","0.00","0.00","0.00","F",,"1","2023-01-16","2023-08-10","16:21:11","16:57:02","ADMIN","ADMIN"
"206","500.202","03",,"KANTOR PUSAT","GAJI KARYAWAN",,"GAJI KARY","500.202/KANTOR PUSAT/GAJI KARY/KANTOR PUSAT","KP","500","500","500.200",,"01","Aktifitas Operasi   ","Laba Rugi","Debet","F","F","T",,"0.00","0.00","0.00","0.00","0.00","0.00","0.00","0.00","0.00","0.00","0.00","0.00","0.00","0.00","0.00","0.00","0.00","0.00","0.00","0.00","0.00","0.00","0.00","0.00","0.00","0.00","0.00","0.00","0.00","0.00","0.00","0.00","0.00","0.00","0.00","0.00","0.00","0.00","0.00","0.00","0.00","0.00","0.00","0.00","0.00","0.00","0.00","0.00","0.00","0.00","0.00","0.00","0.00","0.00","0.00","0.00","0.00","0.00","0.00","0.00","0.00","0.00","0.00","0.00","0.00","0.00","F",,"1","2023-01-16","2023-08-10","16:22:28","16:58:57","ADMIN","ADMIN"
"207","500.203","03",,"KANTOR PUSAT","BEBAN KONSULTAN",,"KONSULTAN","500.203/KANTOR PUSAT/KONSULTAN/KANTOR PUSAT","KP","500","500","500.200",,"01","Aktifitas Operasi   ","Laba Rugi","Debet","F","F","T",,"0.00","0.00","0.00","0.00","0.00","0.00","0.00","0.00","0.00","0.00","0.00","0.00","0.00","0.00","0.00","0.00","0.00","0.00","0.00","0.00","0.00","0.00","0.00","0.00","0.00","0.00","0.00","0.00","0.00","0.00","0.00","0.00","0.00","0.00","0.00","0.00","0.00","0.00","0.00","0.00","0.00","0.00","0.00","0.00","0.00","0.00","0.00","0.00","0.00","0.00","0.00","0.00","0.00","0.00","0.00","0.00","0.00","0.00","0.00","0.00","0.00","0.00","0.00","0.00","0.00","0.00","F",,"1","2023-01-16","2023-08-10","16:25:47","16:59:17","ADMIN","ADMIN"
"208","500.204","03",,"KANTOR PUSAT","DENDA PAJAK",,"DENDA PAJAK","500.204/KANTOR PUSAT/DENDA PAJAK/KANTOR PUSAT","KP","500","500","500.200",,"01","Aktifitas Operasi   ","Laba Rugi","Debet","F","F","T",,"0.00","0.00","0.00","0.00","0.00","0.00","0.00","0.00","0.00","0.00","0.00","0.00","0.00","0.00","0.00","0.00","0.00","0.00","0.00","0.00","0.00","0.00","0.00","0.00","0.00","0.00","0.00","0.00","0.00","0.00","0.00","0.00","0.00","0.00","0.00","0.00","0.00","0.00","0.00","0.00","0.00","0.00","0.00","0.00","0.00","0.00","0.00","0.00","0.00","0.00","0.00","0.00","0.00","0.00","0.00","0.00","0.00","0.00","0.00","0.00","0.00","0.00","0.00","0.00","0.00","0.00","F",,"1","2023-01-16","2023-08-10","16:27:57","16:59:52","ADMIN","ADMIN"
"209","500.205","03",,"KANTOR PUSAT","BEBAN LAIN-LAIN",,"LAIN","500.205/KANTOR PUSAT/LAIN/KANTOR PUSAT","KP","500","500","500.200",,"01","Aktifitas Operasi   ","Laba Rugi","Kredit","F","F","T",,"0.00","0.00","0.00","0.00","0.00","0.00","0.00","0.00","0.00","0.00","0.00","0.00","0.00","0.00","0.00","0.00","0.00","0.00","0.00","0.00","0.00","0.00","0.00","0.00","0.00","0.00","0.00","0.00","0.00","0.00","0.00","0.00","0.00","0.00","0.00","0.00","0.00","0.00","0.00","0.00","0.00","0.00","0.00","0.00","0.00","0.00","0.00","0.00","0.00","0.00","0.00","0.00","0.00","0.00","0.00","0.00","0.00","0.00","0.00","0.00","0.00","0.00","0.00","0.00","0.00","0.00","F",,"1","2023-01-16","2023-08-10","16:29:42","17:00:15","ADMIN","ADMIN"
"210","500.206","03",,"KANTOR PUSAT","BEBAN RAPAT",,"RAPAT","500.206/KANTOR PUSAT/RAPAT/KANTOR PUSAT","KP","500","500","500.200",,"01","Aktifitas Operasi   ","Laba Rugi","Debet","F","F","T",,"0.00","0.00","0.00","0.00","0.00","0.00","0.00","0.00","0.00","0.00","0.00","0.00","0.00","0.00","0.00","0.00","0.00","0.00","0.00","0.00","0.00","0.00","0.00","0.00","0.00","0.00","0.00","0.00","0.00","0.00","0.00","0.00","0.00","0.00","0.00","0.00","0.00","0.00","0.00","0.00","0.00","0.00","0.00","0.00","0.00","0.00","0.00","0.00","0.00","0.00","0.00","0.00","0.00","0.00","0.00","0.00","0.00","0.00","0.00","0.00","0.00","0.00","0.00","0.00","0.00","0.00","F",,"1","2023-01-16","2023-08-10","16:31:33","17:02:14","ADMIN","ADMIN"
"211","500.207","03",,"KANTOR PUSAT","BEBAN PENDIDIKAN & LATIHAN",,"PENDIDIKAN & LATIHAN","500.207/KANTOR PUSAT/PENDIDIKAN & LATIHAN/KANTOR PUSAT","KP","500","500","500.200",,"01","Aktifitas Operasi   ","Laba Rugi","Debet","F","F","T",,"0.00","0.00","0.00","0.00","0.00","0.00","0.00","0.00","0.00","0.00","0.00","0.00","0.00","0.00","0.00","0.00","0.00","0.00","0.00","0.00","0.00","0.00","0.00","0.00","0.00","0.00","0.00","0.00","0.00","0.00","0.00","0.00","0.00","0.00","0.00","0.00","0.00","0.00","0.00","0.00","0.00","0.00","0.00","0.00","0.00","0.00","0.00","0.00","0.00","0.00","0.00","0.00","0.00","0.00","0.00","0.00","0.00","0.00","0.00","0.00","0.00","0.00","0.00","0.00","0.00","0.00","F",,"1","2023-01-16","2023-08-10","16:50:59","17:02:36","ADMIN","ADMIN"
"212","500.208","03",,"KANTOR PUSAT","BEBAN PERJALANAN DINAS",,"PERJALANAN DINAS","500.208/KANTOR PUSAT/PERJALANAN DINAS/KANTOR PUSAT","KP","500","500","500.200",,"01","Aktifitas Operasi   ","Laba Rugi","Debet","F","F","T",,"0.00","0.00","0.00","0.00","0.00","0.00","0.00","0.00","0.00","0.00","0.00","0.00","0.00","0.00","0.00","0.00","0.00","0.00","0.00","0.00","0.00","0.00","0.00","0.00","0.00","0.00","0.00","0.00","0.00","0.00","0.00","0.00","0.00","0.00","0.00","0.00","0.00","0.00","0.00","0.00","0.00","0.00","0.00","0.00","0.00","0.00","0.00","0.00","0.00","0.00","0.00","0.00","0.00","0.00","0.00","0.00","0.00","0.00","0.00","0.00","0.00","0.00","0.00","0.00","0.00","0.00","F",,"1","2023-01-16","2023-08-10","16:52:53","17:24:01","ADMIN","ADMIN"
"213","500.209","03",,"KANTOR PUSAT","BEBAN REPRESENTATIF",,"REPRESENTATIF","500.209/KANTOR PUSAT/REPRESENTATIF/KANTOR PUSAT","KP","500","500","500.200",,"01","Aktifitas Operasi   ","Laba Rugi","Debet","F","F","T",,"0.00","0.00","0.00","0.00","0.00","0.00","0.00","0.00","0.00","0.00","0.00","0.00","0.00","0.00","0.00","0.00","0.00","0.00","0.00","0.00","0.00","0.00","0.00","0.00","0.00","0.00","0.00","0.00","0.00","0.00","0.00","0.00","0.00","0.00","0.00","0.00","0.00","0.00","0.00","0.00","0.00","0.00","0.00","0.00","0.00","0.00","0.00","0.00","0.00","0.00","0.00","0.00","0.00","0.00","0.00","0.00","0.00","0.00","0.00","0.00","0.00","0.00","0.00","0.00","0.00","0.00","F",,"1","2023-01-16","2023-08-10","16:57:27","17:24:53","ADMIN","ADMIN"
"214","500.210","03",,"KANTOR PUSAT","BEBAN PENGOBATAN",,"PENGOBATAN","500.210/KANTOR PUSAT/PENGOBATAN/KANTOR PUSAT","KP","500","500","500.200",,"01","Aktifitas Operasi   ","Laba Rugi","Debet","F","F","T",,"0.00","0.00","0.00","0.00","0.00","0.00","0.00","0.00","0.00","0.00","0.00","0.00","0.00","0.00","0.00","0.00","0.00","0.00","0.00","0.00","0.00","0.00","0.00","0.00","0.00","0.00","0.00","0.00","0.00","0.00","0.00","0.00","0.00","0.00","0.00","0.00","0.00","0.00","0.00","0.00","0.00","0.00","0.00","0.00","0.00","0.00","0.00","0.00","0.00","0.00","0.00","0.00","0.00","0.00","0.00","0.00","0.00","0.00","0.00","0.00","0.00","0.00","0.00","0.00","0.00","0.00","F",,"1","2023-01-16","2023-08-10","17:10:22","17:25:44","ADMIN","ADMIN"
"215","500.211","03",,"KANTOR PUSAT","BEBAN TRANSPORTASI",,"TRANSPORT","500.211/KANTOR PUSAT/TRANSPORT/KANTOR PUSAT","KP","500","500","500.200",,"01","Aktifitas Operasi   ","Laba Rugi","Debet","F","F","T",,"0.00","0.00","0.00","0.00","0.00","0.00","0.00","0.00","0.00","0.00","0.00","0.00","0.00","0.00","0.00","0.00","0.00","0.00","0.00","0.00","0.00","0.00","0.00","0.00","0.00","0.00","0.00","0.00","0.00","0.00","0.00","0.00","0.00","0.00","0.00","0.00","0.00","0.00","0.00","0.00","0.00","0.00","0.00","0.00","0.00","0.00","0.00","0.00","0.00","0.00","0.00","0.00","0.00","0.00","0.00","0.00","0.00","0.00","0.00","0.00","0.00","0.00","0.00","0.00","0.00","0.00","F",,"1","2023-01-16","2023-08-10","17:13:02","17:26:01","ADMIN","ADMIN"
"216","500.212","03",,"KANTOR PUSAT","BEBAN SUMBANGAN",,"SUMBANGAN","500.212/KANTOR PUSAT/SUMBANGAN/KANTOR PUSAT","KP","500","500","500.200",,"01","Aktifitas Operasi   ","Laba Rugi","Debet","F","F","T",,"0.00","0.00","0.00","0.00","0.00","0.00","0.00","0.00","0.00","0.00","0.00","0.00","0.00","0.00","0.00","0.00","0.00","0.00","0.00","0.00","0.00","0.00","0.00","0.00","0.00","0.00","0.00","0.00","0.00","0.00","0.00","0.00","0.00","0.00","0.00","0.00","0.00","0.00","0.00","0.00","0.00","0.00","0.00","0.00","0.00","0.00","0.00","0.00","0.00","0.00","0.00","0.00","0.00","0.00","0.00","0.00","0.00","0.00","0.00","0.00","0.00","0.00","0.00","0.00","0.00","0.00","F",,"1","2023-01-16","2023-08-10","17:13:45","17:26:21","ADMIN","ADMIN"
"217","500.300","03",,"KANTOR PUSAT","SHARING COST",,"SHARING COST","500.300/KANTOR PUSAT/SHARING COST/KANTOR PUSAT","KP","500","500","500.300",,"01","Aktifitas Operasi   ","Laba Rugi","Debet","F","F","T"," ","0.00","0.00","0.00","0.00","0.00","0.00","0.00","0.00","0.00","0.00","0.00","0.00","0.00","0.00","0.00","0.00","0.00","0.00","0.00","0.00","0.00","0.00","0.00","0.00","0.00","0.00","0.00","0.00","0.00","0.00","0.00","0.00","0.00","0.00","0.00","0.00","0.00","0.00","0.00","0.00","0.00","0.00","0.00","0.00","0.00","0.00","0.00","0.00","0.00","0.00","0.00","0.00","0.00","0.00","0.00","0.00","0.00","0.00","0.00","0.00","0.00","0.00","0.00","0.00","0.00","0.00","F",,"1","2023-01-16","2023-01-16","17:18:57","17:50:52","ADMIN","ADMIN"
"218","600.000","01",,"KANTOR PUSAT","BEBAN OPERASIONAL",,"BEBAN OPERASIONAL","600.000/KANTOR PUSAT/BEBAN OPERASIONAL/KANTOR PUSAT","KP","600","600","600.000",,"01","Aktifitas Operasi   ","Laba Rugi","Debet","F","F","T"," ","0.00","0.00","0.00","0.00","0.00","0.00","0.00","0.00","0.00","0.00","0.00","0.00","0.00","0.00","0.00","0.00","0.00","0.00","0.00","0.00","0.00","0.00","0.00","0.00","0.00","0.00","0.00","0.00","0.00","0.00","0.00","0.00","0.00","0.00","0.00","0.00","0.00","0.00","0.00","0.00","0.00","0.00","0.00","0.00","0.00","0.00","0.00","0.00","0.00","0.00","0.00","0.00","0.00","0.00","0.00","0.00","0.00","0.00","0.00","0.00","0.00","0.00","0.00","0.00","0.00","0.00","F",,"1","2023-01-16","2023-01-16","17:29:14","17:51:14","ADMIN","ADMIN"
"219","620.000","02",,"KANTOR PUSAT","BEBAN ADMINISTRASI & UMUM",,"BEBAN ADMINISTRASI","620.000/KANTOR PUSAT/BEBAN ADMINISTRASI/KANTOR PUSAT","KP","600","600","600.000",,"01","Aktifitas Operasi   ","Laba Rugi","Debet","F","F","T"," ","0.00","0.00","0.00","0.00","0.00","0.00","0.00","0.00","0.00","0.00","0.00","0.00","0.00","0.00","0.00","0.00","0.00","0.00","0.00","0.00","0.00","0.00","0.00","0.00","0.00","0.00","0.00","0.00","0.00","0.00","0.00","0.00","0.00","0.00","0.00","0.00","0.00","0.00","0.00","0.00","0.00","0.00","0.00","0.00","0.00","0.00","0.00","0.00","0.00","0.00","0.00","0.00","0.00","0.00","0.00","0.00","0.00","0.00","0.00","0.00","0.00","0.00","0.00","0.00","0.00","0.00","F",,"1","2023-01-16","2023-01-16","17:33:55","17:51:29","ADMIN","ADMIN"
"220","620.010","02",,"KANTOR PUSAT","BEBAN GAJI DAN TUNJANGAN",,"BEBAN GAJI & TUNJANGAN","620.010/KANTOR PUSAT/BEBAN GAJI & TUNJANGAN/KANTOR PUSAT","KP","600","600","620.010",,"01","Aktifitas Operasi   ","Laba Rugi","Debet","F","F","T"," ","0.00","0.00","0.00","0.00","0.00","0.00","0.00","0.00","0.00","0.00","0.00","0.00","0.00","0.00","0.00","0.00","0.00","0.00","0.00","0.00","0.00","0.00","0.00","0.00","0.00","0.00","0.00","0.00","0.00","0.00","0.00","0.00","0.00","0.00","0.00","0.00","0.00","0.00","0.00","0.00","0.00","0.00","0.00","0.00","0.00","0.00","0.00","0.00","0.00","0.00","0.00","0.00","0.00","0.00","0.00","0.00","0.00","0.00","0.00","0.00","0.00","0.00","0.00","0.00","0.00","0.00","F",,"1","2023-01-16","2023-01-16","17:37:48","17:51:57","ADMIN","ADMIN"
"221","620.011","03",,"KANTOR PUSAT","BEBAN GAJI KARYAWAN",,"GAJI KARY","620.011/KANTOR PUSAT/GAJI KARY/KANTOR PUSAT","KP","600","600","620.010",,"01","Aktifitas Operasi   ","Laba Rugi","Debet","F","F","T",,"0.00","0.00","0.00","0.00","0.00","0.00","0.00","0.00","0.00","0.00","0.00","0.00","0.00","0.00","0.00","0.00","0.00","0.00","0.00","0.00","0.00","0.00","0.00","0.00","0.00","0.00","0.00","0.00","0.00","0.00","0.00","0.00","0.00","0.00","0.00","0.00","0.00","0.00","0.00","0.00","0.00","0.00","0.00","0.00","0.00","0.00","0.00","0.00","0.00","0.00","0.00","0.00","0.00","0.00","0.00","0.00","0.00","0.00","0.00","0.00","0.00","0.00","0.00","0.00","0.00","0.00","F",,"1","2023-01-16","2023-07-06","17:39:30","10:30:23","ADMIN","ADMIN"
"222","620.011","03",,"KANTOR PUSAT","GAJI DIREKSI & KOMISARIS",,"GAJI BOD","620.011/KANTOR PUSAT/GAJI BOD/KANTOR PUSAT","KP","600","600","620.010",,"01","Aktifitas Operasi   ","Laba Rugi","Debet","F","F","T"," ","0.00","0.00","0.00","0.00","0.00","0.00","0.00","0.00","0.00","0.00","0.00","0.00","0.00","0.00","0.00","0.00","0.00","0.00","0.00","0.00","0.00","0.00","0.00","0.00","0.00","0.00","0.00","0.00","0.00","0.00","0.00","0.00","0.00","0.00","0.00","0.00","0.00","0.00","0.00","0.00","0.00","0.00","0.00","0.00","0.00","0.00","0.00","0.00","0.00","0.00","0.00","0.00","0.00","0.00","0.00","0.00","0.00","0.00","0.00","0.00","0.00","0.00","0.00","0.00","0.00","0.00","F",,"1","2023-01-16","2023-01-16","17:40:50","17:52:35","ADMIN","ADMIN"
"223","620.012","03",,"KANTOR PUSAT","THR/TUNJANGAN",,"THR/TUNJ","620.012/KANTOR PUSAT/THR/TUNJ/KANTOR PUSAT","KP","600","600","620.010",,"01","Aktifitas Operasi   ","Laba Rugi","Debet","F","F","T",,"0.00","0.00","0.00","0.00","0.00","0.00","0.00","0.00","0.00","0.00","0.00","0.00","0.00","0.00","0.00","0.00","0.00","0.00","0.00","0.00","0.00","0.00","0.00","0.00","0.00","0.00","0.00","0.00","0.00","0.00","0.00","0.00","0.00","0.00","0.00","0.00","0.00","0.00","0.00","0.00","0.00","0.00","0.00","0.00","0.00","0.00","0.00","0.00","0.00","0.00","0.00","0.00","0.00","0.00","0.00","0.00","0.00","0.00","0.00","0.00","0.00","0.00","0.00","0.00","0.00","0.00","F",,"1","2023-01-16","2023-08-09","17:42:07","14:39:45","ADMIN","ADMIN"
"224","620.013","03",,"KANTOR PUSAT","BONUS",,"BONUS","620.013/KANTOR PUSAT/BONUS/KANTOR PUSAT","KP","600","600","620.010",,"01","Aktifitas Operasi   ","Laba Rugi","Debet","F","F","T"," ","0.00","0.00","0.00","0.00","0.00","0.00","0.00","0.00","0.00","0.00","0.00","0.00","0.00","0.00","0.00","0.00","0.00","0.00","0.00","0.00","0.00","0.00","0.00","0.00","0.00","0.00","0.00","0.00","0.00","0.00","0.00","0.00","0.00","0.00","0.00","0.00","0.00","0.00","0.00","0.00","0.00","0.00","0.00","0.00","0.00","0.00","0.00","0.00","0.00","0.00","0.00","0.00","0.00","0.00","0.00","0.00","0.00","0.00","0.00","0.00","0.00","0.00","0.00","0.00","0.00","0.00","F",,"1","2023-01-16","2023-01-16","17:55:03","17:55:03","ADMIN","ADMIN"
"225","620.014","03",,"KANTOR PUSAT","LEMBUR",,"LEMBUR","620.014/KANTOR PUSAT/LEMBUR/KANTOR PUSAT","KP","600","600","620.010",,"01","Aktifitas Operasi   ","Laba Rugi","Debet","F","F","T",,"0.00","0.00","0.00","0.00","0.00","0.00","0.00","0.00","0.00","0.00","0.00","0.00","0.00","0.00","0.00","0.00","0.00","0.00","0.00","0.00","0.00","0.00","0.00","0.00","0.00","0.00","0.00","0.00","0.00","0.00","0.00","0.00","0.00","0.00","0.00","0.00","0.00","0.00","0.00","0.00","0.00","0.00","0.00","0.00","0.00","0.00","0.00","0.00","0.00","0.00","0.00","0.00","0.00","0.00","0.00","0.00","0.00","0.00","0.00","0.00","0.00","0.00","0.00","0.00","0.00","0.00","F",,"1","2023-01-16","2023-07-06","17:56:03","10:31:12","ADMIN","ADMIN"
"226","620.015","03",,"KANTOR PUSAT","TUNJANGAN MAKAN",,"MAKAN","620.015/KANTOR PUSAT/MAKAN/KANTOR PUSAT","KP","600","600","620.010",,"01","Aktifitas Operasi   ","Laba Rugi","Debet","F","F","T"," ","0.00","0.00","0.00","0.00","0.00","0.00","0.00","0.00","0.00","0.00","0.00","0.00","0.00","0.00","0.00","0.00","0.00","0.00","0.00","0.00","0.00","0.00","0.00","0.00","0.00","0.00","0.00","0.00","0.00","0.00","0.00","0.00","0.00","0.00","0.00","0.00","0.00","0.00","0.00","0.00","0.00","0.00","0.00","0.00","0.00","0.00","0.00","0.00","0.00","0.00","0.00","0.00","0.00","0.00","0.00","0.00","0.00","0.00","0.00","0.00","0.00","0.00","0.00","0.00","0.00","0.00","F",,"1","2023-01-16","2023-01-16","17:57:05","17:57:05","ADMIN","ADMIN"
"227","620.016","03",,"KANTOR PUSAT","TUNJANGAN CUTI",,"TUNJ CUTI","620.016/KANTOR PUSAT/TUNJ CUTI/KANTOR PUSAT","KP","600","600","620.010",,"01","Aktifitas Operasi   ","Laba Rugi","Debet","F","F","T",,"0.00","0.00","0.00","0.00","0.00","0.00","0.00","0.00","0.00","0.00","0.00","0.00","0.00","0.00","0.00","0.00","0.00","0.00","0.00","0.00","0.00","0.00","0.00","0.00","0.00","0.00","0.00","0.00","0.00","0.00","0.00","0.00","0.00","0.00","0.00","0.00","0.00","0.00","0.00","0.00","0.00","0.00","0.00","0.00","0.00","0.00","0.00","0.00","0.00","0.00","0.00","0.00","0.00","0.00","0.00","0.00","0.00","0.00","0.00","0.00","0.00","0.00","0.00","0.00","0.00","0.00","F",,"1","2023-01-16","2023-07-06","17:58:49","10:31:55","ADMIN","ADMIN"
"228","620.017","03",,"KANTOR PUSAT","TUNJANGAN PESANGON",,"PESANGON","620.017/KANTOR PUSAT/PESANGON/KANTOR PUSAT","KP","600","600","620.010",,"01","Aktifitas Operasi   ","Laba Rugi","Debet","F","F","T"," ","0.00","0.00","0.00","0.00","0.00","0.00","0.00","0.00","0.00","0.00","0.00","0.00","0.00","0.00","0.00","0.00","0.00","0.00","0.00","0.00","0.00","0.00","0.00","0.00","0.00","0.00","0.00","0.00","0.00","0.00","0.00","0.00","0.00","0.00","0.00","0.00","0.00","0.00","0.00","0.00","0.00","0.00","0.00","0.00","0.00","0.00","0.00","0.00","0.00","0.00","0.00","0.00","0.00","0.00","0.00","0.00","0.00","0.00","0.00","0.00","0.00","0.00","0.00","0.00","0.00","0.00","F",,"1","2023-01-16","2023-01-16","18:01:28","18:01:28","ADMIN","ADMIN"
"229","620.020","02",,"KANTOR PUSAT","BEBAN IT",,"BEBAN IT","620.020/KANTOR PUSAT/BEBAN IT/KANTOR PUSAT","KP","600","600","620.020",,"01","Aktifitas Operasi   ","Laba Rugi","Debet","F","F","T"," ","0.00","0.00","0.00","0.00","0.00","0.00","0.00","0.00","0.00","0.00","0.00","0.00","0.00","0.00","0.00","0.00","0.00","0.00","0.00","0.00","0.00","0.00","0.00","0.00","0.00","0.00","0.00","0.00","0.00","0.00","0.00","0.00","0.00","0.00","0.00","0.00","0.00","0.00","0.00","0.00","0.00","0.00","0.00","0.00","0.00","0.00","0.00","0.00","0.00","0.00","0.00","0.00","0.00","0.00","0.00","0.00","0.00","0.00","0.00","0.00","0.00","0.00","0.00","0.00","0.00","0.00","F",,"1","2023-01-16","2023-01-16","18:04:45","18:04:45","ADMIN","ADMIN"
"230","620.021","03",,"KANTOR PUSAT","COMPUTER SUPPLIES",,"COMP SUPP","620.021/KANTOR PUSAT/COMP SUPP/KANTOR PUSAT","KP","600","600","620.020",,"01","Aktifitas Operasi   ","Laba Rugi","Debet","F","F","T",,"0.00","0.00","0.00","0.00","0.00","0.00","0.00","0.00","0.00","0.00","0.00","0.00","0.00","0.00","0.00","0.00","0.00","0.00","0.00","0.00","0.00","0.00","0.00","0.00","0.00","0.00","0.00","0.00","0.00","0.00","0.00","0.00","0.00","0.00","0.00","0.00","0.00","0.00","0.00","0.00","0.00","0.00","0.00","0.00","0.00","0.00","0.00","0.00","0.00","0.00","0.00","0.00","0.00","0.00","0.00","0.00","0.00","0.00","0.00","0.00","0.00","0.00","0.00","0.00","0.00","0.00","F",,"1","2023-01-16","2023-07-06","18:08:07","10:32:53","ADMIN","ADMIN"
"231","620.022","03",,"KANTOR PUSAT","SEWA IT",,"SEWA IT","620.022/KANTOR PUSAT/SEWA IT/KANTOR PUSAT","KP","600","600","620.020",,"01","Aktifitas Operasi   ","Laba Rugi","Debet","F","F","T"," ","0.00","0.00","0.00","0.00","0.00","0.00","0.00","0.00","0.00","0.00","0.00","0.00","0.00","0.00","0.00","0.00","0.00","0.00","0.00","0.00","0.00","0.00","0.00","0.00","0.00","0.00","0.00","0.00","0.00","0.00","0.00","0.00","0.00","0.00","0.00","0.00","0.00","0.00","0.00","0.00","0.00","0.00","0.00","0.00","0.00","0.00","0.00","0.00","0.00","0.00","0.00","0.00","0.00","0.00","0.00","0.00","0.00","0.00","0.00","0.00","0.00","0.00","0.00","0.00","0.00","0.00","F",,"1","2023-01-16","2023-01-16","18:09:29","18:09:29","ADMIN","ADMIN"
"232","620.030","02",,"KANTOR PUSAT","BEBAN KANTOR/ALAT TULIS KANTOR",,"BEBAN KANTOR/ATK","620.030/KANTOR PUSAT/BEBAN KANTOR/ATK/KANTOR PUSAT","KP","600","600","620.030",,"01","Aktifitas Operasi   ","Laba Rugi","Debet","F","F","T"," ","0.00","0.00","0.00","0.00","0.00","0.00","0.00","0.00","0.00","0.00","0.00","0.00","0.00","0.00","0.00","0.00","0.00","0.00","0.00","0.00","0.00","0.00","0.00","0.00","0.00","0.00","0.00","0.00","0.00","0.00","0.00","0.00","0.00","0.00","0.00","0.00","0.00","0.00","0.00","0.00","0.00","0.00","0.00","0.00","0.00","0.00","0.00","0.00","0.00","0.00","0.00","0.00","0.00","0.00","0.00","0.00","0.00","0.00","0.00","0.00","0.00","0.00","0.00","0.00","0.00","0.00","F",,"1","2023-01-16","2023-01-16","18:10:34","18:10:34","ADMIN","ADMIN"
"233","620.031","03",,"KANTOR PUSAT","ALAT TULIS KANTOR",,"ATK","620.031/KANTOR PUSAT/ATK/KANTOR PUSAT","KP","600","600","620.030",,"01","Aktifitas Operasi   ","Laba Rugi","Debet","F","F","T",,"0.00","0.00","0.00","0.00","0.00","0.00","0.00","0.00","0.00","0.00","0.00","0.00","0.00","0.00","0.00","0.00","0.00","0.00","0.00","0.00","0.00","0.00","0.00","0.00","0.00","0.00","0.00","0.00","0.00","0.00","0.00","0.00","0.00","0.00","0.00","0.00","0.00","0.00","0.00","0.00","0.00","0.00","0.00","0.00","0.00","0.00","0.00","0.00","0.00","0.00","0.00","0.00","0.00","0.00","0.00","0.00","0.00","0.00","0.00","0.00","0.00","0.00","0.00","0.00","0.00","0.00","F",,"1","2023-01-16","2023-07-06","18:12:29","10:33:33","ADMIN","ADMIN"
"234","620.032","02",,"KANTOR PUSAT","BARANG CETAKAN",,"CETAKAN","620.032/KANTOR PUSAT/CETAKAN/KANTOR PUSAT","KP","600","600","620.030",,"01","Aktifitas Operasi   ","Laba Rugi","Debet","F","F","T"," ","0.00","0.00","0.00","0.00","0.00","0.00","0.00","0.00","0.00","0.00","0.00","0.00","0.00","0.00","0.00","0.00","0.00","0.00","0.00","0.00","0.00","0.00","0.00","0.00","0.00","0.00","0.00","0.00","0.00","0.00","0.00","0.00","0.00","0.00","0.00","0.00","0.00","0.00","0.00","0.00","0.00","0.00","0.00","0.00","0.00","0.00","0.00","0.00","0.00","0.00","0.00","0.00","0.00","0.00","0.00","0.00","0.00","0.00","0.00","0.00","0.00","0.00","0.00","0.00","0.00","0.00","F",,"1","2023-01-16","2023-01-16","18:15:29","18:15:29","ADMIN","ADMIN"
"235","620.032","03",,"KANTOR PUSAT","PLAKAT",,"PLAKAT","620.032/KANTOR PUSAT/PLAKAT/KANTOR PUSAT","KP","600","600","620.032",,"01","Aktifitas Operasi   ","Laba Rugi","Debet","F","F","T"," ","0.00","0.00","0.00","0.00","0.00","0.00","0.00","0.00","0.00","0.00","0.00","0.00","0.00","0.00","0.00","0.00","0.00","0.00","0.00","0.00","0.00","0.00","0.00","0.00","0.00","0.00","0.00","0.00","0.00","0.00","0.00","0.00","0.00","0.00","0.00","0.00","0.00","0.00","0.00","0.00","0.00","0.00","0.00","0.00","0.00","0.00","0.00","0.00","0.00","0.00","0.00","0.00","0.00","0.00","0.00","0.00","0.00","0.00","0.00","0.00","0.00","0.00","0.00","0.00","0.00","0.00","F",,"1","2023-01-16","2023-01-16","18:17:49","18:17:49","ADMIN","ADMIN"
"236","620.032","03",,"KANTOR PUSAT","BALIHO",,"BALIHO","620.032/KANTOR PUSAT/BALIHO/KANTOR PUSAT","KP","600","600","620.032",,"01","Aktifitas Operasi   ","Laba Rugi","Debet","F","F","T"," ","0.00","0.00","0.00","0.00","0.00","0.00","0.00","0.00","0.00","0.00","0.00","0.00","0.00","0.00","0.00","0.00","0.00","0.00","0.00","0.00","0.00","0.00","0.00","0.00","0.00","0.00","0.00","0.00","0.00","0.00","0.00","0.00","0.00","0.00","0.00","0.00","0.00","0.00","0.00","0.00","0.00","0.00","0.00","0.00","0.00","0.00","0.00","0.00","0.00","0.00","0.00","0.00","0.00","0.00","0.00","0.00","0.00","0.00","0.00","0.00","0.00","0.00","0.00","0.00","0.00","0.00","F",,"1","2023-01-16","2023-01-18","18:19:02","10:30:52","ADMIN","ADMIN"
"237","620.032","03",,"KANTOR PUSAT","CETAKAN LAINNYA",,"CETAKAN LAINNYA","620.032/KANTOR PUSAT/CETAKAN LAINNYA/KANTOR PUSAT","KP","600","600","620.032",,"01","Aktifitas Operasi   ","Laba Rugi","Debet","F","F","T",,"0.00","0.00","0.00","0.00","0.00","0.00","0.00","0.00","0.00","0.00","0.00","0.00","0.00","0.00","0.00","0.00","0.00","0.00","0.00","0.00","0.00","0.00","0.00","0.00","0.00","0.00","0.00","0.00","0.00","0.00","0.00","0.00","0.00","0.00","0.00","0.00","0.00","0.00","0.00","0.00","0.00","0.00","0.00","0.00","0.00","0.00","0.00","0.00","0.00","0.00","0.00","0.00","0.00","0.00","0.00","0.00","0.00","0.00","0.00","0.00","0.00","0.00","0.00","0.00","0.00","0.00","F",,"1","2023-01-16","2023-08-10","18:19:54","17:27:00","ADMIN","ADMIN"
"238","620.033","03",,"KANTOR PUSAT","BEBAN FOTOCOPY",,"FOTOCOPY","620.033/KANTOR PUSAT/FOTOCOPY/KANTOR PUSAT","KP","600","600","620.030",,"01","Aktifitas Operasi   ","Laba Rugi","Debet","F","F","T",,"0.00","0.00","0.00","0.00","0.00","0.00","0.00","0.00","0.00","0.00","0.00","0.00","0.00","0.00","0.00","0.00","0.00","0.00","0.00","0.00","0.00","0.00","0.00","0.00","0.00","0.00","0.00","0.00","0.00","0.00","0.00","0.00","0.00","0.00","0.00","0.00","0.00","0.00","0.00","0.00","0.00","0.00","0.00","0.00","0.00","0.00","0.00","0.00","0.00","0.00","0.00","0.00","0.00","0.00","0.00","0.00","0.00","0.00","0.00","0.00","0.00","0.00","0.00","0.00","0.00","0.00","F",,"1","2023-01-16","2023-07-06","18:20:46","10:34:13","ADMIN","ADMIN"
"239","620.040","03",,"KANTOR PUSAT","BEBAN LISTRIK",,"LISTRIK","620.040/KANTOR PUSAT/LISTRIK/KANTOR PUSAT","KP","600","600","620.000",,"01","Aktifitas Operasi   ","Laba Rugi","Debet","F","F","T",,"0.00","0.00","0.00","0.00","0.00","0.00","0.00","0.00","0.00","0.00","0.00","0.00","0.00","0.00","0.00","0.00","0.00","0.00","0.00","0.00","0.00","0.00","0.00","0.00","0.00","0.00","0.00","0.00","0.00","0.00","0.00","0.00","0.00","0.00","0.00","0.00","0.00","0.00","0.00","0.00","0.00","0.00","0.00","0.00","0.00","0.00","0.00","0.00","0.00","0.00","0.00","0.00","0.00","0.00","0.00","0.00","0.00","0.00","0.00","0.00","0.00","0.00","0.00","0.00","0.00","0.00","F",,"1","2023-01-17","2023-07-06","08:30:38","10:34:47","ADMIN","ADMIN"
"240","620.050","03",,"KANTOR PUSAT","BEBAN TELEPON/FAX/KOMUNIKASI",,"TELEPON","620.050/KANTOR PUSAT/TELEPON/KANTOR PUSAT","KP","600","600","620.000",,"01","Aktifitas Operasi   ","Laba Rugi","Debet","F","F","T",,"0.00","0.00","0.00","0.00","0.00","0.00","0.00","0.00","0.00","0.00","0.00","0.00","0.00","0.00","0.00","0.00","0.00","0.00","0.00","0.00","0.00","0.00","0.00","0.00","0.00","0.00","0.00","0.00","0.00","0.00","0.00","0.00","0.00","0.00","0.00","0.00","0.00","0.00","0.00","0.00","0.00","0.00","0.00","0.00","0.00","0.00","0.00","0.00","0.00","0.00","0.00","0.00","0.00","0.00","0.00","0.00","0.00","0.00","0.00","0.00","0.00","0.00","0.00","0.00","0.00","0.00","F",,"1","2023-01-17","2023-07-06","08:31:30","10:35:05","ADMIN","ADMIN"
"241","620.060","02",,"KANTOR PUSAT","BEBAN PERAWATAN BANGUNAN & INVENTARIS",,"PERAWATAN BGNAN & INV","620.060/KANTOR PUSAT/PERAWATAN BGNAN & INV/KANTOR PUSAT","KP","600","600","620.000",,"01","Aktifitas Operasi   ","Laba Rugi","Debet","F","F","T"," ","0.00","0.00","0.00","0.00","0.00","0.00","0.00","0.00","0.00","0.00","0.00","0.00","0.00","0.00","0.00","0.00","0.00","0.00","0.00","0.00","0.00","0.00","0.00","0.00","0.00","0.00","0.00","0.00","0.00","0.00","0.00","0.00","0.00","0.00","0.00","0.00","0.00","0.00","0.00","0.00","0.00","0.00","0.00","0.00","0.00","0.00","0.00","0.00","0.00","0.00","0.00","0.00","0.00","0.00","0.00","0.00","0.00","0.00","0.00","0.00","0.00","0.00","0.00","0.00","0.00","0.00","F",,"1","2023-01-17","2023-01-17","08:33:27","09:17:21","ADMIN","ADMIN"
"242","620.061","03",,"KANTOR PUSAT","BEBAN PEMELIHARAAN BANGUNAN",,"PEM BANGUNAN","620.061/KANTOR PUSAT/PEM BANGUNAN/KANTOR PUSAT","KP","600","600","620.060",,"01","Aktifitas Operasi   ","Laba Rugi","Debet","F","F","T",,"0.00","0.00","0.00","0.00","0.00","0.00","0.00","0.00","0.00","0.00","0.00","0.00","0.00","0.00","0.00","0.00","0.00","0.00","0.00","0.00","0.00","0.00","0.00","0.00","0.00","0.00","0.00","0.00","0.00","0.00","0.00","0.00","0.00","0.00","0.00","0.00","0.00","0.00","0.00","0.00","0.00","0.00","0.00","0.00","0.00","0.00","0.00","0.00","0.00","0.00","0.00","0.00","0.00","0.00","0.00","0.00","0.00","0.00","0.00","0.00","0.00","0.00","0.00","0.00","0.00","0.00","F",,"1","2023-01-17","2023-07-06","08:57:31","10:35:33","ADMIN","ADMIN"
"243","620.062","03",,"KANTOR PUSAT","BEBAN PEMELIHARAAN INVENTARIS",,"PEM INVENTARIS","620.062/KANTOR PUSAT/PEMELIHARAAN KENDARAAN/KANTOR PUSAT","KP","600","600","620.060",,"01","Aktifitas Operasi   ","Laba Rugi","Debet","F","F","T",,"0.00","0.00","0.00","0.00","0.00","0.00","0.00","0.00","0.00","0.00","0.00","0.00","0.00","0.00","0.00","0.00","0.00","0.00","0.00","0.00","0.00","0.00","0.00","0.00","0.00","0.00","0.00","0.00","0.00","0.00","0.00","0.00","0.00","0.00","0.00","0.00","0.00","0.00","0.00","0.00","0.00","0.00","0.00","0.00","0.00","0.00","0.00","0.00","0.00","0.00","0.00","0.00","0.00","0.00","0.00","0.00","0.00","0.00","0.00","0.00","0.00","0.00","0.00","0.00","0.00","0.00","F",,"1","2023-01-17","2023-07-06","09:00:30","10:35:50","ADMIN","ADMIN"
"244","620.070","03",,"KANTOR PUSAT","BEBAN PERJALANAN DINAS",,"PERJALANAN DINAS","620.070/KANTOR PUSAT/PERJALANAN DINAS/KANTOR PUSAT","KP","600","600","620.000",,"01","Aktifitas Operasi   ","Laba Rugi","Debet","F","F","T",,"0.00","0.00","0.00","0.00","0.00","0.00","0.00","0.00","0.00","0.00","0.00","0.00","0.00","0.00","0.00","0.00","0.00","0.00","0.00","0.00","0.00","0.00","0.00","0.00","0.00","0.00","0.00","0.00","0.00","0.00","0.00","0.00","0.00","0.00","0.00","0.00","0.00","0.00","0.00","0.00","0.00","0.00","0.00","0.00","0.00","0.00","0.00","0.00","0.00","0.00","0.00","0.00","0.00","0.00","0.00","0.00","0.00","0.00","0.00","0.00","0.00","0.00","0.00","0.00","0.00","0.00","F",,"1","2023-01-17","2023-07-06","09:11:57","10:36:04","ADMIN","ADMIN"
"245","620.080","02",,"KANTOR PUSAT","BEBAN PENGEMBANGAN USAHA",,"PENGEMBANGAN USAHA","620.080/KANTOR PUSAT/PENGEMBANGAN USAHA/KANTOR PUSAT","KP","600","600","620.000",,"01","Aktifitas Operasi   ","Laba Rugi","Debet","F","F","T"," ","0.00","0.00","0.00","0.00","0.00","0.00","0.00","0.00","0.00","0.00","0.00","0.00","0.00","0.00","0.00","0.00","0.00","0.00","0.00","0.00","0.00","0.00","0.00","0.00","0.00","0.00","0.00","0.00","0.00","0.00","0.00","0.00","0.00","0.00","0.00","0.00","0.00","0.00","0.00","0.00","0.00","0.00","0.00","0.00","0.00","0.00","0.00","0.00","0.00","0.00","0.00","0.00","0.00","0.00","0.00","0.00","0.00","0.00","0.00","0.00","0.00","0.00","0.00","0.00","0.00","0.00","F",,"1","2023-01-17","2023-01-17","09:15:53","09:15:53","ADMIN","ADMIN"
"246","620.081","03",,"KANTOR PUSAT","BEBAN PERIZINAN",,"IZIN","620.081/KANTOR PUSAT/IZIN/KANTOR PUSAT","KP","600","600","620.080",,"01","Aktifitas Operasi   ","Laba Rugi","Debet","F","F","T",,"0.00","0.00","0.00","0.00","0.00","0.00","0.00","0.00","0.00","0.00","0.00","0.00","0.00","0.00","0.00","0.00","0.00","0.00","0.00","0.00","0.00","0.00","0.00","0.00","0.00","0.00","0.00","0.00","0.00","0.00","0.00","0.00","0.00","0.00","0.00","0.00","0.00","0.00","0.00","0.00","0.00","0.00","0.00","0.00","0.00","0.00","0.00","0.00","0.00","0.00","0.00","0.00","0.00","0.00","0.00","0.00","0.00","0.00","0.00","0.00","0.00","0.00","0.00","0.00","0.00","0.00","F",,"1","2023-01-17","2023-07-06","09:19:38","10:36:38","ADMIN","ADMIN"
"247","620.082","03",,"KANTOR PUSAT","BEBAN KONSULTAN",,"KONSULTAN","620.082/KANTOR PUSAT/KONSULTAN/KANTOR PUSAT","KP","600","600","620.080",,"01","Aktifitas Operasi   ","Laba Rugi","Debet","F","F","T",,"0.00","0.00","0.00","0.00","0.00","0.00","0.00","0.00","0.00","0.00","0.00","0.00","0.00","0.00","0.00","0.00","0.00","0.00","0.00","0.00","0.00","0.00","0.00","0.00","0.00","0.00","0.00","0.00","0.00","0.00","0.00","0.00","0.00","0.00","0.00","0.00","0.00","0.00","0.00","0.00","0.00","0.00","0.00","0.00","0.00","0.00","0.00","0.00","0.00","0.00","0.00","0.00","0.00","0.00","0.00","0.00","0.00","0.00","0.00","0.00","0.00","0.00","0.00","0.00","0.00","0.00","F",,"1","2023-01-17","2023-07-06","09:21:45","10:36:56","ADMIN","ADMIN"
"248","620.083","03",,"KANTOR PUSAT","BEBAN PENGEMBANGAN USAHA",,"PENGEMBANGAN USAHA","620.083/KANTOR PUSAT/PENGEMBANGAN USAHA/KANTOR PUSAT","KP","600","600","620.080",,"01","Aktifitas Operasi   ","Laba Rugi","Debet","F","F","T"," ","0.00","0.00","0.00","0.00","0.00","0.00","0.00","0.00","0.00","0.00","0.00","0.00","0.00","0.00","0.00","0.00","0.00","0.00","0.00","0.00","0.00","0.00","0.00","0.00","0.00","0.00","0.00","0.00","0.00","0.00","0.00","0.00","0.00","0.00","0.00","0.00","0.00","0.00","0.00","0.00","0.00","0.00","0.00","0.00","0.00","0.00","0.00","0.00","0.00","0.00","0.00","0.00","0.00","0.00","0.00","0.00","0.00","0.00","0.00","0.00","0.00","0.00","0.00","0.00","0.00","0.00","F",,"1","2023-01-17","2023-01-17","09:37:39","09:37:39","ADMIN","ADMIN"
"249","620.090","03",,"KANTOR PUSAT","BEBAN ASURANSI",,"ASURANSI","620.090/KANTOR PUSAT/ASURANSI/KANTOR PUSAT","KP","600","600","620.000",,"01","Aktifitas Operasi   ","Laba Rugi","Debet","F","F","T",,"0.00","0.00","0.00","0.00","0.00","0.00","0.00","0.00","0.00","0.00","0.00","0.00","0.00","0.00","0.00","0.00","0.00","0.00","0.00","0.00","0.00","0.00","0.00","0.00","0.00","0.00","0.00","0.00","0.00","0.00","0.00","0.00","0.00","0.00","0.00","0.00","0.00","0.00","0.00","0.00","0.00","0.00","0.00","0.00","0.00","0.00","0.00","0.00","0.00","0.00","0.00","0.00","0.00","0.00","0.00","0.00","0.00","0.00","0.00","0.00","0.00","0.00","0.00","0.00","0.00","0.00","F",,"1","2023-01-17","2023-07-06","09:46:36","10:37:32","ADMIN","ADMIN"
"250","620.100","02",,"KANTOR PUSAT","BEBAN KONSUMSI & UMUM",,"KONSUMSI & UMUM","620.100/KANTOR PUSAT/KONSUMSI & UMUM/KANTOR PUSAT","KP","600","600","620.000",,"01","Aktifitas Operasi   ","Laba Rugi","Debet","F","F","T"," ","0.00","0.00","0.00","0.00","0.00","0.00","0.00","0.00","0.00","0.00","0.00","0.00","0.00","0.00","0.00","0.00","0.00","0.00","0.00","0.00","0.00","0.00","0.00","0.00","0.00","0.00","0.00","0.00","0.00","0.00","0.00","0.00","0.00","0.00","0.00","0.00","0.00","0.00","0.00","0.00","0.00","0.00","0.00","0.00","0.00","0.00","0.00","0.00","0.00","0.00","0.00","0.00","0.00","0.00","0.00","0.00","0.00","0.00","0.00","0.00","0.00","0.00","0.00","0.00","0.00","0.00","F",,"1","2023-01-17","2023-01-17","09:48:49","09:48:49","ADMIN","ADMIN"
"251","620.101","03",,"KANTOR PUSAT","BEBAN KONSUMSI",,"KONSUMSI","620.101/KANTOR PUSAT/KONSUMSI/KANTOR PUSAT","KP","600","600","620.100",,"01","Aktifitas Operasi   ","Laba Rugi","Debet","F","F","T",,"0.00","0.00","0.00","0.00","0.00","0.00","0.00","0.00","0.00","0.00","0.00","0.00","0.00","0.00","0.00","0.00","0.00","0.00","0.00","0.00","0.00","0.00","0.00","0.00","0.00","0.00","0.00","0.00","0.00","0.00","0.00","0.00","0.00","0.00","0.00","0.00","0.00","0.00","0.00","0.00","0.00","0.00","0.00","0.00","0.00","0.00","0.00","0.00","0.00","0.00","0.00","0.00","0.00","0.00","0.00","0.00","0.00","0.00","0.00","0.00","0.00","0.00","0.00","0.00","0.00","0.00","F",,"1","2023-01-17","2023-07-06","09:49:43","10:38:13","ADMIN","ADMIN"
"252","620.102","03",,"KANTOR PUSAT","BEBAN PENDIDIKAN & LATIHAN",,"PENDIDIKAN & LATIHAN","620.102/KANTOR PUSAT/PENDIDIKAN & LATIHAN/KANTOR PUSAT","KP","600","600","620.000",,"01","Aktifitas Operasi   ","Laba Rugi","Debet","F","F","T",,"0.00","0.00","0.00","0.00","0.00","0.00","0.00","0.00","0.00","0.00","0.00","0.00","0.00","0.00","0.00","0.00","0.00","0.00","0.00","0.00","0.00","0.00","0.00","0.00","0.00","0.00","0.00","0.00","0.00","0.00","0.00","0.00","0.00","0.00","0.00","0.00","0.00","0.00","0.00","0.00","0.00","0.00","0.00","0.00","0.00","0.00","0.00","0.00","0.00","0.00","0.00","0.00","0.00","0.00","0.00","0.00","0.00","0.00","0.00","0.00","0.00","0.00","0.00","0.00","0.00","0.00","F",,"1","2023-01-17","2023-07-06","09:50:44","10:38:40","ADMIN","ADMIN"
"253","620.103","02",,"KANTOR PUSAT","BEBAN POS & CURRIER",,"POS","620.103/KANTOR PUSAT/POS/KANTOR PUSAT","KP","600","600","620.100",,"01","Aktifitas Operasi   ","Laba Rugi","Debet","F","F","T",,"0.00","0.00","0.00","0.00","0.00","0.00","0.00","0.00","0.00","0.00","0.00","0.00","0.00","0.00","0.00","0.00","0.00","0.00","0.00","0.00","0.00","0.00","0.00","0.00","0.00","0.00","0.00","0.00","0.00","0.00","0.00","0.00","0.00","0.00","0.00","0.00","0.00","0.00","0.00","0.00","0.00","0.00","0.00","0.00","0.00","0.00","0.00","0.00","0.00","0.00","0.00","0.00","0.00","0.00","0.00","0.00","0.00","0.00","0.00","0.00","0.00","0.00","0.00","0.00","0.00","0.00","F",,"1","2023-01-17","2023-08-18","09:52:37","16:28:12","ADMIN","ADMIN"
"254","620.103","03",,"KANTOR PUSAT","BEBAN METERAI",,"METERAI","620.103/KANTOR PUSAT/METERAI/KANTOR PUSAT","KP","600","600","620.103",,"01","Aktifitas Operasi   ","Laba Rugi","Debet","F","F","T"," ","0.00","0.00","0.00","0.00","0.00","0.00","0.00","0.00","0.00","0.00","0.00","0.00","0.00","0.00","0.00","0.00","0.00","0.00","0.00","0.00","0.00","0.00","0.00","0.00","0.00","0.00","0.00","0.00","0.00","0.00","0.00","0.00","0.00","0.00","0.00","0.00","0.00","0.00","0.00","0.00","0.00","0.00","0.00","0.00","0.00","0.00","0.00","0.00","0.00","0.00","0.00","0.00","0.00","0.00","0.00","0.00","0.00","0.00","0.00","0.00","0.00","0.00","0.00","0.00","0.00","0.00","F",,"1","2023-01-17","2023-01-17","09:53:44","11:18:31","ADMIN","ADMIN"
"255","620.103","03",,"KANTOR PUSAT","BEBAN PENGIRIMAN DOKUMEN",,"PENGIRIMAN DOKUMEN","620.103/KANTOR PUSAT/PENGIRIMAN DOKUMEN/KANTOR PUSAT","KP","600","600","620.103",,"01","Aktifitas Operasi   ","Laba Rugi","Debet","F","F","T"," ","0.00","0.00","0.00","0.00","0.00","0.00","0.00","0.00","0.00","0.00","0.00","0.00","0.00","0.00","0.00","0.00","0.00","0.00","0.00","0.00","0.00","0.00","0.00","0.00","0.00","0.00","0.00","0.00","0.00","0.00","0.00","0.00","0.00","0.00","0.00","0.00","0.00","0.00","0.00","0.00","0.00","0.00","0.00","0.00","0.00","0.00","0.00","0.00","0.00","0.00","0.00","0.00","0.00","0.00","0.00","0.00","0.00","0.00","0.00","0.00","0.00","0.00","0.00","0.00","0.00","0.00","F",,"1","2023-01-17","2023-01-17","11:17:15","11:17:15","ADMIN","ADMIN"
"256","620.104","03",,"KANTOR PUSAT","BEBAN MAJALAH & KORAN",,"MAJALAH & KORAN","620.104/KANTOR PUSAT/MAJALAH & KORAN/KANTOR PUSAT","KP","600","600","620.100",,"01","Aktifitas Operasi   ","Laba Rugi","Debet","F","F","T",,"0.00","0.00","0.00","0.00","0.00","0.00","0.00","0.00","0.00","0.00","0.00","0.00","0.00","0.00","0.00","0.00","0.00","0.00","0.00","0.00","0.00","0.00","0.00","0.00","0.00","0.00","0.00","0.00","0.00","0.00","0.00","0.00","0.00","0.00","0.00","0.00","0.00","0.00","0.00","0.00","0.00","0.00","0.00","0.00","0.00","0.00","0.00","0.00","0.00","0.00","0.00","0.00","0.00","0.00","0.00","0.00","0.00","0.00","0.00","0.00","0.00","0.00","0.00","0.00","0.00","0.00","F",,"1","2023-01-17","2023-07-06","11:20:05","10:39:40","ADMIN","ADMIN"
"257","620.105","03",,"KANTOR PUSAT","BEBAN TRANSPORTASI",,"TRANSPORT","620.105/KANTOR PUSAT/TRANSPORT/KANTOR PUSAT","KP","600","600","620.100",,"01","Aktifitas Operasi   ","Laba Rugi","Debet","F","F","T",,"0.00","0.00","0.00","0.00","0.00","0.00","0.00","0.00","0.00","0.00","0.00","0.00","0.00","0.00","0.00","0.00","0.00","0.00","0.00","0.00","0.00","0.00","0.00","0.00","0.00","0.00","0.00","0.00","0.00","0.00","0.00","0.00","0.00","0.00","0.00","0.00","0.00","0.00","0.00","0.00","0.00","0.00","0.00","0.00","0.00","0.00","0.00","0.00","0.00","0.00","0.00","0.00","0.00","0.00","0.00","0.00","0.00","0.00","0.00","0.00","0.00","0.00","0.00","0.00","0.00","0.00","F",,"1","2023-01-17","2023-07-06","11:22:13","10:39:59","ADMIN","ADMIN"
"258","620.106","03",,"KANTOR PUSAT","BEBAN ENTERTAINT",,"ENTERTAINT","620.106/KANTOR PUSAT/ENTERTAINT/KANTOR PUSAT","KP","600","600","620.100",,"01","Aktifitas Operasi   ","Laba Rugi","Debet","F","F","T",,"0.00","0.00","0.00","0.00","0.00","0.00","0.00","0.00","0.00","0.00","0.00","0.00","0.00","0.00","0.00","0.00","0.00","0.00","0.00","0.00","0.00","0.00","0.00","0.00","0.00","0.00","0.00","0.00","0.00","0.00","0.00","0.00","0.00","0.00","0.00","0.00","0.00","0.00","0.00","0.00","0.00","0.00","0.00","0.00","0.00","0.00","0.00","0.00","0.00","0.00","0.00","0.00","0.00","0.00","0.00","0.00","0.00","0.00","0.00","0.00","0.00","0.00","0.00","0.00","0.00","0.00","F",,"1","2023-01-17","2023-07-06","11:23:26","10:40:17","ADMIN","ADMIN"
"259","620.107","03",,"KANTOR PUSAT","SUMBANGAN",,"SUMBANGAN","620.107/KANTOR PUSAT/SUMBANGAN/KANTOR PUSAT","KP","600","600","620.100",,"01","Aktifitas Operasi   ","Laba Rugi","Debet","F","F","T"," ","0.00","0.00","0.00","0.00","0.00","0.00","0.00","0.00","0.00","0.00","0.00","0.00","0.00","0.00","0.00","0.00","0.00","0.00","0.00","0.00","0.00","0.00","0.00","0.00","0.00","0.00","0.00","0.00","0.00","0.00","0.00","0.00","0.00","0.00","0.00","0.00","0.00","0.00","0.00","0.00","0.00","0.00","0.00","0.00","0.00","0.00","0.00","0.00","0.00","0.00","0.00","0.00","0.00","0.00","0.00","0.00","0.00","0.00","0.00","0.00","0.00","0.00","0.00","0.00","0.00","0.00","F",,"1","2023-01-17","2023-01-17","11:30:42","13:16:04","ADMIN","ADMIN"
"260","620.108","03",,"KANTOR PUSAT","PARKIR & TOLL",,"PARKIR","620.108/KANTOR PUSAT/PARKIR/KANTOR PUSAT","KP","600","600","620.100",,"01","Aktifitas Operasi   ","Laba Rugi","Debet","F","F","T",,"0.00","0.00","0.00","0.00","0.00","0.00","0.00","0.00","0.00","0.00","0.00","0.00","0.00","0.00","0.00","0.00","0.00","0.00","0.00","0.00","0.00","0.00","0.00","0.00","0.00","0.00","0.00","0.00","0.00","0.00","0.00","0.00","0.00","0.00","0.00","0.00","0.00","0.00","0.00","0.00","0.00","0.00","0.00","0.00","0.00","0.00","0.00","0.00","0.00","0.00","0.00","0.00","0.00","0.00","0.00","0.00","0.00","0.00","0.00","0.00","0.00","0.00","0.00","0.00","0.00","0.00","F",,"1","2023-01-17","2023-08-10","13:18:48","17:27:57","ADMIN","ADMIN"
"261","620.109","03",,"KANTOR PUSAT","BEBAN RAPAT",,"RAPAT","620.109/KANTOR PUSAT/RAPAT/KANTOR PUSAT","KP","600","600","620.100",,"01","Aktifitas Operasi   ","Laba Rugi","Debet","F","F","T",,"0.00","0.00","0.00","0.00","0.00","0.00","0.00","0.00","0.00","0.00","0.00","0.00","0.00","0.00","0.00","0.00","0.00","0.00","0.00","0.00","0.00","0.00","0.00","0.00","0.00","0.00","0.00","0.00","0.00","0.00","0.00","0.00","0.00","0.00","0.00","0.00","0.00","0.00","0.00","0.00","0.00","0.00","0.00","0.00","0.00","0.00","0.00","0.00","0.00","0.00","0.00","0.00","0.00","0.00","0.00","0.00","0.00","0.00","0.00","0.00","0.00","0.00","0.00","0.00","0.00","0.00","F",,"1","2023-01-17","2023-08-10","13:20:14","16:36:10","ADMIN","ADMIN"
"262","620.110","03",,"KANTOR PUSAT","IKLAN & PROMOSI",,"IKLAN","620.110/KANTOR PUSAT/IKLAN/KANTOR PUSAT","KP","600","600","620.100",,"01","Aktifitas Operasi   ","Laba Rugi","Debet","F","F","T",,"0.00","0.00","0.00","0.00","0.00","0.00","0.00","0.00","0.00","0.00","0.00","0.00","0.00","0.00","0.00","0.00","0.00","0.00","0.00","0.00","0.00","0.00","0.00","0.00","0.00","0.00","0.00","0.00","0.00","0.00","0.00","0.00","0.00","0.00","0.00","0.00","0.00","0.00","0.00","0.00","0.00","0.00","0.00","0.00","0.00","0.00","0.00","0.00","0.00","0.00","0.00","0.00","0.00","0.00","0.00","0.00","0.00","0.00","0.00","0.00","0.00","0.00","0.00","0.00","0.00","0.00","F",,"1","2023-01-17","2023-08-10","13:22:28","16:35:48","ADMIN","ADMIN"
"263","620.111","02",,"KANTOR PUSAT","BIAYA UMUM LAINNYA",,"LAIN","620.111/KANTOR PUSAT/LAIN/KANTOR PUSAT","KP","600","600","620.100",,"01","Aktifitas Operasi   ","Laba Rugi","Debet","F","F","T"," ","0.00","0.00","0.00","0.00","0.00","0.00","0.00","0.00","0.00","0.00","0.00","0.00","0.00","0.00","0.00","0.00","0.00","0.00","0.00","0.00","0.00","0.00","0.00","0.00","0.00","0.00","0.00","0.00","0.00","0.00","0.00","0.00","0.00","0.00","0.00","0.00","0.00","0.00","0.00","0.00","0.00","0.00","0.00","0.00","0.00","0.00","0.00","0.00","0.00","0.00","0.00","0.00","0.00","0.00","0.00","0.00","0.00","0.00","0.00","0.00","0.00","0.00","0.00","0.00","0.00","0.00","F",,"1","2023-01-17","2023-01-17","13:26:50","13:26:50","ADMIN","ADMIN"
"264","620.111","03",,"KANTOR PUSAT","PAPAN BUNGA",,"PAPAN BUNGA","620.111/KANTOR PUSAT/PAPAN BUNGA/KANTOR PUSAT","KP","600","600","620.111",,"01","Aktifitas Operasi   ","Laba Rugi","Debet","F","F","T",,"0.00","0.00","0.00","0.00","0.00","0.00","0.00","0.00","0.00","0.00","0.00","0.00","0.00","0.00","0.00","0.00","0.00","0.00","0.00","0.00","0.00","0.00","0.00","0.00","0.00","0.00","0.00","0.00","0.00","0.00","0.00","0.00","0.00","0.00","0.00","0.00","0.00","0.00","0.00","0.00","0.00","0.00","0.00","0.00","0.00","0.00","0.00","0.00","0.00","0.00","0.00","0.00","0.00","0.00","0.00","0.00","0.00","0.00","0.00","0.00","0.00","0.00","0.00","0.00","0.00","0.00","F",,"1","2023-01-17","2023-08-10","13:28:06","16:34:50","ADMIN","ADMIN"
"265","620.111","03",,"KANTOR PUSAT","BUAH TANGAN",,"BUAH TANGAN","620.111/KANTOR PUSAT/BUAH TANGAN/KANTOR PUSAT","KP","600","600","620.111",,"01","Aktifitas Operasi   ","Laba Rugi","Debet","F","F","T"," ","0.00","0.00","0.00","0.00","0.00","0.00","0.00","0.00","0.00","0.00","0.00","0.00","0.00","0.00","0.00","0.00","0.00","0.00","0.00","0.00","0.00","0.00","0.00","0.00","0.00","0.00","0.00","0.00","0.00","0.00","0.00","0.00","0.00","0.00","0.00","0.00","0.00","0.00","0.00","0.00","0.00","0.00","0.00","0.00","0.00","0.00","0.00","0.00","0.00","0.00","0.00","0.00","0.00","0.00","0.00","0.00","0.00","0.00","0.00","0.00","0.00","0.00","0.00","0.00","0.00","0.00","F",,"1","2023-01-17","2023-01-17","14:41:03","14:41:03","ADMIN","ADMIN"
"266","620.111","03",,"KANTOR PUSAT","HONOR MAGANG",,"HONOR MAGANG","620.111/KANTOR PUSAT/HONOR MAGANG/KANTOR PUSAT","KP","600","600","620.111",,"01","Aktifitas Operasi   ","Laba Rugi","Debet","F","F","T"," ","0.00","0.00","0.00","0.00","0.00","0.00","0.00","0.00","0.00","0.00","0.00","0.00","0.00","0.00","0.00","0.00","0.00","0.00","0.00","0.00","0.00","0.00","0.00","0.00","0.00","0.00","0.00","0.00","0.00","0.00","0.00","0.00","0.00","0.00","0.00","0.00","0.00","0.00","0.00","0.00","0.00","0.00","0.00","0.00","0.00","0.00","0.00","0.00","0.00","0.00","0.00","0.00","0.00","0.00","0.00","0.00","0.00","0.00","0.00","0.00","0.00","0.00","0.00","0.00","0.00","0.00","F",,"1","2023-01-17","2023-01-17","14:43:02","14:43:02","ADMIN","ADMIN"
"267","620.111","03",,"KANTOR PUSAT","BEBAN UMUM LAIN-LAIN",,"UMUM LAIN","620.111/KANTOR PUSAT/UMUM LAIN/KANTOR PUSAT","KP","600","600","620.111",,"01","Aktifitas Operasi   ","Laba Rugi","Debet","F","F","T",,"0.00","0.00","0.00","0.00","0.00","0.00","0.00","0.00","0.00","0.00","0.00","0.00","0.00","0.00","0.00","0.00","0.00","0.00","0.00","0.00","0.00","0.00","0.00","0.00","0.00","0.00","0.00","0.00","0.00","0.00","0.00","0.00","0.00","0.00","0.00","0.00","0.00","0.00","0.00","0.00","0.00","0.00","0.00","0.00","0.00","0.00","0.00","0.00","0.00","0.00","0.00","0.00","0.00","0.00","0.00","0.00","0.00","0.00","0.00","0.00","0.00","0.00","0.00","0.00","0.00","0.00","F",,"1","2023-01-17","2023-08-10","15:04:49","16:34:33","ADMIN","ADMIN"
"268","620.112","03",,"KANTOR PUSAT","BEBAN AIR",,"AIR","620.112/KANTOR PUSAT/AIR/KANTOR PUSAT","KP","600","600","620.100",,"01","Aktifitas Operasi   ","Laba Rugi","Debet","F","F","T",,"0.00","0.00","0.00","0.00","0.00","0.00","0.00","0.00","0.00","0.00","0.00","0.00","0.00","0.00","0.00","0.00","0.00","0.00","0.00","0.00","0.00","0.00","0.00","0.00","0.00","0.00","0.00","0.00","0.00","0.00","0.00","0.00","0.00","0.00","0.00","0.00","0.00","0.00","0.00","0.00","0.00","0.00","0.00","0.00","0.00","0.00","0.00","0.00","0.00","0.00","0.00","0.00","0.00","0.00","0.00","0.00","0.00","0.00","0.00","0.00","0.00","0.00","0.00","0.00","0.00","0.00","F",,"1","2023-01-17","2023-08-10","15:05:49","16:34:19","ADMIN","ADMIN"
"269","620.113","03",,"KANTOR PUSAT","BEBAN KEAMANAN & KEBERSIHAN",,"KEAMANAN & KEBERSIHAN","620.113/KANTOR PUSAT/KEAMANAN & KEBERSIHAN/KANTOR PUSAT","KP","600","600","620.100",,"01","Aktifitas Operasi   ","Laba Rugi","Debet","F","F","T",,"0.00","0.00","0.00","0.00","0.00","0.00","0.00","0.00","0.00","0.00","0.00","0.00","0.00","0.00","0.00","0.00","0.00","0.00","0.00","0.00","0.00","0.00","0.00","0.00","0.00","0.00","0.00","0.00","0.00","0.00","0.00","0.00","0.00","0.00","0.00","0.00","0.00","0.00","0.00","0.00","0.00","0.00","0.00","0.00","0.00","0.00","0.00","0.00","0.00","0.00","0.00","0.00","0.00","0.00","0.00","0.00","0.00","0.00","0.00","0.00","0.00","0.00","0.00","0.00","0.00","0.00","F",,"1","2023-01-17","2023-10-09","15:09:16","15:11:19","ADMIN","ADMIN"
"270","620.113","03",,"KANTOR PUSAT","GAS",,"GAS","620.113/KANTOR PUSAT/GAS/KANTOR PUSAT","KP","600","600","620.113",,"01","Aktifitas Operasi   ","Laba Rugi","Debet","F","F","T"," ","0.00","0.00","0.00","0.00","0.00","0.00","0.00","0.00","0.00","0.00","0.00","0.00","0.00","0.00","0.00","0.00","0.00","0.00","0.00","0.00","0.00","0.00","0.00","0.00","0.00","0.00","0.00","0.00","0.00","0.00","0.00","0.00","0.00","0.00","0.00","0.00","0.00","0.00","0.00","0.00","0.00","0.00","0.00","0.00","0.00","0.00","0.00","0.00","0.00","0.00","0.00","0.00","0.00","0.00","0.00","0.00","0.00","0.00","0.00","0.00","0.00","0.00","0.00","0.00","0.00","0.00","F",,"1","2023-01-17","2023-01-17","15:29:14","15:29:14","ADMIN","ADMIN"
"271","620.113","03",,"KANTOR PUSAT","RETRIBUSI KEBERSIHAN",,"RETRIBUSI KEBERSIHAN","620.113/KANTOR PUSAT/RETRIBUSI KEBERSIHAN/KANTOR PUSAT","KP","600","600","620.113",,"01","Aktifitas Operasi   ","Laba Rugi","Debet","F","F","T"," ","0.00","0.00","0.00","0.00","0.00","0.00","0.00","0.00","0.00","0.00","0.00","0.00","0.00","0.00","0.00","0.00","0.00","0.00","0.00","0.00","0.00","0.00","0.00","0.00","0.00","0.00","0.00","0.00","0.00","0.00","0.00","0.00","0.00","0.00","0.00","0.00","0.00","0.00","0.00","0.00","0.00","0.00","0.00","0.00","0.00","0.00","0.00","0.00","0.00","0.00","0.00","0.00","0.00","0.00","0.00","0.00","0.00","0.00","0.00","0.00","0.00","0.00","0.00","0.00","0.00","0.00","F",,"1","2023-01-17","2023-01-17","15:36:25","15:36:25","ADMIN","ADMIN"
"272","620.113","03",,"KANTOR PUSAT","POTONG RUMPUT",,"POTONG RUMPUT","620.113/KANTOR PUSAT/POTONG RUMPUT/KANTOR PUSAT","KP","600","600","620.113",,"01","Aktifitas Operasi   ","Laba Rugi","Debet","F","F","T"," ","0.00","0.00","0.00","0.00","0.00","0.00","0.00","0.00","0.00","0.00","0.00","0.00","0.00","0.00","0.00","0.00","0.00","0.00","0.00","0.00","0.00","0.00","0.00","0.00","0.00","0.00","0.00","0.00","0.00","0.00","0.00","0.00","0.00","0.00","0.00","0.00","0.00","0.00","0.00","0.00","0.00","0.00","0.00","0.00","0.00","0.00","0.00","0.00","0.00","0.00","0.00","0.00","0.00","0.00","0.00","0.00","0.00","0.00","0.00","0.00","0.00","0.00","0.00","0.00","0.00","0.00","F",,"1","2023-01-17","2023-01-17","15:38:11","15:38:11","ADMIN","ADMIN"
"273","620.113","03",,"KANTOR PUSAT","PERLENGKAPAN KEBERSIHAN",,"PERLENGKAPAN KEBERSIHAN","620.113/KANTOR PUSAT/PERLENGKAPAN KEBERSIHAN/KANTOR PUSAT","KP","600","600","620.113",,"01","Aktifitas Operasi   ","Laba Rugi","Debet","F","F","T"," ","0.00","0.00","0.00","0.00","0.00","0.00","0.00","0.00","0.00","0.00","0.00","0.00","0.00","0.00","0.00","0.00","0.00","0.00","0.00","0.00","0.00","0.00","0.00","0.00","0.00","0.00","0.00","0.00","0.00","0.00","0.00","0.00","0.00","0.00","0.00","0.00","0.00","0.00","0.00","0.00","0.00","0.00","0.00","0.00","0.00","0.00","0.00","0.00","0.00","0.00","0.00","0.00","0.00","0.00","0.00","0.00","0.00","0.00","0.00","0.00","0.00","0.00","0.00","0.00","0.00","0.00","F",,"1","2023-01-17","2023-01-17","15:43:29","15:43:29","ADMIN","ADMIN"
"274","620.114","03",,"KANTOR PUSAT","PENGOBATAN",,"PENGOBATAN","620.114/KANTOR PUSAT/PENGOBATAN/KANTOR PUSAT","KP","600","600","620.100",,"01","Aktifitas Operasi   ","Laba Rugi","Debet","F","F","T",,"0.00","0.00","0.00","0.00","0.00","0.00","0.00","0.00","0.00","0.00","0.00","0.00","0.00","0.00","0.00","0.00","0.00","0.00","0.00","0.00","0.00","0.00","0.00","0.00","0.00","0.00","0.00","0.00","0.00","0.00","0.00","0.00","0.00","0.00","0.00","0.00","0.00","0.00","0.00","0.00","0.00","0.00","0.00","0.00","0.00","0.00","0.00","0.00","0.00","0.00","0.00","0.00","0.00","0.00","0.00","0.00","0.00","0.00","0.00","0.00","0.00","0.00","0.00","0.00","0.00","0.00","F",,"1","2023-01-17","2023-08-10","15:53:18","16:33:16","ADMIN","ADMIN"
"275","620.130","03",,"KANTOR PUSAT","BEBAN UKK",,"UKK","620.130/KANTOR PUSAT/UKK/KANTOR PUSAT","KP","600","600","620.000",,"01","Aktifitas Operasi   ","Laba Rugi","Debet","F","F","T"," ","0.00","0.00","0.00","0.00","0.00","0.00","0.00","0.00","0.00","0.00","0.00","0.00","0.00","0.00","0.00","0.00","0.00","0.00","0.00","0.00","0.00","0.00","0.00","0.00","0.00","0.00","0.00","0.00","0.00","0.00","0.00","0.00","0.00","0.00","0.00","0.00","0.00","0.00","0.00","0.00","0.00","0.00","0.00","0.00","0.00","0.00","0.00","0.00","0.00","0.00","0.00","0.00","0.00","0.00","0.00","0.00","0.00","0.00","0.00","0.00","0.00","0.00","0.00","0.00","0.00","0.00","F",,"1","2023-01-17","2023-01-17","15:59:28","15:59:28","ADMIN","ADMIN"
"276","620.140","03",,"KANTOR PUSAT","BEBAN HES",,"HES","620.140/KANTOR PUSAT/HES/KANTOR PUSAT","KP","600","600","620.000",,"01","Aktifitas Operasi   ","Laba Rugi","Debet","F","F","T",,"0.00","0.00","0.00","0.00","0.00","0.00","0.00","0.00","0.00","0.00","0.00","0.00","0.00","0.00","0.00","0.00","0.00","0.00","0.00","0.00","0.00","0.00","0.00","0.00","0.00","0.00","0.00","0.00","0.00","0.00","0.00","0.00","0.00","0.00","0.00","0.00","0.00","0.00","0.00","0.00","0.00","0.00","0.00","0.00","0.00","0.00","0.00","0.00","0.00","0.00","0.00","0.00","0.00","0.00","0.00","0.00","0.00","0.00","0.00","0.00","0.00","0.00","0.00","0.00","0.00","0.00","F",,"1","2023-01-17","2023-08-10","16:04:51","16:32:32","ADMIN","ADMIN"
"277","620.150","03",,"KANTOR PUSAT","BEBAN CSR",,"CSR","620.150/KANTOR PUSAT/CSR/KANTOR PUSAT","KP","600","600","620.000",,"01","Aktifitas Operasi   ","Laba Rugi","Debet","F","F","T",,"0.00","0.00","0.00","0.00","0.00","0.00","0.00","0.00","0.00","0.00","0.00","0.00","0.00","0.00","0.00","0.00","0.00","0.00","0.00","0.00","0.00","0.00","0.00","0.00","0.00","0.00","0.00","0.00","0.00","0.00","0.00","0.00","0.00","0.00","0.00","0.00","0.00","0.00","0.00","0.00","0.00","0.00","0.00","0.00","0.00","0.00","0.00","0.00","0.00","0.00","0.00","0.00","0.00","0.00","0.00","0.00","0.00","0.00","0.00","0.00","0.00","0.00","0.00","0.00","0.00","0.00","F",,"1","2023-01-17","2023-08-10","16:06:41","16:32:17","ADMIN","ADMIN"
"278","620.160","03",,"KANTOR PUSAT","BEBAN PPID",,"PPID","620.160/KANTOR PUSAT/PPID/KANTOR PUSAT","KP","600","600","620.000",,"01","Aktifitas Operasi   ","Laba Rugi","Debet","F","F","T",,"0.00","0.00","0.00","0.00","0.00","0.00","0.00","0.00","0.00","0.00","0.00","0.00","0.00","0.00","0.00","0.00","0.00","0.00","0.00","0.00","0.00","0.00","0.00","0.00","0.00","0.00","0.00","0.00","0.00","0.00","0.00","0.00","0.00","0.00","0.00","0.00","0.00","0.00","0.00","0.00","0.00","0.00","0.00","0.00","0.00","0.00","0.00","0.00","0.00","0.00","0.00","0.00","0.00","0.00","0.00","0.00","0.00","0.00","0.00","0.00","0.00","0.00","0.00","0.00","0.00","0.00","F",,"1","2023-01-17","2023-08-10","16:08:34","16:31:53","ADMIN","ADMIN"
"279","620.170","03",,"KANTOR PUSAT","BEBAN IMBALAN KERJA",,"BEBAN IMBALAN KERJA","620.170/KANTOR PUSAT/BEBAN IMBALAN KERJA/KANTOR PUSAT","KP","600","600","620.000",,"01","Aktifitas Operasi   ","Laba Rugi","Debet","F","F","T",,"0.00","0.00","0.00","0.00","0.00","0.00","0.00","0.00","0.00","0.00","0.00","0.00","0.00","0.00","0.00","0.00","0.00","0.00","0.00","0.00","0.00","0.00","0.00","0.00","0.00","0.00","0.00","0.00","0.00","0.00","0.00","0.00","0.00","0.00","0.00","0.00","0.00","0.00","0.00","0.00","0.00","0.00","0.00","0.00","0.00","0.00","0.00","0.00","0.00","0.00","0.00","0.00","0.00","0.00","0.00","0.00","0.00","0.00","0.00","0.00","0.00","0.00","0.00","0.00","0.00","0.00","F",,"1","2023-01-17","2023-08-10","16:12:00","16:31:37","ADMIN","ADMIN"
"280","620.180","02",,"KANTOR PUSAT","BEBAN BBM & PEMELIHARAAN KENDARAAN",,"BBM & PEMLHRAAN KENDARAAN","620.180/KANTOR PUSAT/BBM & PEMLHRAAN KENDARAAN/KANTOR PUSAT","KP","600","600","620.000",,"01","Aktifitas Operasi   ","Laba Rugi","Debet","F","F","T"," ","0.00","0.00","0.00","0.00","0.00","0.00","0.00","0.00","0.00","0.00","0.00","0.00","0.00","0.00","0.00","0.00","0.00","0.00","0.00","0.00","0.00","0.00","0.00","0.00","0.00","0.00","0.00","0.00","0.00","0.00","0.00","0.00","0.00","0.00","0.00","0.00","0.00","0.00","0.00","0.00","0.00","0.00","0.00","0.00","0.00","0.00","0.00","0.00","0.00","0.00","0.00","0.00","0.00","0.00","0.00","0.00","0.00","0.00","0.00","0.00","0.00","0.00","0.00","0.00","0.00","0.00","F",,"1","2023-01-17","2023-01-17","16:13:58","16:13:58","ADMIN","ADMIN"
"281","620.181","03",,"KANTOR PUSAT","BEBAN BBM",,"BBM","620.181/KANTOR PUSAT/BBM/KANTOR PUSAT","KP","600","600","620.180",,"01","Aktifitas Operasi   ","Laba Rugi","Debet","F","F","T",,"0.00","0.00","0.00","0.00","0.00","0.00","0.00","0.00","0.00","0.00","0.00","0.00","0.00","0.00","0.00","0.00","0.00","0.00","0.00","0.00","0.00","0.00","0.00","0.00","0.00","0.00","0.00","0.00","0.00","0.00","0.00","0.00","0.00","0.00","0.00","0.00","0.00","0.00","0.00","0.00","0.00","0.00","0.00","0.00","0.00","0.00","0.00","0.00","0.00","0.00","0.00","0.00","0.00","0.00","0.00","0.00","0.00","0.00","0.00","0.00","0.00","0.00","0.00","0.00","0.00","0.00","F",,"1","2023-01-17","2023-08-10","16:17:40","16:31:25","ADMIN","ADMIN"
"282","620.182","03",,"KANTOR PUSAT","BEBAN PEMELIHARAAN KENDARAAN",,"PEMELIHARAAN KENDARAAN","620.182/KANTOR PUSAT/PEMELIHARAAN KENDARAAN/KANTOR PUSAT","KP","600","600","620.180",,"01","Aktifitas Operasi   ","Laba Rugi","Debet","F","F","T",,"0.00","0.00","0.00","0.00","0.00","0.00","0.00","0.00","0.00","0.00","0.00","0.00","0.00","0.00","0.00","0.00","0.00","0.00","0.00","0.00","0.00","0.00","0.00","0.00","0.00","0.00","0.00","0.00","0.00","0.00","0.00","0.00","0.00","0.00","0.00","0.00","0.00","0.00","0.00","0.00","0.00","0.00","0.00","0.00","0.00","0.00","0.00","0.00","0.00","0.00","0.00","0.00","0.00","0.00","0.00","0.00","0.00","0.00","0.00","0.00","0.00","0.00","0.00","0.00","0.00","0.00","F",,"1","2023-01-17","2023-08-10","16:22:09","16:31:09","ADMIN","ADMIN"
"283","620.190","02",,"KANTOR PUSAT","BEBAN PAJAK",,"BEBAN PAJAK","620.190/KANTOR PUSAT/BEBAN PAJAK/KANTOR PUSAT","KP","600","600","620.000",,"01","Aktifitas Operasi   ","Laba Rugi","Debet","F","F","T"," ","0.00","0.00","0.00","0.00","0.00","0.00","0.00","0.00","0.00","0.00","0.00","0.00","0.00","0.00","0.00","0.00","0.00","0.00","0.00","0.00","0.00","0.00","0.00","0.00","0.00","0.00","0.00","0.00","0.00","0.00","0.00","0.00","0.00","0.00","0.00","0.00","0.00","0.00","0.00","0.00","0.00","0.00","0.00","0.00","0.00","0.00","0.00","0.00","0.00","0.00","0.00","0.00","0.00","0.00","0.00","0.00","0.00","0.00","0.00","0.00","0.00","0.00","0.00","0.00","0.00","0.00","F",,"1","2023-01-17","2023-01-17","16:31:37","16:44:30","ADMIN","ADMIN"
"284","620.191","03",,"KANTOR PUSAT","PPH PASAL 21",,"PPH 21","620.191/KANTOR PUSAT/PPH 21/KANTOR PUSAT","KP","600","600","620.190",,"01","Aktifitas Operasi   ","Laba Rugi","Debet","F","F","T",,"0.00","0.00","0.00","0.00","0.00","0.00","0.00","0.00","0.00","0.00","0.00","0.00","0.00","0.00","0.00","0.00","0.00","0.00","0.00","0.00","0.00","0.00","0.00","0.00","0.00","0.00","0.00","0.00","0.00","0.00","0.00","0.00","0.00","0.00","0.00","0.00","0.00","0.00","0.00","0.00","0.00","0.00","0.00","0.00","0.00","0.00","0.00","0.00","0.00","0.00","0.00","0.00","0.00","0.00","0.00","0.00","0.00","0.00","0.00","0.00","0.00","0.00","0.00","0.00","0.00","0.00","F",,"1","2023-01-17","2023-08-10","16:36:17","16:30:31","ADMIN","ADMIN"
"285","620.192","03",,"KANTOR PUSAT","PPH PASAL 23",,"PPH 23","620.192/KANTOR PUSAT/PPH 23/KANTOR PUSAT","KP","600","600","620.190",,"01","Aktifitas Operasi   ","Laba Rugi","Debet","F","F","T"," ","0.00","0.00","0.00","0.00","0.00","0.00","0.00","0.00","0.00","0.00","0.00","0.00","0.00","0.00","0.00","0.00","0.00","0.00","0.00","0.00","0.00","0.00","0.00","0.00","0.00","0.00","0.00","0.00","0.00","0.00","0.00","0.00","0.00","0.00","0.00","0.00","0.00","0.00","0.00","0.00","0.00","0.00","0.00","0.00","0.00","0.00","0.00","0.00","0.00","0.00","0.00","0.00","0.00","0.00","0.00","0.00","0.00","0.00","0.00","0.00","0.00","0.00","0.00","0.00","0.00","0.00","F",,"1","2023-01-17","2023-01-17","16:37:31","16:37:31","ADMIN","ADMIN"
"286","620.193","03",,"KANTOR PUSAT","PAJAK BUMI DAN BANGUNAN",,"PBB","620.193/KANTOR PUSAT/PBB/KANTOR PUSAT","KP","600","600","620.000",,"01","Aktifitas Operasi   ","Laba Rugi","Debet","F","F","T",,"0.00","0.00","0.00","0.00","0.00","0.00","0.00","0.00","0.00","0.00","0.00","0.00","0.00","0.00","0.00","0.00","0.00","0.00","0.00","0.00","0.00","0.00","0.00","0.00","0.00","0.00","0.00","0.00","0.00","0.00","0.00","0.00","0.00","0.00","0.00","0.00","0.00","0.00","0.00","0.00","0.00","0.00","0.00","0.00","0.00","0.00","0.00","0.00","0.00","0.00","0.00","0.00","0.00","0.00","0.00","0.00","0.00","0.00","0.00","0.00","0.00","0.00","0.00","0.00","0.00","0.00","F",,"1","2023-01-17","2023-08-10","16:41:11","16:30:04","ADMIN","ADMIN"
"287","620.194","03",,"KANTOR PUSAT","PPN",,"PPN","620.194/KANTOR PUSAT/PPN/KANTOR PUSAT","KP","600","600","620.190",,"01","Aktifitas Operasi   ","Laba Rugi","Debet","F","F","T",,"0.00","0.00","0.00","0.00","0.00","0.00","0.00","0.00","0.00","0.00","0.00","0.00","0.00","0.00","0.00","0.00","0.00","0.00","0.00","0.00","0.00","0.00","0.00","0.00","0.00","0.00","0.00","0.00","0.00","0.00","0.00","0.00","0.00","0.00","0.00","0.00","0.00","0.00","0.00","0.00","0.00","0.00","0.00","0.00","0.00","0.00","0.00","0.00","0.00","0.00","0.00","0.00","0.00","0.00","0.00","0.00","0.00","0.00","0.00","0.00","0.00","0.00","0.00","0.00","0.00","0.00","F",,"1","2023-01-17","2023-08-10","16:42:14","16:29:43","ADMIN","ADMIN"
"288","620.195","03",,"KANTOR PUSAT","DENDA PAJAK",,"DENDA PAJAK","620.195/KANTOR PUSAT/DENDA PAJAK/KANTOR PUSAT","KP","600","600","620.190",,"01","Aktifitas Operasi   ","Laba Rugi","Debet","F","F","T",,"0.00","0.00","0.00","0.00","0.00","0.00","0.00","0.00","0.00","0.00","0.00","0.00","0.00","0.00","0.00","0.00","0.00","0.00","0.00","0.00","0.00","0.00","0.00","0.00","0.00","0.00","0.00","0.00","0.00","0.00","0.00","0.00","0.00","0.00","0.00","0.00","0.00","0.00","0.00","0.00","0.00","0.00","0.00","0.00","0.00","0.00","0.00","0.00","0.00","0.00","0.00","0.00","0.00","0.00","0.00","0.00","0.00","0.00","0.00","0.00","0.00","0.00","0.00","0.00","0.00","0.00","F",,"1","2023-01-17","2023-08-10","16:43:13","16:29:22","ADMIN","ADMIN"
"289","620.210","03",,"KANTOR PUSAT","PERLENGKAPAN KANTOR",,"PERLENGKAPAN KANTOR","620.210/KANTOR PUSAT/PERLENGKAPAN KANTOR/KANTOR PUSAT","KP","600","600","620.000",,"01","Aktifitas Operasi   ","Laba Rugi","Debet","F","F","T",,"0.00","0.00","0.00","0.00","0.00","0.00","0.00","0.00","0.00","0.00","0.00","0.00","0.00","0.00","0.00","0.00","0.00","0.00","0.00","0.00","0.00","0.00","0.00","0.00","0.00","0.00","0.00","0.00","0.00","0.00","0.00","0.00","0.00","0.00","0.00","0.00","0.00","0.00","0.00","0.00","0.00","0.00","0.00","0.00","0.00","0.00","0.00","0.00","0.00","0.00","0.00","0.00","0.00","0.00","0.00","0.00","0.00","0.00","0.00","0.00","0.00","0.00","0.00","0.00","0.00","0.00","F",,"1","2023-01-17","2023-08-10","16:46:11","16:28:59","ADMIN","ADMIN"
"290","620.220","03",,"KANTOR PUSAT","BEBAN TANGGAP COVID-19",,"COVID-19","620.220/KANTOR PUSAT/COVID-19/KANTOR PUSAT","KP","600","600","620.000",,"01","Aktifitas Operasi   ","Laba Rugi","Debet","F","F","T",,"0.00","0.00","0.00","0.00","0.00","0.00","0.00","0.00","0.00","0.00","0.00","0.00","0.00","0.00","0.00","0.00","0.00","0.00","0.00","0.00","0.00","0.00","0.00","0.00","0.00","0.00","0.00","0.00","0.00","0.00","0.00","0.00","0.00","0.00","0.00","0.00","0.00","0.00","0.00","0.00","0.00","0.00","0.00","0.00","0.00","0.00","0.00","0.00","0.00","0.00","0.00","0.00","0.00","0.00","0.00","0.00","0.00","0.00","0.00","0.00","0.00","0.00","0.00","0.00","0.00","0.00","F",,"1","2023-01-17","2023-08-10","16:48:01","16:26:52","ADMIN","ADMIN"
"291","620.230","02",,"KANTOR PUSAT","BEBAN PENYUSUTAN ASET TETAP",,"BEBAN PENYUSUTAN AT","620.230/KANTOR PUSAT/BEBAN PENYUSUTAN AT/KANTOR PUSAT","KP","600","600","620.000",,"01","Aktifitas Operasi   ","Laba Rugi","Debet","F","F","T"," ","0.00","0.00","0.00","0.00","0.00","0.00","0.00","0.00","0.00","0.00","0.00","0.00","0.00","0.00","0.00","0.00","0.00","0.00","0.00","0.00","0.00","0.00","0.00","0.00","0.00","0.00","0.00","0.00","0.00","0.00","0.00","0.00","0.00","0.00","0.00","0.00","0.00","0.00","0.00","0.00","0.00","0.00","0.00","0.00","0.00","0.00","0.00","0.00","0.00","0.00","0.00","0.00","0.00","0.00","0.00","0.00","0.00","0.00","0.00","0.00","0.00","0.00","0.00","0.00","0.00","0.00","F",,"1","2023-01-17","2023-01-17","17:16:47","17:16:47","ADMIN","ADMIN"
"292","620.231","03",,"KANTOR PUSAT","DEPRESIASI BANGUNAN",,"DEPR BANGUNAN","620.231/KANTOR PUSAT/DEPR BANGUNAN/KANTOR PUSAT","KP","600","600","620.230",,"01","Aktifitas Operasi   ","Laba Rugi","Debet","F","F","T",,"0.00","0.00","0.00","0.00","0.00","0.00","0.00","0.00","0.00","0.00","0.00","0.00","0.00","0.00","0.00","0.00","0.00","0.00","0.00","0.00","0.00","0.00","0.00","0.00","0.00","0.00","0.00","0.00","0.00","0.00","0.00","0.00","0.00","0.00","0.00","0.00","0.00","0.00","0.00","0.00","0.00","0.00","0.00","0.00","0.00","0.00","0.00","0.00","0.00","0.00","0.00","0.00","0.00","0.00","0.00","0.00","0.00","0.00","0.00","0.00","0.00","0.00","0.00","0.00","0.00","0.00","F",,"1","2023-01-17","2023-08-10","17:24:09","16:26:19","ADMIN","ADMIN"
"293","620.232","03",,"KANTOR PUSAT","DEPRESIASI KENDARAAN",,"DEPR KENDARAAN","620.232/KANTOR PUSAT/DEPR KENDARAAN/KANTOR PUSAT","KP","600","600","620.230",,"01","Aktifitas Operasi   ","Laba Rugi","Debet","F","F","T",,"0.00","0.00","0.00","0.00","0.00","0.00","0.00","0.00","0.00","0.00","0.00","0.00","0.00","0.00","0.00","0.00","0.00","0.00","0.00","0.00","0.00","0.00","0.00","0.00","0.00","0.00","0.00","0.00","0.00","0.00","0.00","0.00","0.00","0.00","0.00","0.00","0.00","0.00","0.00","0.00","0.00","0.00","0.00","0.00","0.00","0.00","0.00","0.00","0.00","0.00","0.00","0.00","0.00","0.00","0.00","0.00","0.00","0.00","0.00","0.00","0.00","0.00","0.00","0.00","0.00","0.00","F",,"1","2023-01-17","2023-08-10","17:27:15","16:26:00","ADMIN","ADMIN"
"294","620.233","03",,"KANTOR PUSAT","DEPRESIASI INVENTARIS KANTOR",,"DEPR INVENTARIS KANTOR","620.233/KANTOR PUSAT/DEPR INVENTARIS KANTOR/KANTOR PUSAT","KP","600","600","620.230",,"01","Aktifitas Operasi   ","Laba Rugi","Debet","F","F","T",,"0.00","0.00","0.00","0.00","0.00","0.00","0.00","0.00","0.00","0.00","0.00","0.00","0.00","0.00","0.00","0.00","0.00","0.00","0.00","0.00","0.00","0.00","0.00","0.00","0.00","0.00","0.00","0.00","0.00","0.00","0.00","0.00","0.00","0.00","0.00","0.00","0.00","0.00","0.00","0.00","0.00","0.00","0.00","0.00","0.00","0.00","0.00","0.00","0.00","0.00","0.00","0.00","0.00","0.00","0.00","0.00","0.00","0.00","0.00","0.00","0.00","0.00","0.00","0.00","0.00","0.00","F",,"1","2023-01-17","2023-08-10","17:31:56","16:25:28","ADMIN","ADMIN"
"295","620.240","03",,"KANTOR PUSAT","DEPRESIASI ASET TAX AMNESTY",,"DEPR TA","620.240/KANTOR PUSAT/DEPR TA/KANTOR PUSAT","KP","600","600","620.230",,"01","Aktifitas Operasi   ","Laba Rugi","Debet","F","F","T"," ","0.00","0.00","0.00","0.00","0.00","0.00","0.00","0.00","0.00","0.00","0.00","0.00","0.00","0.00","0.00","0.00","0.00","0.00","0.00","0.00","0.00","0.00","0.00","0.00","0.00","0.00","0.00","0.00","0.00","0.00","0.00","0.00","0.00","0.00","0.00","0.00","0.00","0.00","0.00","0.00","0.00","0.00","0.00","0.00","0.00","0.00","0.00","0.00","0.00","0.00","0.00","0.00","0.00","0.00","0.00","0.00","0.00","0.00","0.00","0.00","0.00","0.00","0.00","0.00","0.00","0.00","F",,"1","2023-01-17","2023-01-17","17:44:09","17:44:09","ADMIN","ADMIN"
"296","620.240","02",,"KANTOR PUSAT","BEBAN AMORTISASI ASET LAIN-LAIN",,"AMORTISASI ASET LAIN-LAIN","620.240/KANTOR PUSAT/AMORTISASI ASET LAIN-LAIN/KANTOR PUSAT","KP","600","600","620.000",,"01","Aktifitas Operasi   ","Laba Rugi","Debet","F","F","T"," ","0.00","0.00","0.00","0.00","0.00","0.00","0.00","0.00","0.00","0.00","0.00","0.00","0.00","0.00","0.00","0.00","0.00","0.00","0.00","0.00","0.00","0.00","0.00","0.00","0.00","0.00","0.00","0.00","0.00","0.00","0.00","0.00","0.00","0.00","0.00","0.00","0.00","0.00","0.00","0.00","0.00","0.00","0.00","0.00","0.00","0.00","0.00","0.00","0.00","0.00","0.00","0.00","0.00","0.00","0.00","0.00","0.00","0.00","0.00","0.00","0.00","0.00","0.00","0.00","0.00","0.00","F",,"1","2023-01-17","2023-01-17","17:51:10","17:51:10","ADMIN","ADMIN"
"297","620.241","03",,"KANTOR PUSAT","BEBAN AMORTISASI PRA OPERASI LANGGAK",,"AMORT PRA OP","620.241/KANTOR PUSAT/AMORT PRA OP/KANTOR PUSAT","KP","600","600","620.240",,"01","Aktifitas Operasi   ","Laba Rugi","Debet","F","F","T",,"0.00","0.00","0.00","0.00","0.00","0.00","0.00","0.00","0.00","0.00","0.00","0.00","0.00","0.00","0.00","0.00","0.00","0.00","0.00","0.00","0.00","0.00","0.00","0.00","0.00","0.00","0.00","0.00","0.00","0.00","0.00","0.00","0.00","0.00","0.00","0.00","0.00","0.00","0.00","0.00","0.00","0.00","0.00","0.00","0.00","0.00","0.00","0.00","0.00","0.00","0.00","0.00","0.00","0.00","0.00","0.00","0.00","0.00","0.00","0.00","0.00","0.00","0.00","0.00","0.00","0.00","F",,"1","2023-01-17","2023-08-10","17:52:29","16:24:47","ADMIN","ADMIN"
"298","620.242","03",,"KANTOR PUSAT","BEBAN AMORTISASI BONUS KOMPENSASI LANGGAK",,"AMORT LGK","620.242/KANTOR PUSAT/AMORT LGK/KANTOR PUSAT","KP","600","600","620.240",,"01","Aktifitas Operasi   ","Laba Rugi","Debet","F","F","T",,"0.00","0.00","0.00","0.00","0.00","0.00","0.00","0.00","0.00","0.00","0.00","0.00","0.00","0.00","0.00","0.00","0.00","0.00","0.00","0.00","0.00","0.00","0.00","0.00","0.00","0.00","0.00","0.00","0.00","0.00","0.00","0.00","0.00","0.00","0.00","0.00","0.00","0.00","0.00","0.00","0.00","0.00","0.00","0.00","0.00","0.00","0.00","0.00","0.00","0.00","0.00","0.00","0.00","0.00","0.00","0.00","0.00","0.00","0.00","0.00","0.00","0.00","0.00","0.00","0.00","0.00","F",,"1","2023-01-17","2023-08-10","17:53:17","16:24:10","ADMIN","ADMIN"
"299","620.250","03",,"KANTOR PUSAT","BEBAN PIUTANG TAK TERTAGIH",,"PIUTANG TAK TERTAGIH","620.250/KANTOR PUSAT/PIUTANG TAK TERTAGIH/KANTOR PUSAT","KP","600","600","620.000",,"01","Aktifitas Operasi   ","Laba Rugi","Debet","F","F","T"," ","0.00","0.00","0.00","0.00","0.00","0.00","0.00","0.00","0.00","0.00","0.00","0.00","0.00","0.00","0.00","0.00","0.00","0.00","0.00","0.00","0.00","0.00","0.00","0.00","0.00","0.00","0.00","0.00","0.00","0.00","0.00","0.00","0.00","0.00","0.00","0.00","0.00","0.00","0.00","0.00","0.00","0.00","0.00","0.00","0.00","0.00","0.00","0.00","0.00","0.00","0.00","0.00","0.00","0.00","0.00","0.00","0.00","0.00","0.00","0.00","0.00","0.00","0.00","0.00","0.00","0.00","F",,"1","2023-01-17","2023-01-17","17:55:21","17:55:21","ADMIN","ADMIN"
"300","620.260","03",,"KANTOR PUSAT","JASA PRODUKSI",,"JASPROD","620.260/KANTOR PUSAT/JASPROD/KANTOR PUSAT","KP","600","600","620.000",,"01","Aktifitas Operasi   ","Laba Rugi","Debet","F","F","T",,"0.00","0.00","0.00","0.00","0.00","0.00","0.00","0.00","0.00","0.00","0.00","0.00","0.00","0.00","0.00","0.00","0.00","0.00","0.00","0.00","0.00","0.00","0.00","0.00","0.00","0.00","0.00","0.00","0.00","0.00","0.00","0.00","0.00","0.00","0.00","0.00","0.00","0.00","0.00","0.00","0.00","0.00","0.00","0.00","0.00","0.00","0.00","0.00","0.00","0.00","0.00","0.00","0.00","0.00","0.00","0.00","0.00","0.00","0.00","0.00","0.00","0.00","0.00","0.00","0.00","0.00","F",,"1","2023-01-17","2023-08-10","17:57:19","16:23:13","ADMIN","ADMIN"
"301","700.000","01",,"KANTOR PUSAT","PENDAPATAN LAIN-LAIN",,"PENDAPATAN LAIN-LAIN","700.000/KANTOR PUSAT/PENDAPATAN LAIN-LAIN/KANTOR PUSAT","KP","700","700","700.000",,"01","Aktifitas Operasi   ","Laba Rugi","Kredit","F","F","T"," ","0.00","0.00","0.00","0.00","0.00","0.00","0.00","0.00","0.00","0.00","0.00","0.00","0.00","0.00","0.00","0.00","0.00","0.00","0.00","0.00","0.00","0.00","0.00","0.00","0.00","0.00","0.00","0.00","0.00","0.00","0.00","0.00","0.00","0.00","0.00","0.00","0.00","0.00","0.00","0.00","0.00","0.00","0.00","0.00","0.00","0.00","0.00","0.00","0.00","0.00","0.00","0.00","0.00","0.00","0.00","0.00","0.00","0.00","0.00","0.00","0.00","0.00","0.00","0.00","0.00","0.00","F",,"1","2023-01-17","2023-01-17","17:59:13","18:02:05","ADMIN","ADMIN"
"302","700.100","03",,"KANTOR PUSAT","FEE KERJASAMA",,"FEE KERJASAMA","700.100/KANTOR PUSAT/FEE KERJASAMA/KANTOR PUSAT","KP","700","700","700.000",,"01","Aktifitas Operasi   ","Laba Rugi","Kredit","F","F","T"," ","0.00","0.00","0.00","0.00","0.00","0.00","0.00","0.00","0.00","0.00","0.00","0.00","0.00","0.00","0.00","0.00","0.00","0.00","0.00","0.00","0.00","0.00","0.00","0.00","0.00","0.00","0.00","0.00","0.00","0.00","0.00","0.00","0.00","0.00","0.00","0.00","0.00","0.00","0.00","0.00","0.00","0.00","0.00","0.00","0.00","0.00","0.00","0.00","0.00","0.00","0.00","0.00","0.00","0.00","0.00","0.00","0.00","0.00","0.00","0.00","0.00","0.00","0.00","0.00","0.00","0.00","F",,"1","2023-01-17","2023-01-17","18:00:42","18:01:53","ADMIN","ADMIN"
"303","700.200","03",,"KANTOR PUSAT","JASA GIRO",,"JASA GIRO","700.200/KANTOR PUSAT/JASA GIRO/KANTOR PUSAT","KP","700","700","700.000",,"01","Aktifitas Operasi   ","Laba Rugi","Kredit","F","F","T",,"0.00","0.00","0.00","0.00","0.00","0.00","0.00","0.00","0.00","0.00","0.00","0.00","0.00","0.00","0.00","0.00","0.00","0.00","0.00","0.00","0.00","0.00","0.00","0.00","0.00","0.00","0.00","0.00","0.00","0.00","0.00","0.00","0.00","0.00","0.00","0.00","0.00","0.00","0.00","0.00","0.00","0.00","0.00","0.00","0.00","0.00","0.00","0.00","0.00","0.00","0.00","0.00","0.00","0.00","0.00","0.00","0.00","0.00","0.00","0.00","0.00","0.00","0.00","0.00","0.00","0.00","F",,"1","2023-01-17","2023-08-10","18:01:37","17:28:29","ADMIN","ADMIN"
"304","700.300","03",,"KANTOR PUSAT","BUNGA DEPOSITO",,"BUNGA DEPOSITO","700.300/KANTOR PUSAT/BUNGA DEPOSITO/KANTOR PUSAT","KP","700","700","700.000",,"01","Aktifitas Operasi   ","Laba Rugi","Kredit","F","F","T"," ","0.00","0.00","0.00","0.00","0.00","0.00","0.00","0.00","0.00","0.00","0.00","0.00","0.00","0.00","0.00","0.00","0.00","0.00","0.00","0.00","0.00","0.00","0.00","0.00","0.00","0.00","0.00","0.00","0.00","0.00","0.00","0.00","0.00","0.00","0.00","0.00","0.00","0.00","0.00","0.00","0.00","0.00","0.00","0.00","0.00","0.00","0.00","0.00","0.00","0.00","0.00","0.00","0.00","0.00","0.00","0.00","0.00","0.00","0.00","0.00","0.00","0.00","0.00","0.00","0.00","0.00","F",,"1","2023-01-17","2023-01-17","18:03:37","18:03:37","ADMIN","ADMIN"
"305","700.400","02",,"KANTOR PUSAT","PENDAPATAN LAIN-LAIN",,"PENDAPATAN LAIN","700.400/KANTOR PUSAT/PENDAPATAN LAIN/KANTOR PUSAT","KP","700","700","700.000",,"01","Aktifitas Operasi   ","Laba Rugi","Kredit","F","F","T"," ","0.00","0.00","0.00","0.00","0.00","0.00","0.00","0.00","0.00","0.00","0.00","0.00","0.00","0.00","0.00","0.00","0.00","0.00","0.00","0.00","0.00","0.00","0.00","0.00","0.00","0.00","0.00","0.00","0.00","0.00","0.00","0.00","0.00","0.00","0.00","0.00","0.00","0.00","0.00","0.00","0.00","0.00","0.00","0.00","0.00","0.00","0.00","0.00","0.00","0.00","0.00","0.00","0.00","0.00","0.00","0.00","0.00","0.00","0.00","0.00","0.00","0.00","0.00","0.00","0.00","0.00","F",,"1","2023-01-17","2023-01-17","18:05:37","18:05:37","ADMIN","ADMIN"
"306","700.410","03",,"KANTOR PUSAT","PENDAPATAN SELISIH KURS",,"SELISIH KURS","700.410/KANTOR PUSAT/SELISIH KURS/KANTOR PUSAT","KP","700","700","700.400",,"01","Aktifitas Operasi   ","Laba Rugi","Kredit","F","F","T"," ","0.00","0.00","0.00","0.00","0.00","0.00","0.00","0.00","0.00","0.00","0.00","0.00","0.00","0.00","0.00","0.00","0.00","0.00","0.00","0.00","0.00","0.00","0.00","0.00","0.00","0.00","0.00","0.00","0.00","0.00","0.00","0.00","0.00","0.00","0.00","0.00","0.00","0.00","0.00","0.00","0.00","0.00","0.00","0.00","0.00","0.00","0.00","0.00","0.00","0.00","0.00","0.00","0.00","0.00","0.00","0.00","0.00","0.00","0.00","0.00","0.00","0.00","0.00","0.00","0.00","0.00","F",,"1","2023-01-17","2023-01-17","18:06:43","18:06:43","ADMIN","ADMIN"
"307","700.420","03",,"KANTOR PUSAT","KENAIKAN NILAI SAHAM",,"NAIK NILAI SAHAM","700.420/KANTOR PUSAT/NAIK NILAI SAHAM/KANTOR PUSAT","KP","700","700","700.400",,"01","Aktifitas Operasi   ","Laba Rugi","Kredit","F","F","T"," ","0.00","0.00","0.00","0.00","0.00","0.00","0.00","0.00","0.00","0.00","0.00","0.00","0.00","0.00","0.00","0.00","0.00","0.00","0.00","0.00","0.00","0.00","0.00","0.00","0.00","0.00","0.00","0.00","0.00","0.00","0.00","0.00","0.00","0.00","0.00","0.00","0.00","0.00","0.00","0.00","0.00","0.00","0.00","0.00","0.00","0.00","0.00","0.00","0.00","0.00","0.00","0.00","0.00","0.00","0.00","0.00","0.00","0.00","0.00","0.00","0.00","0.00","0.00","0.00","0.00","0.00","F",,"1","2023-01-17","2023-01-17","18:07:41","18:07:41","ADMIN","ADMIN"
"308","700.430","03",,"KANTOR PUSAT","PENDAPATAN LAIN-LAINNYA",,"LAIN","700.430/KANTOR PUSAT/LAIN/KANTOR PUSAT","KP","700","700","700.400",,"01","Aktifitas Operasi   ","Laba Rugi","Kredit","F","F","T",,"0.00","0.00","0.00","0.00","0.00","0.00","0.00","0.00","0.00","0.00","0.00","0.00","0.00","0.00","0.00","0.00","0.00","0.00","0.00","0.00","0.00","0.00","0.00","0.00","0.00","0.00","0.00","0.00","0.00","0.00","0.00","0.00","0.00","0.00","0.00","0.00","0.00","0.00","0.00","0.00","0.00","0.00","0.00","0.00","0.00","0.00","0.00","0.00","0.00","0.00","0.00","0.00","0.00","0.00","0.00","0.00","0.00","0.00","0.00","0.00","0.00","0.00","0.00","0.00","0.00","0.00","F",,"1","2023-01-17","2023-08-10","18:08:42","17:29:09","ADMIN","ADMIN"
"309","800.000","01",,"KANTOR PUSAT","BEBAN LAIN-LAIN",,"BEBAN LAIN","800.000/KANTOR PUSAT/BEBAN LAIN/KANTOR PUSAT","KP","800","800","800.000",,"01","Aktifitas Operasi   ","Laba Rugi","Debet","F","F","T"," ","0.00","0.00","0.00","0.00","0.00","0.00","0.00","0.00","0.00","0.00","0.00","0.00","0.00","0.00","0.00","0.00","0.00","0.00","0.00","0.00","0.00","0.00","0.00","0.00","0.00","0.00","0.00","0.00","0.00","0.00","0.00","0.00","0.00","0.00","0.00","0.00","0.00","0.00","0.00","0.00","0.00","0.00","0.00","0.00","0.00","0.00","0.00","0.00","0.00","0.00","0.00","0.00","0.00","0.00","0.00","0.00","0.00","0.00","0.00","0.00","0.00","0.00","0.00","0.00","0.00","0.00","F",,"1","2023-01-17","2023-01-17","18:12:51","18:12:51","ADMIN","ADMIN"
"310","800.100","03",,"KANTOR PUSAT","ADMINISTRASI UMUM",,"ADM BANK","800.100/KANTOR PUSAT/ADM BANK/KANTOR PUSAT","KP","800","800","800.000",,"01","Aktifitas Operasi   ","Laba Rugi","Debet","F","F","T",,"0.00","0.00","0.00","0.00","0.00","0.00","0.00","0.00","0.00","0.00","0.00","0.00","0.00","0.00","0.00","0.00","0.00","0.00","0.00","0.00","0.00","0.00","0.00","0.00","0.00","0.00","0.00","0.00","0.00","0.00","0.00","0.00","0.00","0.00","0.00","0.00","0.00","0.00","0.00","0.00","0.00","0.00","0.00","0.00","0.00","0.00","0.00","0.00","0.00","0.00","0.00","0.00","0.00","0.00","0.00","0.00","0.00","0.00","0.00","0.00","0.00","0.00","0.00","0.00","0.00","0.00","F",,"1","2023-01-17","2023-08-10","18:14:02","17:29:54","ADMIN","ADMIN"
"311","800.200","03",,"KANTOR PUSAT","METERAI BANK",,"METERAI BANK","800.200/KANTOR PUSAT/METERAI BANK/KANTOR PUSAT","KP","800","800","800.000",,"01","Aktifitas Operasi   ","Laba Rugi","Debet","F","F","T",,"0.00","0.00","0.00","0.00","0.00","0.00","0.00","0.00","0.00","0.00","0.00","0.00","0.00","0.00","0.00","0.00","0.00","0.00","0.00","0.00","0.00","0.00","0.00","0.00","0.00","0.00","0.00","0.00","0.00","0.00","0.00","0.00","0.00","0.00","0.00","0.00","0.00","0.00","0.00","0.00","0.00","0.00","0.00","0.00","0.00","0.00","0.00","0.00","0.00","0.00","0.00","0.00","0.00","0.00","0.00","0.00","0.00","0.00","0.00","0.00","0.00","0.00","0.00","0.00","0.00","0.00","F",,"1","2023-01-17","2023-08-10","18:15:15","17:30:09","ADMIN","ADMIN"
"312","800.300","03",,"KANTOR PUSAT","PAJAK JASA GIRO",,"PJK JASA GIRO","800.300/KANTOR PUSAT/PJK JASA GIRO/KANTOR PUSAT","KP","800","800","800.000",,"01","Aktifitas Operasi   ","Laba Rugi","Debet","F","F","T",,"0.00","0.00","0.00","0.00","0.00","0.00","0.00","0.00","0.00","0.00","0.00","0.00","0.00","0.00","0.00","0.00","0.00","0.00","0.00","0.00","0.00","0.00","0.00","0.00","0.00","0.00","0.00","0.00","0.00","0.00","0.00","0.00","0.00","0.00","0.00","0.00","0.00","0.00","0.00","0.00","0.00","0.00","0.00","0.00","0.00","0.00","0.00","0.00","0.00","0.00","0.00","0.00","0.00","0.00","0.00","0.00","0.00","0.00","0.00","0.00","0.00","0.00","0.00","0.00","0.00","0.00","F","PJG","1","2023-01-17","2023-08-10","18:21:15","17:30:23","ADMIN","ADMIN"
"313","800.400","03",,"KANTOR PUSAT","BEBAN BUNGA PINJAMAN",,"BUNGA PINJAMAN","800.400/KANTOR PUSAT/BUNGA PINJAMAN/KANTOR PUSAT","KP","800","800","800.000",,"01","Aktifitas Operasi   ","Laba Rugi","Debet","F","F","T",,"0.00","0.00","0.00","0.00","0.00","0.00","0.00","0.00","0.00","0.00","0.00","0.00","0.00","0.00","0.00","0.00","0.00","0.00","0.00","0.00","0.00","0.00","0.00","0.00","0.00","0.00","0.00","0.00","0.00","0.00","0.00","0.00","0.00","0.00","0.00","0.00","0.00","0.00","0.00","0.00","0.00","0.00","0.00","0.00","0.00","0.00","0.00","0.00","0.00","0.00","0.00","0.00","0.00","0.00","0.00","0.00","0.00","0.00","0.00","0.00","0.00","0.00","0.00","0.00","0.00","0.00","F",,"1","2023-01-17","2023-08-10","18:22:53","17:30:46","ADMIN","ADMIN"
"314","800.500","03",,"KANTOR PUSAT","RUGI SELISIH KURS",,"SELISIH KURS","800.500/KANTOR PUSAT/SELISIH KURS/KANTOR PUSAT","KP","800","800","800.000",,"01","Aktifitas Operasi   ","Laba Rugi","Debet","F","F","T",,"0.00","0.00","0.00","0.00","0.00","0.00","0.00","0.00","0.00","0.00","0.00","0.00","0.00","0.00","0.00","0.00","0.00","0.00","0.00","0.00","0.00","0.00","0.00","0.00","0.00","0.00","0.00","0.00","0.00","0.00","0.00","0.00","0.00","0.00","0.00","0.00","0.00","0.00","0.00","0.00","0.00","0.00","0.00","0.00","0.00","0.00","0.00","0.00","0.00","0.00","0.00","0.00","0.00","0.00","0.00","0.00","0.00","0.00","0.00","0.00","0.00","0.00","0.00","0.00","0.00","0.00","F",,"1","2023-01-17","2023-08-10","18:25:08","17:31:16","ADMIN","ADMIN"
"315","800.600","02",,"KANTOR PUSAT","BEBAN LAIN-LAINNYA",,"BEBAN LAIN","800.600/KANTOR PUSAT/BEBAN LAIN/KANTOR PUSAT","KP","800","800","800.000",,"01","Aktifitas Operasi   ","Laba Rugi","Debet","F","F","T"," ","0.00","0.00","0.00","0.00","0.00","0.00","0.00","0.00","0.00","0.00","0.00","0.00","0.00","0.00","0.00","0.00","0.00","0.00","0.00","0.00","0.00","0.00","0.00","0.00","0.00","0.00","0.00","0.00","0.00","0.00","0.00","0.00","0.00","0.00","0.00","0.00","0.00","0.00","0.00","0.00","0.00","0.00","0.00","0.00","0.00","0.00","0.00","0.00","0.00","0.00","0.00","0.00","0.00","0.00","0.00","0.00","0.00","0.00","0.00","0.00","0.00","0.00","0.00","0.00","0.00","0.00","F",,"1","2023-01-17","2023-01-17","18:26:21","18:29:11","ADMIN","ADMIN"
"316","800.610","03",,"KANTOR PUSAT","RUGI SELISIH STOCK OPNAME",,"SELISIH STOCK OPNAME","800.610/KANTOR PUSAT/SELISIH STOCK OPNAME/KANTOR PUSAT","KP","800","800","800.600",,"01","Aktifitas Operasi   ","Laba Rugi","Debet","F","F","T",,"0.00","0.00","0.00","0.00","0.00","0.00","0.00","0.00","0.00","0.00","0.00","0.00","0.00","0.00","0.00","0.00","0.00","0.00","0.00","0.00","0.00","0.00","0.00","0.00","0.00","0.00","0.00","0.00","0.00","0.00","0.00","0.00","0.00","0.00","0.00","0.00","0.00","0.00","0.00","0.00","0.00","0.00","0.00","0.00","0.00","0.00","0.00","0.00","0.00","0.00","0.00","0.00","0.00","0.00","0.00","0.00","0.00","0.00","0.00","0.00","0.00","0.00","0.00","0.00","0.00","0.00","F",,"1","2023-01-17","2023-08-23","18:27:24","16:46:48","ADMIN","ADMIN"
"317","800.620","03",,"KANTOR PUSAT","BEBAN LAIN-LAINNYA",,"BEBAN LAIN","800.620/KANTOR PUSAT/BEBAN LAIN/KANTOR PUSAT","KP","800","800","800.600",,"01","Aktifitas Operasi   ","Laba Rugi","Debet","F","F","T",,"0.00","0.00","0.00","0.00","0.00","0.00","0.00","0.00","0.00","0.00","0.00","0.00","0.00","0.00","0.00","0.00","0.00","0.00","0.00","0.00","0.00","0.00","0.00","0.00","0.00","0.00","0.00","0.00","0.00","0.00","0.00","0.00","0.00","0.00","0.00","0.00","0.00","0.00","0.00","0.00","0.00","0.00","0.00","0.00","0.00","0.00","0.00","0.00","0.00","0.00","0.00","0.00","0.00","0.00","0.00","0.00","0.00","0.00","0.00","0.00","0.00","0.00","0.00","0.00","0.00","0.00","F",,"1","2023-01-17","2023-08-10","18:30:19","17:31:54","ADMIN","ADMIN"
"318","800.700","03",,"KANTOR PUSAT","PENYERAPAN RUGI ANAK",,"RUGI ANAK","800.700/KANTOR PUSAT/RUGI ANAK/KANTOR PUSAT","KP","800","800","800.000",,"01","Aktifitas Operasi   ","Laba Rugi","Debet","F","F","T"," ","0.00","0.00","0.00","0.00","0.00","0.00","0.00","0.00","0.00","0.00","0.00","0.00","0.00","0.00","0.00","0.00","0.00","0.00","0.00","0.00","0.00","0.00","0.00","0.00","0.00","0.00","0.00","0.00","0.00","0.00","0.00","0.00","0.00","0.00","0.00","0.00","0.00","0.00","0.00","0.00","0.00","0.00","0.00","0.00","0.00","0.00","0.00","0.00","0.00","0.00","0.00","0.00","0.00","0.00","0.00","0.00","0.00","0.00","0.00","0.00","0.00","0.00","0.00","0.00","0.00","0.00","F",,"1","2023-01-17","2023-01-17","18:32:12","18:32:12","ADMIN","ADMIN"
"319","900.000","01",,"KANTOR PUSAT","TAKSIRAN PAJAK PENGHASILAN",,"TAKSIRAN PAJAK PENGHASILAN","900.000/KANTOR PUSAT/TAKSIRAN PAJAK PENGHASILAN/KANTOR PUSAT","KP","900","900","900.000",,"01","Aktifitas Operasi   ","Laba Rugi","Debet","F","F","T"," ","0.00","0.00","0.00","0.00","0.00","0.00","0.00","0.00","0.00","0.00","0.00","0.00","0.00","0.00","0.00","0.00","0.00","0.00","0.00","0.00","0.00","0.00","0.00","0.00","0.00","0.00","0.00","0.00","0.00","0.00","0.00","0.00","0.00","0.00","0.00","0.00","0.00","0.00","0.00","0.00","0.00","0.00","0.00","0.00","0.00","0.00","0.00","0.00","0.00","0.00","0.00","0.00","0.00","0.00","0.00","0.00","0.00","0.00","0.00","0.00","0.00","0.00","0.00","0.00","0.00","0.00","F",,"1","2023-01-17","2023-01-17","18:35:30","18:35:30","ADMIN","ADMIN"
"320","900.100","03",,"KANTOR PUSAT","BEBAN PAJAK KINI",,"PAJAK KINI","900.100/KANTOR PUSAT/PAJAK KINI/KANTOR PUSAT","KP","900","900","900.000",,"01","Aktifitas Operasi   ","Laba Rugi","Debet","F","F","T"," ","0.00","0.00","0.00","0.00","0.00","0.00","0.00","0.00","0.00","0.00","0.00","0.00","0.00","0.00","0.00","0.00","0.00","0.00","0.00","0.00","0.00","0.00","0.00","0.00","0.00","0.00","0.00","0.00","0.00","0.00","0.00","0.00","0.00","0.00","0.00","0.00","0.00","0.00","0.00","0.00","0.00","0.00","0.00","0.00","0.00","0.00","0.00","0.00","0.00","0.00","0.00","0.00","0.00","0.00","0.00","0.00","0.00","0.00","0.00","0.00","0.00","0.00","0.00","0.00","0.00","0.00","F",,"1","2023-01-17","2023-01-17","18:36:31","18:36:31","ADMIN","ADMIN"
"321","900.200","03",,"KANTOR PUSAT","PENDAPATAN/(BEBAN) PAJAK TANGGUHAN",,"PJK TANGGUH","900.200/KANTOR PUSAT/PJK TANGGUH/KANTOR PUSAT","KP","900","900","900.000",,"01","Aktifitas Operasi   ","Laba Rugi","Debet","F","F","T"," ","0.00","0.00","0.00","0.00","0.00","0.00","0.00","0.00","0.00","0.00","0.00","0.00","0.00","0.00","0.00","0.00","0.00","0.00","0.00","0.00","0.00","0.00","0.00","0.00","0.00","0.00","0.00","0.00","0.00","0.00","0.00","0.00","0.00","0.00","0.00","0.00","0.00","0.00","0.00","0.00","0.00","0.00","0.00","0.00","0.00","0.00","0.00","0.00","0.00","0.00","0.00","0.00","0.00","0.00","0.00","0.00","0.00","0.00","0.00","0.00","0.00","0.00","0.00","0.00","0.00","0.00","F",,"1","2023-01-17","2023-01-17","18:37:57","18:37:57","ADMIN","ADMIN"
"322","101.000","01",,"KANTOR PUSAT","KAS DAN SETARA KAS",,"KAS & SETARA KAS","101.000/KANTOR PUSAT/KAS & SETARA KAS/KP","KP","100","100","101.000",,," ","Neraca","Debet","F","F","T",,"0.00","0.00","0.00","0.00","0.00","0.00","0.00","0.00","0.00","0.00","0.00","0.00","0.00","0.00","0.00","0.00","0.00","0.00","0.00","0.00","0.00","0.00","0.00","0.00","0.00","0.00","0.00","0.00","0.00","0.00","0.00","0.00","0.00","0.00","0.00","0.00","0.00","0.00","0.00","0.00","0.00","0.00","0.00","0.00","0.00","0.00","0.00","0.00","0.00","0.00","0.00","0.00","0.00","0.00","0.00","0.00","0.00","0.00","0.00","0.00","0.00","0.00","0.00","0.00","0.00","0.00","F",,"1","2023-01-24","2023-01-24","15:21:38","15:21:38","ADMIN","ADMIN"
"323","101.000","01",,"SPR TRADA","KAS & SETARA KAS",,"KAS & SETARA KAS","101.000/SPR TRADA/KAS & SETARA KAS/TR","TR","100","100","101.000",,," ","Neraca","Debet","F","F","T",,"0.00","0.00","0.00","0.00","0.00","0.00","0.00","0.00","0.00","0.00","0.00","0.00","0.00","0.00","0.00","0.00","0.00","0.00","0.00","0.00","0.00","0.00","0.00","0.00","0.00","0.00","0.00","0.00","0.00","0.00","0.00","0.00","0.00","0.00","0.00","0.00","0.00","0.00","0.00","0.00","0.00","0.00","0.00","0.00","0.00","0.00","0.00","0.00","0.00","0.00","0.00","0.00","0.00","0.00","0.00","0.00","0.00","0.00","0.00","0.00","0.00","0.00","0.00","0.00","0.00","0.00","F",,"1","2023-01-26","2023-01-26","10:27:53","10:27:53","ADMIN","ADMIN"
"324","101.100","02",,"SPR TRADA","KAS",,"KAS","101.100/SPR TRADA/KAS/TR","TR","100","100","101.000",,,"                    ","Neraca","Debet","T","F","T",,"0.00","0.00","0.00","0.00","0.00","0.00","0.00","0.00","0.00","0.00","0.00","0.00","0.00","0.00","0.00","0.00","0.00","0.00","0.00","0.00","0.00","0.00","0.00","0.00","0.00","0.00","0.00","0.00","0.00","0.00","0.00","0.00","0.00","0.00","0.00","0.00","0.00","0.00","0.00","0.00","0.00","0.00","0.00","0.00","0.00","0.00","0.00","0.00","0.00","0.00","0.00","0.00","0.00","0.00","0.00","0.00","0.00","0.00","0.00","0.00","0.00","0.00","0.00","0.00","0.00","0.00","F",,"1","2023-01-26","2023-06-09","10:29:52","11:03:29","ADMIN","ADMIN"
"325","101.101","03",,"SPR TRADA","KAS BESAR",,"KBESAR","101.101/SPR TRADA/KBESAR/TR","TR","100","100","101.100",,,"                    ","Neraca","Debet","T","F","T","KB","9955699.00","0.00","0.00","0.00","0.00","0.00","0.00","0.00","0.00","0.00","0.00","0.00","0.00","0.00","0.00","0.00","0.00","0.00","0.00","0.00","0.00","0.00","0.00","0.00","0.00","0.00","0.00","0.00","0.00","0.00","0.00","0.00","0.00","0.00","0.00","0.00","0.00","0.00","0.00","0.00","0.00","0.00","0.00","0.00","0.00","0.00","0.00","0.00","0.00","0.00","0.00","0.00","0.00","0.00","0.00","0.00","0.00","0.00","0.00","0.00","0.00","0.00","0.00","0.00","0.00","0.00","F",,"1","2023-01-26","2024-03-01","10:50:35","15:16:02","ADMIN","ADMIN"
"326","101.200","02",,"SPR TRADA","BANK",,"BANK","101.200/SPR TRADA/BANK/TR","TR","100","100","101.200",,,"                    ","Neraca","Debet","F","T","T",,"0.00","0.00","0.00","0.00","0.00","0.00","0.00","0.00","0.00","0.00","0.00","0.00","0.00","0.00","0.00","0.00","0.00","0.00","0.00","0.00","0.00","0.00","0.00","0.00","0.00","0.00","0.00","0.00","0.00","0.00","0.00","0.00","0.00","0.00","0.00","0.00","0.00","0.00","0.00","0.00","0.00","0.00","0.00","0.00","0.00","0.00","0.00","0.00","0.00","0.00","0.00","0.00","0.00","0.00","0.00","0.00","0.00","0.00","0.00","0.00","0.00","0.00","0.00","0.00","0.00","0.00","F",,"1","2023-01-26","2023-01-26","10:55:06","11:06:27","ADMIN","ADMIN"
"327","101.211","03",,"SPR TRADA","BRK SYARIAH 1200808288",,"BRKS","101.211/SPR TRADA/BANK RUPIAH/TR","TR","100","100","101.200",,,"                    ","Neraca","Debet","T","T","T","1200808288","62785738.64","0.00","0.00","0.00","0.00","0.00","0.00","0.00","0.00","0.00","0.00","0.00","0.00","0.00","0.00","0.00","0.00","0.00","0.00","0.00","0.00","0.00","0.00","0.00","0.00","0.00","0.00","0.00","0.00","0.00","0.00","0.00","0.00","0.00","0.00","0.00","0.00","0.00","0.00","0.00","0.00","0.00","0.00","0.00","0.00","0.00","0.00","0.00","0.00","0.00","0.00","0.00","0.00","0.00","0.00","0.00","0.00","0.00","0.00","0.00","0.00","0.00","0.00","0.00","0.00","0.00","F",,"1","2023-01-26","2024-03-01","11:15:25","15:17:28","ADMIN","ADMIN"
"328","101.212","03",,"SPR TRADA","BANK BRK TAB 1072001615",,"BANK","101.212/SPR TRADA/BANK/TR","TR","100","100","101.200",,,"                    ","Neraca","Debet","T","T","T","1072001615","0.00","0.00","0.00","0.00","0.00","0.00","0.00","0.00","0.00","0.00","0.00","0.00","0.00","0.00","0.00","0.00","0.00","0.00","0.00","0.00","0.00","0.00","0.00","0.00","0.00","0.00","0.00","0.00","0.00","0.00","0.00","0.00","0.00","0.00","0.00","0.00","0.00","0.00","0.00","0.00","0.00","0.00","0.00","0.00","0.00","0.00","0.00","0.00","0.00","0.00","0.00","0.00","0.00","0.00","0.00","0.00","0.00","0.00","0.00","0.00","0.00","0.00","0.00","0.00","0.00","0.00","F",,"1","2023-01-26","2023-11-02","11:17:10","21:10:24","ADMIN","ADMIN"
"329","620.211","03",,"KANTOR PUSAT","SERAGAM KANTOR",,"SERAGAM","620.211/KANTOR PUSAT/SERAGAM/KP","KP","600","600","620.210",,"01","Aktifitas Operasi   ","Laba Rugi","Debet","F","F","T",,"0.00","0.00","0.00","0.00","0.00","0.00","0.00","0.00","0.00","0.00","0.00","0.00","0.00","0.00","0.00","0.00","0.00","0.00","0.00","0.00","0.00","0.00","0.00","0.00","0.00","0.00","0.00","0.00","0.00","0.00","0.00","0.00","0.00","0.00","0.00","0.00","0.00","0.00","0.00","0.00","0.00","0.00","0.00","0.00","0.00","0.00","0.00","0.00","0.00","0.00","0.00","0.00","0.00","0.00","0.00","0.00","0.00","0.00","0.00","0.00","0.00","0.00","0.00","0.00","0.00","0.00","F",,"1","2023-02-13","2023-08-10","17:39:09","16:28:00","ADMIN","ADMIN"
"330","620.212","03",,"KANTOR PUSAT","PERLENGKAPAN KANTOR LAINNYA",,"PERLENGK LAIN","620.212/KANTOR PUSAT/PERLENGK LAIN/KP","KP","600","600","620.210",,"01","Aktifitas Operasi   ","Laba Rugi","Debet","F","F","T",,"0.00","0.00","0.00","0.00","0.00","0.00","0.00","0.00","0.00","0.00","0.00","0.00","0.00","0.00","0.00","0.00","0.00","0.00","0.00","0.00","0.00","0.00","0.00","0.00","0.00","0.00","0.00","0.00","0.00","0.00","0.00","0.00","0.00","0.00","0.00","0.00","0.00","0.00","0.00","0.00","0.00","0.00","0.00","0.00","0.00","0.00","0.00","0.00","0.00","0.00","0.00","0.00","0.00","0.00","0.00","0.00","0.00","0.00","0.00","0.00","0.00","0.00","0.00","0.00","0.00","0.00","F",,"1","2023-02-13","2023-08-10","17:40:01","16:27:20","ADMIN","ADMIN"
"331","101.214","03",,"KANTOR PUSAT","BRK SYARIAH AC NO. 191-08-00066",,"BRKS PINJ","101.214/KANTOR PUSAT/BRKS PINJ/KP","KP","100","100","101.200",,,"                    ","Neraca","Debet","T","T","T","191-08-00066","54966952.58","0.00","0.00","0.00","0.00","0.00","0.00","0.00","0.00","0.00","0.00","0.00","0.00","0.00","0.00","0.00","0.00","0.00","0.00","0.00","0.00","0.00","0.00","0.00","0.00","0.00","0.00","0.00","0.00","0.00","0.00","0.00","0.00","0.00","0.00","0.00","0.00","0.00","0.00","0.00","0.00","0.00","0.00","0.00","0.00","0.00","0.00","0.00","0.00","0.00","0.00","0.00","0.00","0.00","0.00","0.00","0.00","0.00","0.00","0.00","0.00","0.00","0.00","0.00","0.00","0.00","F",,"1","2023-02-20","2024-02-21","14:35:31","15:09:47","ADMIN","ADMIN"
"332","101.213","03",,"SPR TRADA","BANK MANDIRI AC. 127.00097564444",,"MANDIRI","101.213/SPR TRADA/MANDIRI/TR","TR","100","100","101.200",,,"                    ","Neraca","Debet","T","T","T","127.00097564444","0.00","0.00","0.00","0.00","0.00","0.00","0.00","0.00","0.00","0.00","0.00","0.00","0.00","0.00","0.00","0.00","0.00","0.00","0.00","0.00","0.00","0.00","0.00","0.00","0.00","0.00","0.00","0.00","0.00","0.00","0.00","0.00","0.00","0.00","0.00","0.00","0.00","0.00","0.00","0.00","0.00","0.00","0.00","0.00","0.00","0.00","0.00","0.00","0.00","0.00","0.00","0.00","0.00","0.00","0.00","0.00","0.00","0.00","0.00","0.00","0.00","0.00","0.00","0.00","0.00","0.00","F",,"1","2023-02-22","2023-11-02","10:45:32","21:12:42","ADMIN","ADMIN"
"333","101.214","03",,"SPR TRADA","CIMB NIAGA AC. 202.01.00334.004",,"NIAGA","101.214/SPR TRADA/NIAGA/TR","TR","100","100","101.200",,,"                    ","Neraca","Debet","T","T","T","202.01.00334.004","0.00","0.00","0.00","0.00","0.00","0.00","0.00","0.00","0.00","0.00","0.00","0.00","0.00","0.00","0.00","0.00","0.00","0.00","0.00","0.00","0.00","0.00","0.00","0.00","0.00","0.00","0.00","0.00","0.00","0.00","0.00","0.00","0.00","0.00","0.00","0.00","0.00","0.00","0.00","0.00","0.00","0.00","0.00","0.00","0.00","0.00","0.00","0.00","0.00","0.00","0.00","0.00","0.00","0.00","0.00","0.00","0.00","0.00","0.00","0.00","0.00","0.00","0.00","0.00","0.00","0.00","F",,"1","2023-02-22","2023-11-02","10:46:50","21:14:31","ADMIN","ADMIN"
"335","103.100","02",,"SPR TRADA","PIUTANG PIHAK KETIGA",,"PIUTANG PIHAK KETIGA","103.100/SPR TRADA/PIUTANG PIHAK KETIGA/TR","TR","100","100","103.000",,"01","Aktifitas Operasi","Neraca","Debet","F","F","T",,"0.00","0.00","0.00","0.00","0.00","0.00","0.00","0.00","0.00","0.00","0.00","0.00","0.00","0.00","0.00","0.00","0.00","0.00","0.00","0.00","0.00","0.00","0.00","0.00","0.00","0.00","0.00","0.00","0.00","0.00","0.00","0.00","0.00","0.00","0.00","0.00","0.00","0.00","0.00","0.00","0.00","0.00","0.00","0.00","0.00","0.00","0.00","0.00","0.00","0.00","0.00","0.00","0.00","0.00","0.00","0.00","0.00","0.00","0.00","0.00","0.00","0.00","0.00","0.00","0.00","0.00","F",,"1","2023-02-22","2023-02-22","10:52:00","10:52:00","ADMIN","ADMIN"
"336","103.101","03",,"SPR TRADA","KOPERASI KARYAWAN SPR",,"KOPKAR","103.101/SPR TRADA/KOPKAR/TR","TR","100","100","103.100",,"01","Aktifitas Operasi   ","Neraca","Debet","F","F","T",,"0.00","0.00","0.00","0.00","0.00","0.00","0.00","0.00","0.00","0.00","0.00","0.00","0.00","0.00","0.00","0.00","0.00","0.00","0.00","0.00","0.00","0.00","0.00","0.00","0.00","0.00","0.00","0.00","0.00","0.00","0.00","0.00","0.00","0.00","0.00","0.00","0.00","0.00","0.00","0.00","0.00","0.00","0.00","0.00","0.00","0.00","0.00","0.00","0.00","0.00","0.00","0.00","0.00","0.00","0.00","0.00","0.00","0.00","0.00","0.00","0.00","0.00","0.00","0.00","0.00","0.00","F",,"1","2023-02-22","2023-11-02","10:53:00","21:56:46","ADMIN","ADMIN"
"337","103.200","02",,"SPR TRADA","PIUTANG AFILIASI",,"PIUTANG AFILIASI","103.200/SPR TRADA/PIUTANG AFILIASI/TR","TR","100","100","103.000",,"01","Aktifitas Operasi","Neraca","Debet","F","F","T",,"0.00","0.00","0.00","0.00","0.00","0.00","0.00","0.00","0.00","0.00","0.00","0.00","0.00","0.00","0.00","0.00","0.00","0.00","0.00","0.00","0.00","0.00","0.00","0.00","0.00","0.00","0.00","0.00","0.00","0.00","0.00","0.00","0.00","0.00","0.00","0.00","0.00","0.00","0.00","0.00","0.00","0.00","0.00","0.00","0.00","0.00","0.00","0.00","0.00","0.00","0.00","0.00","0.00","0.00","0.00","0.00","0.00","0.00","0.00","0.00","0.00","0.00","0.00","0.00","0.00","0.00","F",,"1","2023-02-22","2023-02-22","10:53:59","10:53:59","ADMIN","ADMIN"
"338","103.201","03",,"SPR TRADA","PT SARANA PEMBANGUNAN RIAU",,"SPR","103.201/SPR TRADA/SPR/TR","TR","100","100","103.200",,"01","Aktifitas Operasi   ","Neraca","Debet","F","F","T",,"0.00","0.00","0.00","0.00","0.00","0.00","0.00","0.00","0.00","0.00","0.00","0.00","0.00","0.00","0.00","0.00","0.00","0.00","0.00","0.00","0.00","0.00","0.00","0.00","0.00","0.00","0.00","0.00","0.00","0.00","0.00","0.00","0.00","0.00","0.00","0.00","0.00","0.00","0.00","0.00","0.00","0.00","0.00","0.00","0.00","0.00","0.00","0.00","0.00","0.00","0.00","0.00","0.00","0.00","0.00","0.00","0.00","0.00","0.00","0.00","0.00","0.00","0.00","0.00","0.00","0.00","F",,"1","2023-02-22","2023-11-02","10:55:13","23:04:55","ADMIN","ADMIN"
"339","103.000","01",,"SPR TRADA","PIUTANG USAHA",,"PIUTANG USAHA","103.000/SPR TRADA/PIUTANG USAHA/TR","TR","100","100","103.000",,"01","Aktifitas Operasi   ","Neraca","Debet","F","F","T",,"0.00","0.00","0.00","0.00","0.00","0.00","0.00","0.00","0.00","0.00","0.00","0.00","0.00","0.00","0.00","0.00","0.00","0.00","0.00","0.00","0.00","0.00","0.00","0.00","0.00","0.00","0.00","0.00","0.00","0.00","0.00","0.00","0.00","0.00","0.00","0.00","0.00","0.00","0.00","0.00","0.00","0.00","0.00","0.00","0.00","0.00","0.00","0.00","0.00","0.00","0.00","0.00","0.00","0.00","0.00","0.00","0.00","0.00","0.00","0.00","0.00","0.00","0.00","0.00","0.00","0.00","F",,"1","2023-02-22","2023-02-22","10:57:08","10:57:08","ADMIN","ADMIN"
"340","108.000","01",,"SPR TRADA","UANG MUKA",,"UANG MUKA","108.000/SPR TRADA/UANG MUKA/TR","TR","100","100","108.000",,"01","Aktifitas Operasi   ","Neraca","Debet","F","F","T",,"0.00","0.00","0.00","0.00","0.00","0.00","0.00","0.00","0.00","0.00","0.00","0.00","0.00","0.00","0.00","0.00","0.00","0.00","0.00","0.00","0.00","0.00","0.00","0.00","0.00","0.00","0.00","0.00","0.00","0.00","0.00","0.00","0.00","0.00","0.00","0.00","0.00","0.00","0.00","0.00","0.00","0.00","0.00","0.00","0.00","0.00","0.00","0.00","0.00","0.00","0.00","0.00","0.00","0.00","0.00","0.00","0.00","0.00","0.00","0.00","0.00","0.00","0.00","0.00","0.00","0.00","F",,"1","2023-02-22","2023-02-22","11:02:26","11:02:26","ADMIN","ADMIN"
"341","108.101","03",,"SPR TRADA","PT BIOSINDO MITRA JAYA",,"BIOSINDO","108.101/SPR TRADA/BIOSINDO/TR","TR","100","100","108.000",,"01","Aktifitas Operasi   ","Neraca","Debet","F","F","T",,"0.00","0.00","0.00","0.00","0.00","0.00","0.00","0.00","0.00","0.00","0.00","0.00","0.00","0.00","0.00","0.00","0.00","0.00","0.00","0.00","0.00","0.00","0.00","0.00","0.00","0.00","0.00","0.00","0.00","0.00","0.00","0.00","0.00","0.00","0.00","0.00","0.00","0.00","0.00","0.00","0.00","0.00","0.00","0.00","0.00","0.00","0.00","0.00","0.00","0.00","0.00","0.00","0.00","0.00","0.00","0.00","0.00","0.00","0.00","0.00","0.00","0.00","0.00","0.00","0.00","0.00","F",,"1","2023-02-22","2023-11-02","11:06:06","21:52:09","ADMIN","ADMIN"
"342","108.102","03",,"SPR TRADA","YUSLINDA ISMAIL",,"YUSLINDA","108.102/SPR TRADA/YUSLINDA/TR","TR","100","100","108.000",,"01","Aktifitas Operasi   ","Neraca","Debet","F","F","T",,"0.00","0.00","0.00","0.00","0.00","0.00","0.00","0.00","0.00","0.00","0.00","0.00","0.00","0.00","0.00","0.00","0.00","0.00","0.00","0.00","0.00","0.00","0.00","0.00","0.00","0.00","0.00","0.00","0.00","0.00","0.00","0.00","0.00","0.00","0.00","0.00","0.00","0.00","0.00","0.00","0.00","0.00","0.00","0.00","0.00","0.00","0.00","0.00","0.00","0.00","0.00","0.00","0.00","0.00","0.00","0.00","0.00","0.00","0.00","0.00","0.00","0.00","0.00","0.00","0.00","0.00","F",,"1","2023-02-22","2023-11-02","11:24:07","21:52:51","ADMIN","ADMIN"
"343","108.200","02",,"SPR TRADA","PANJAR KERJA",,"PANJAR","108.200/SPR TRADA/PANJAR/TR","TR","100","100","108.000",,"01","Aktifitas Operasi","Neraca","Debet","F","F","T",,"0.00","0.00","0.00","0.00","0.00","0.00","0.00","0.00","0.00","0.00","0.00","0.00","0.00","0.00","0.00","0.00","0.00","0.00","0.00","0.00","0.00","0.00","0.00","0.00","0.00","0.00","0.00","0.00","0.00","0.00","0.00","0.00","0.00","0.00","0.00","0.00","0.00","0.00","0.00","0.00","0.00","0.00","0.00","0.00","0.00","0.00","0.00","0.00","0.00","0.00","0.00","0.00","0.00","0.00","0.00","0.00","0.00","0.00","0.00","0.00","0.00","0.00","0.00","0.00","0.00","0.00","F",,"1","2023-02-22","2023-02-22","12:50:57","12:50:57","ADMIN","ADMIN"
"344","108.201","03",,"SPR TRADA","HAZAIRIN HAMID",,"PANJAR","108.201/SPR TRADA/PANJAR/TR","TR","100","100","108.100",,"01","Aktifitas Operasi","Neraca","Debet","F","F","T",,"0.00","0.00","0.00","0.00","0.00","0.00","0.00","0.00","0.00","0.00","0.00","0.00","0.00","0.00","0.00","0.00","0.00","0.00","0.00","0.00","0.00","0.00","0.00","0.00","0.00","0.00","0.00","0.00","0.00","0.00","0.00","0.00","0.00","0.00","0.00","0.00","0.00","0.00","0.00","0.00","0.00","0.00","0.00","0.00","0.00","0.00","0.00","0.00","0.00","0.00","0.00","0.00","0.00","0.00","0.00","0.00","0.00","0.00","0.00","0.00","0.00","0.00","0.00","0.00","0.00","0.00","F",,"1","2023-02-23","2023-02-23","10:31:47","10:31:47","ADMIN","ADMIN"
"345","108.203","03",,"SPR TRADA","RUDIYANTO",,"PANJAR","108.203/SPR TRADA/PANJAR/TR","TR","100","100","108.100",,"01","Aktifitas Operasi","Neraca","Debet","F","F","T",,"0.00","0.00","0.00","0.00","0.00","0.00","0.00","0.00","0.00","0.00","0.00","0.00","0.00","0.00","0.00","0.00","0.00","0.00","0.00","0.00","0.00","0.00","0.00","0.00","0.00","0.00","0.00","0.00","0.00","0.00","0.00","0.00","0.00","0.00","0.00","0.00","0.00","0.00","0.00","0.00","0.00","0.00","0.00","0.00","0.00","0.00","0.00","0.00","0.00","0.00","0.00","0.00","0.00","0.00","0.00","0.00","0.00","0.00","0.00","0.00","0.00","0.00","0.00","0.00","0.00","0.00","F",,"1","2023-02-23","2023-02-23","10:40:28","10:40:28","ADMIN","ADMIN"
"346","108.204","03",,"SPR TRADA","SAHIF",,"PANJAR","108.204/SPR TRADA/PANJAR/TR","TR","100","100","108.100",,"01","Aktifitas Operasi","Neraca","Debet","F","F","T",,"0.00","0.00","0.00","0.00","0.00","0.00","0.00","0.00","0.00","0.00","0.00","0.00","0.00","0.00","0.00","0.00","0.00","0.00","0.00","0.00","0.00","0.00","0.00","0.00","0.00","0.00","0.00","0.00","0.00","0.00","0.00","0.00","0.00","0.00","0.00","0.00","0.00","0.00","0.00","0.00","0.00","0.00","0.00","0.00","0.00","0.00","0.00","0.00","0.00","0.00","0.00","0.00","0.00","0.00","0.00","0.00","0.00","0.00","0.00","0.00","0.00","0.00","0.00","0.00","0.00","0.00","F",,"1","2023-02-23","2023-02-23","10:43:42","10:43:42","ADMIN","ADMIN"
"347","108.202","03",,"SPR TRADA","SALFIAN DALIANDI",,"PANJAR","108.202/SPR TRADA/PANJAR/TR","TR","100","100","108.100",,"01","Aktifitas Operasi","Neraca","Debet","F","F","T",,"0.00","0.00","0.00","0.00","0.00","0.00","0.00","0.00","0.00","0.00","0.00","0.00","0.00","0.00","0.00","0.00","0.00","0.00","0.00","0.00","0.00","0.00","0.00","0.00","0.00","0.00","0.00","0.00","0.00","0.00","0.00","0.00","0.00","0.00","0.00","0.00","0.00","0.00","0.00","0.00","0.00","0.00","0.00","0.00","0.00","0.00","0.00","0.00","0.00","0.00","0.00","0.00","0.00","0.00","0.00","0.00","0.00","0.00","0.00","0.00","0.00","0.00","0.00","0.00","0.00","0.00","F",,"1","2023-02-23","2023-02-23","10:51:00","10:51:00","ADMIN","ADMIN"
"349","111.000","01",,"SPR TRADA","INVESTASI",,"INVESTASI","111.000/SPR TRADA/INVESTASI/TR","TR","110","100","111.000",,"02","Aktifitas Investasi","Neraca","Debet","F","F","T",,"0.00","0.00","0.00","0.00","0.00","0.00","0.00","0.00","0.00","0.00","0.00","0.00","0.00","0.00","0.00","0.00","0.00","0.00","0.00","0.00","0.00","0.00","0.00","0.00","0.00","0.00","0.00","0.00","0.00","0.00","0.00","0.00","0.00","0.00","0.00","0.00","0.00","0.00","0.00","0.00","0.00","0.00","0.00","0.00","0.00","0.00","0.00","0.00","0.00","0.00","0.00","0.00","0.00","0.00","0.00","0.00","0.00","0.00","0.00","0.00","0.00","0.00","0.00","0.00","0.00","0.00","F",,"1","2023-02-23","2023-02-23","16:27:34","16:27:34","ADMIN","ADMIN"
"350","111.010","03",,"SPR TRADA","PT SPR CL",,"INVESTASI","111.010/SPR TRADA/INVESTASI/TR","TR","110","100","111.000",,"02","Aktifitas Investasi ","Neraca","Debet","F","F","T",,"0.00","0.00","0.00","0.00","0.00","0.00","0.00","0.00","0.00","0.00","0.00","0.00","0.00","0.00","0.00","0.00","0.00","0.00","0.00","0.00","0.00","0.00","0.00","0.00","0.00","0.00","0.00","0.00","0.00","0.00","0.00","0.00","0.00","0.00","0.00","0.00","0.00","0.00","0.00","0.00","0.00","0.00","0.00","0.00","0.00","0.00","0.00","0.00","0.00","0.00","0.00","0.00","0.00","0.00","0.00","0.00","0.00","0.00","0.00","0.00","0.00","0.00","0.00","0.00","0.00","0.00","F",,"1","2023-02-23","2023-10-13","16:28:58","14:15:12","ADMIN","ADMIN"
"352","112.000","01",,"SPR TRADA","ASET TETAP",,"ASET TETAP","112.000/SPR TRADA/ASET TETAP/TR","TR","110","100","112.100",,"02","Aktifitas Investasi ","Neraca","Debet","F","F","T",,"0.00","0.00","0.00","0.00","0.00","0.00","0.00","0.00","0.00","0.00","0.00","0.00","0.00","0.00","0.00","0.00","0.00","0.00","0.00","0.00","0.00","0.00","0.00","0.00","0.00","0.00","0.00","0.00","0.00","0.00","0.00","0.00","0.00","0.00","0.00","0.00","0.00","0.00","0.00","0.00","0.00","0.00","0.00","0.00","0.00","0.00","0.00","0.00","0.00","0.00","0.00","0.00","0.00","0.00","0.00","0.00","0.00","0.00","0.00","0.00","0.00","0.00","0.00","0.00","0.00","0.00","F",,"1","2023-03-03","2023-03-03","11:55:52","11:55:52","ADMIN","ADMIN"
"354","112.100","02",,"SPR TRADA","HARGA PEROLEHAN",,"HARGA PEROLEHAN","112.100/SPR TRADA/HARGA PEROLEHAN/TR","TR","110","100","112.100",,"02","Aktifitas Investasi ","Neraca","Debet","F","F","T",,"0.00","0.00","0.00","0.00","0.00","0.00","0.00","0.00","0.00","0.00","0.00","0.00","0.00","0.00","0.00","0.00","0.00","0.00","0.00","0.00","0.00","0.00","0.00","0.00","0.00","0.00","0.00","0.00","0.00","0.00","0.00","0.00","0.00","0.00","0.00","0.00","0.00","0.00","0.00","0.00","0.00","0.00","0.00","0.00","0.00","0.00","0.00","0.00","0.00","0.00","0.00","0.00","0.00","0.00","0.00","0.00","0.00","0.00","0.00","0.00","0.00","0.00","0.00","0.00","0.00","0.00","F",,"1","2023-03-03","2023-03-03","12:06:41","12:06:41","ADMIN","ADMIN"
"356","112.110","03",,"SPR TRADA","INVENTARIS KANTOR",,"HARGA PEROLEHAN","112.110/SPR TRADA/HARGA PEROLEHAN/TR","TR","110","100","112.100",,"02","Aktifitas Investasi ","Neraca","Debet","F","F","T",,"0.00","0.00","0.00","0.00","0.00","0.00","0.00","0.00","0.00","0.00","0.00","0.00","0.00","0.00","0.00","0.00","0.00","0.00","0.00","0.00","0.00","0.00","0.00","0.00","0.00","0.00","0.00","0.00","0.00","0.00","0.00","0.00","0.00","0.00","0.00","0.00","0.00","0.00","0.00","0.00","0.00","0.00","0.00","0.00","0.00","0.00","0.00","0.00","0.00","0.00","0.00","0.00","0.00","0.00","0.00","0.00","0.00","0.00","0.00","0.00","0.00","0.00","0.00","0.00","0.00","0.00","F",,"1","2023-03-03","2023-03-03","12:17:04","12:17:04","ADMIN","ADMIN"
"357","112.200","02",,"SPR TRADA","AKUMULASI PENYUSUTAN",,"AKUMULASI PENYUSUTAN","112.200/SPR TRADA/AKUMULASI PENYUSUTAN/TR","TR","110","100","112.100",,"02","Aktifitas Investasi ","Neraca","Kredit","F","F","T",,"0.00","0.00","0.00","0.00","0.00","0.00","0.00","0.00","0.00","0.00","0.00","0.00","0.00","0.00","0.00","0.00","0.00","0.00","0.00","0.00","0.00","0.00","0.00","0.00","0.00","0.00","0.00","0.00","0.00","0.00","0.00","0.00","0.00","0.00","0.00","0.00","0.00","0.00","0.00","0.00","0.00","0.00","0.00","0.00","0.00","0.00","0.00","0.00","0.00","0.00","0.00","0.00","0.00","0.00","0.00","0.00","0.00","0.00","0.00","0.00","0.00","0.00","0.00","0.00","0.00","0.00","F",,"1","2023-03-03","2023-03-06","12:21:39","11:29:11","ADMIN","ADMIN"
"358","112.210","03",,"SPR TRADA","INVENTARIS KANTOR",,"INV KANTOR","112.210/SPR TRADA/INV KANTOR/TR","TR","110","100","112.200",,"02","Aktifitas Investasi ","Neraca","Debet","F","F","T",,"0.00","0.00","0.00","0.00","0.00","0.00","0.00","0.00","0.00","0.00","0.00","0.00","0.00","0.00","0.00","0.00","0.00","0.00","0.00","0.00","0.00","0.00","0.00","0.00","0.00","0.00","0.00","0.00","0.00","0.00","0.00","0.00","0.00","0.00","0.00","0.00","0.00","0.00","0.00","0.00","0.00","0.00","0.00","0.00","0.00","0.00","0.00","0.00","0.00","0.00","0.00","0.00","0.00","0.00","0.00","0.00","0.00","0.00","0.00","0.00","0.00","0.00","0.00","0.00","0.00","0.00","F",,"1","2023-03-03","2023-11-02","12:24:30","17:46:40","ADMIN","ADMIN"
"359","201.000","01",,"SPR TRADA","HUTANG USAHA",,"HUTANG USAHA","201.000/SPR TRADA/HUTANG USAHA/TR","TR","200","200","201.000",,"01","Aktifitas Operasi","Neraca","Kredit","F","F","F",,"0.00","0.00","0.00","0.00","0.00","0.00","0.00","0.00","0.00","0.00","0.00","0.00","0.00","0.00","0.00","0.00","0.00","0.00","0.00","0.00","0.00","0.00","0.00","0.00","0.00","0.00","0.00","0.00","0.00","0.00","0.00","0.00","0.00","0.00","0.00","0.00","0.00","0.00","0.00","0.00","0.00","0.00","0.00","0.00","0.00","0.00","0.00","0.00","0.00","0.00","0.00","0.00","0.00","0.00","0.00","0.00","0.00","0.00","0.00","0.00","0.00","0.00","0.00","0.00","0.00","0.00","F",,"1","2023-03-03","2023-03-06","12:30:29","17:36:10","ADMIN","ADMIN"
"360","201.110","02",,"SPR TRADA","PIUTANG BERELASI",,"PIUTANG BERELASI","201.110/SPR TRADA/PIUTANG BERELASI/TR","TR","200","200","201.000",,"01","Aktifitas Operasi   ","Neraca","Kredit","F","F","T",,"0.00","0.00","0.00","0.00","0.00","0.00","0.00","0.00","0.00","0.00","0.00","0.00","0.00","0.00","0.00","0.00","0.00","0.00","0.00","0.00","0.00","0.00","0.00","0.00","0.00","0.00","0.00","0.00","0.00","0.00","0.00","0.00","0.00","0.00","0.00","0.00","0.00","0.00","0.00","0.00","0.00","0.00","0.00","0.00","0.00","0.00","0.00","0.00","0.00","0.00","0.00","0.00","0.00","0.00","0.00","0.00","0.00","0.00","0.00","0.00","0.00","0.00","0.00","0.00","0.00","0.00","F",,"1","2023-03-03","2023-10-18","12:36:20","11:26:44","ADMIN","ADMIN"
"361","201.111","03",,"SPR TRADA","SARANA PEMBANGUNAN RIAU LANGGAK",,"PT SPRL","201.111/SPR TRADA/PT SPRL/TR","TR","200","200","201.000",,"01","Aktifitas Operasi   ","Neraca","Kredit","F","F","T",,"0.00","0.00","0.00","0.00","0.00","0.00","0.00","0.00","0.00","0.00","0.00","0.00","0.00","0.00","0.00","0.00","0.00","0.00","0.00","0.00","0.00","0.00","0.00","0.00","0.00","0.00","0.00","0.00","0.00","0.00","0.00","0.00","0.00","0.00","0.00","0.00","0.00","0.00","0.00","0.00","0.00","0.00","0.00","0.00","0.00","0.00","0.00","0.00","0.00","0.00","0.00","0.00","0.00","0.00","0.00","0.00","0.00","0.00","0.00","0.00","0.00","0.00","0.00","0.00","0.00","0.00","F",,"1","2023-03-03","2023-11-02","14:41:22","23:05:24","ADMIN","ADMIN"
"362","201.112","03",,"SPR TRADA","SARANA PEMBANGUNAN RIAU CIPTA LESTARI",,"SPR CL","201.112/SPR TRADA/SPR CL/TR","TR","200","200","201.000",,"01","Aktifitas Operasi   ","Neraca","Kredit","F","F","T",,"0.00","0.00","0.00","0.00","0.00","0.00","0.00","0.00","0.00","0.00","0.00","0.00","0.00","0.00","0.00","0.00","0.00","0.00","0.00","0.00","0.00","0.00","0.00","0.00","0.00","0.00","0.00","0.00","0.00","0.00","0.00","0.00","0.00","0.00","0.00","0.00","0.00","0.00","0.00","0.00","0.00","0.00","0.00","0.00","0.00","0.00","0.00","0.00","0.00","0.00","0.00","0.00","0.00","0.00","0.00","0.00","0.00","0.00","0.00","0.00","0.00","0.00","0.00","0.00","0.00","0.00","F",,"1","2023-03-03","2023-11-02","15:03:50","21:59:24","ADMIN","ADMIN"
"363","202.000","01",,"SPR TRADA","HUTANG LAIN-LAIN",,"HTG LAIN-LAIN","202.000/SPR TRADA/HTG LAIN-LAIN/TR","TR","200","200","202.000",,"01","Aktifitas Operasi","Neraca","Kredit","F","F","T",,"0.00","0.00","0.00","0.00","0.00","0.00","0.00","0.00","0.00","0.00","0.00","0.00","0.00","0.00","0.00","0.00","0.00","0.00","0.00","0.00","0.00","0.00","0.00","0.00","0.00","0.00","0.00","0.00","0.00","0.00","0.00","0.00","0.00","0.00","0.00","0.00","0.00","0.00","0.00","0.00","0.00","0.00","0.00","0.00","0.00","0.00","0.00","0.00","0.00","0.00","0.00","0.00","0.00","0.00","0.00","0.00","0.00","0.00","0.00","0.00","0.00","0.00","0.00","0.00","0.00","0.00","F",,"1","2023-03-03","2023-03-06","15:16:18","17:19:24","ADMIN","ADMIN"
"364","202.100","02",,"SPR TRADA","PIHAK BERELASI",,"HTG AFILIASI","202.100/SPR TRADA/PIUTANG BERELASI/TR","TR","200","200","202.000",,"01","Aktifitas Operasi   ","Neraca","Kredit","F","F","T",,"0.00","0.00","0.00","0.00","0.00","0.00","0.00","0.00","0.00","0.00","0.00","0.00","0.00","0.00","0.00","0.00","0.00","0.00","0.00","0.00","0.00","0.00","0.00","0.00","0.00","0.00","0.00","0.00","0.00","0.00","0.00","0.00","0.00","0.00","0.00","0.00","0.00","0.00","0.00","0.00","0.00","0.00","0.00","0.00","0.00","0.00","0.00","0.00","0.00","0.00","0.00","0.00","0.00","0.00","0.00","0.00","0.00","0.00","0.00","0.00","0.00","0.00","0.00","0.00","0.00","0.00","F",,"1","2023-03-03","2023-11-02","15:33:51","22:06:04","ADMIN","ADMIN"
"365","202.110","03",,"SPR TRADA","DEBBY RIAUMA SARI",,"DEBBY RS","202.110/SPR TRADA/DEBBY RS/TR","TR","200","200","202.000",,"01","Aktifitas Operasi   ","Neraca","Kredit","F","F","T",,"0.00","0.00","0.00","0.00","0.00","0.00","0.00","0.00","0.00","0.00","0.00","0.00","0.00","0.00","0.00","0.00","0.00","0.00","0.00","0.00","0.00","0.00","0.00","0.00","0.00","0.00","0.00","0.00","0.00","0.00","0.00","0.00","0.00","0.00","0.00","0.00","0.00","0.00","0.00","0.00","0.00","0.00","0.00","0.00","0.00","0.00","0.00","0.00","0.00","0.00","0.00","0.00","0.00","0.00","0.00","0.00","0.00","0.00","0.00","0.00","0.00","0.00","0.00","0.00","0.00","0.00","F",,"1","2023-03-03","2023-11-02","15:39:50","22:06:40","ADMIN","ADMIN"
"366","202.200","02",,"SPR TRADA","PIHAK KETIGA",,"HTG PIHAK 3 LAIN","202.200/SPR TRADA/HTG PIHAK 3 LAIN/TR","TR","200","200","202.000",,"01","Aktifitas Operasi","Neraca","Kredit","F","F","T",,"0.00","0.00","0.00","0.00","0.00","0.00","0.00","0.00","0.00","0.00","0.00","0.00","0.00","0.00","0.00","0.00","0.00","0.00","0.00","0.00","0.00","0.00","0.00","0.00","0.00","0.00","0.00","0.00","0.00","0.00","0.00","0.00","0.00","0.00","0.00","0.00","0.00","0.00","0.00","0.00","0.00","0.00","0.00","0.00","0.00","0.00","0.00","0.00","0.00","0.00","0.00","0.00","0.00","0.00","0.00","0.00","0.00","0.00","0.00","0.00","0.00","0.00","0.00","0.00","0.00","0.00","F",,"1","2023-03-03","2023-03-06","15:46:27","17:04:33","ADMIN","ADMIN"
"367","202.210","03",,"SPR TRADA","LAIN-LAIN",,"LAIN","202.210/SPR TRADA/LAIN/TR","TR","200","200","202.000",,"01","Aktifitas Operasi","Neraca","Kredit","F","F","T",,"0.00","0.00","0.00","0.00","0.00","0.00","0.00","0.00","0.00","0.00","0.00","0.00","0.00","0.00","0.00","0.00","0.00","0.00","0.00","0.00","0.00","0.00","0.00","0.00","0.00","0.00","0.00","0.00","0.00","0.00","0.00","0.00","0.00","0.00","0.00","0.00","0.00","0.00","0.00","0.00","0.00","0.00","0.00","0.00","0.00","0.00","0.00","0.00","0.00","0.00","0.00","0.00","0.00","0.00","0.00","0.00","0.00","0.00","0.00","0.00","0.00","0.00","0.00","0.00","0.00","0.00","F",,"1","2023-03-03","2023-03-06","15:47:41","17:02:30","ADMIN","ADMIN"
"368","204.000","01",,"SPR TRADA","HUTANG PAJAK",,"HTG PAJAK","204.000/SPR TRADA/HTG PAJAK/TR","TR","200","200","204.000",,"02","Aktifitas Investasi ","Neraca","Kredit","F","F","T",,"0.00","0.00","0.00","0.00","0.00","0.00","0.00","0.00","0.00","0.00","0.00","0.00","0.00","0.00","0.00","0.00","0.00","0.00","0.00","0.00","0.00","0.00","0.00","0.00","0.00","0.00","0.00","0.00","0.00","0.00","0.00","0.00","0.00","0.00","0.00","0.00","0.00","0.00","0.00","0.00","0.00","0.00","0.00","0.00","0.00","0.00","0.00","0.00","0.00","0.00","0.00","0.00","0.00","0.00","0.00","0.00","0.00","0.00","0.00","0.00","0.00","0.00","0.00","0.00","0.00","0.00","F",,"1","2023-03-06","2023-07-24","15:52:07","13:50:57","ADMIN","ADMIN"
"369","204.010","03",,"SPR TRADA","HUTANG PPH 21",,"HUTANG PPH 21","204.010/SPR TRADA/PPH 21/TR","TR","200","200","204.000",,"01","Aktifitas Operasi   ","Neraca","Kredit","F","F","T",,"0.00","0.00","0.00","0.00","0.00","0.00","0.00","0.00","0.00","0.00","0.00","0.00","0.00","0.00","0.00","0.00","0.00","0.00","0.00","0.00","0.00","0.00","0.00","0.00","0.00","0.00","0.00","0.00","0.00","0.00","0.00","0.00","0.00","0.00","0.00","0.00","0.00","0.00","0.00","0.00","0.00","0.00","0.00","0.00","0.00","0.00","0.00","0.00","0.00","0.00","0.00","0.00","0.00","0.00","0.00","0.00","0.00","0.00","0.00","0.00","0.00","0.00","0.00","0.00","0.00","0.00","F",,"1","2023-03-08","2023-11-02","11:31:24","22:03:07","ADMIN","ADMIN"
"370","204.020","03",,"SPR TRADA","HUTANG PPH 23",,"HUTANG PPH 23","204.020/SPR TRADA/PPH 23/TR","TR","200","200","204.000",,"01","Aktifitas Operasi   ","Neraca","Kredit","F","F","T",,"0.00","0.00","0.00","0.00","0.00","0.00","0.00","0.00","0.00","0.00","0.00","0.00","0.00","0.00","0.00","0.00","0.00","0.00","0.00","0.00","0.00","0.00","0.00","0.00","0.00","0.00","0.00","0.00","0.00","0.00","0.00","0.00","0.00","0.00","0.00","0.00","0.00","0.00","0.00","0.00","0.00","0.00","0.00","0.00","0.00","0.00","0.00","0.00","0.00","0.00","0.00","0.00","0.00","0.00","0.00","0.00","0.00","0.00","0.00","0.00","0.00","0.00","0.00","0.00","0.00","0.00","F",,"1","2023-03-08","2023-11-02","11:42:48","22:03:41","ADMIN","ADMIN"
"371","204.030","03",,"SPR TRADA","HUTANG PPN",,"HUTANG PPN","204.030/SPR TRADA/PPN/TR","TR","200","200","204.000",,"01","Aktifitas Operasi   ","Neraca","Kredit","F","F","T",,"0.00","0.00","0.00","0.00","0.00","0.00","0.00","0.00","0.00","0.00","0.00","0.00","0.00","0.00","0.00","0.00","0.00","0.00","0.00","0.00","0.00","0.00","0.00","0.00","0.00","0.00","0.00","0.00","0.00","0.00","0.00","0.00","0.00","0.00","0.00","0.00","0.00","0.00","0.00","0.00","0.00","0.00","0.00","0.00","0.00","0.00","0.00","0.00","0.00","0.00","0.00","0.00","0.00","0.00","0.00","0.00","0.00","0.00","0.00","0.00","0.00","0.00","0.00","0.00","0.00","0.00","F",,"1","2023-03-08","2023-11-02","11:54:01","22:04:10","ADMIN","ADMIN"
"372","300.000","01",,"SPR TRADA","MODAL SAHAM",,"MODAL DISETOR","300.000/SPR TRADA/MODAL DISETOR/TR","TR","300","300","300.100",,"03","Aktifitas Pendanaan","Neraca","Kredit","F","F","T",,"0.00","0.00","0.00","0.00","0.00","0.00","0.00","0.00","0.00","0.00","0.00","0.00","0.00","0.00","0.00","0.00","0.00","0.00","0.00","0.00","0.00","0.00","0.00","0.00","0.00","0.00","0.00","0.00","0.00","0.00","0.00","0.00","0.00","0.00","0.00","0.00","0.00","0.00","0.00","0.00","0.00","0.00","0.00","0.00","0.00","0.00","0.00","0.00","0.00","0.00","0.00","0.00","0.00","0.00","0.00","0.00","0.00","0.00","0.00","0.00","0.00","0.00","0.00","0.00","0.00","0.00","F",,"1","2023-03-09","2023-03-09","12:06:58","12:06:58","ADMIN","ADMIN"
"373","300.010","03",,"SPR TRADA","SARANA PEMBANGUNAN RIAU",,"SPR","300.010/SPR TRADA/SPR/TR","TR","300","300","300.100",,"03","Aktifitas Pendanaan ","Neraca","Kredit","F","F","T",,"0.00","0.00","0.00","0.00","0.00","0.00","0.00","0.00","0.00","0.00","0.00","0.00","0.00","0.00","0.00","0.00","0.00","0.00","0.00","0.00","0.00","0.00","0.00","0.00","0.00","0.00","0.00","0.00","0.00","0.00","0.00","0.00","0.00","0.00","0.00","0.00","0.00","0.00","0.00","0.00","0.00","0.00","0.00","0.00","0.00","0.00","0.00","0.00","0.00","0.00","0.00","0.00","0.00","0.00","0.00","0.00","0.00","0.00","0.00","0.00","0.00","0.00","0.00","0.00","0.00","0.00","F",,"1","2023-03-09","2023-11-02","12:11:43","23:06:18","ADMIN","ADMIN"
"374","300.020","03",,"SPR TRADA","DEBBY RIAUMA SARI",,"DEBBY RS","300.020/SPR TRADA/DEBBY RS/TR","TR","300","300","300.100",,"03","Aktifitas Pendanaan ","Neraca","Kredit","F","F","T",,"0.00","0.00","0.00","0.00","0.00","0.00","0.00","0.00","0.00","0.00","0.00","0.00","0.00","0.00","0.00","0.00","0.00","0.00","0.00","0.00","0.00","0.00","0.00","0.00","0.00","0.00","0.00","0.00","0.00","0.00","0.00","0.00","0.00","0.00","0.00","0.00","0.00","0.00","0.00","0.00","0.00","0.00","0.00","0.00","0.00","0.00","0.00","0.00","0.00","0.00","0.00","0.00","0.00","0.00","0.00","0.00","0.00","0.00","0.00","0.00","0.00","0.00","0.00","0.00","0.00","0.00","F",,"1","2023-03-09","2023-11-02","12:14:44","22:09:48","ADMIN","ADMIN"
"375","300.030","03",,"SPR TRADA","KOPKAR SARANA PEMBANGUNAN RIAU",,"KOPKAR","300.030/SPR TRADA/KOPKAR/TR","TR","300","300","300.100",,"03","Aktifitas Pendanaan ","Neraca","Kredit","F","F","T",,"0.00","0.00","0.00","0.00","0.00","0.00","0.00","0.00","0.00","0.00","0.00","0.00","0.00","0.00","0.00","0.00","0.00","0.00","0.00","0.00","0.00","0.00","0.00","0.00","0.00","0.00","0.00","0.00","0.00","0.00","0.00","0.00","0.00","0.00","0.00","0.00","0.00","0.00","0.00","0.00","0.00","0.00","0.00","0.00","0.00","0.00","0.00","0.00","0.00","0.00","0.00","0.00","0.00","0.00","0.00","0.00","0.00","0.00","0.00","0.00","0.00","0.00","0.00","0.00","0.00","0.00","F",,"1","2023-03-09","2023-11-02","12:22:10","22:10:10","ADMIN","ADMIN"
"376","400.000","01",,"SPR TRADA","PENDAPATAN",,"PENDAPATAN","400.000/SPR TRADA/PENDAPATAN/TR","TR","400","400","400.000",,"01","Aktifitas Operasi","Laba Rugi","Kredit","F","F","T",,"0.00","0.00","0.00","0.00","0.00","0.00","0.00","0.00","0.00","0.00","0.00","0.00","0.00","0.00","0.00","0.00","0.00","0.00","0.00","0.00","0.00","0.00","0.00","0.00","0.00","0.00","0.00","0.00","0.00","0.00","0.00","0.00","0.00","0.00","0.00","0.00","0.00","0.00","0.00","0.00","0.00","0.00","0.00","0.00","0.00","0.00","0.00","0.00","0.00","0.00","0.00","0.00","0.00","0.00","0.00","0.00","0.00","0.00","0.00","0.00","0.00","0.00","0.00","0.00","0.00","0.00","F",,"1","2023-03-09","2023-03-09","12:40:13","12:40:13","ADMIN","ADMIN"
"377","101.000","01",,"SPR CL","KAS DAN SETARA KAS",,"KAS & SETARA KAS","101.000/SPR CL/KAS & SETARA KAS/CL","CL","100","100","101.000",,," ","Neraca","Debet","T","F","T",,"0.00","0.00","0.00","0.00","0.00","0.00","0.00","0.00","0.00","0.00","0.00","0.00","0.00","0.00","0.00","0.00","0.00","0.00","0.00","0.00","0.00","0.00","0.00","0.00","0.00","0.00","0.00","0.00","0.00","0.00","0.00","0.00","0.00","0.00","0.00","0.00","0.00","0.00","0.00","0.00","0.00","0.00","0.00","0.00","0.00","0.00","0.00","0.00","0.00","0.00","0.00","0.00","0.00","0.00","0.00","0.00","0.00","0.00","0.00","0.00","0.00","0.00","0.00","0.00","0.00","0.00","F",,"1","2023-03-14","2023-03-14","10:55:47","10:55:47","ADMIN","ADMIN"
"378","101.101","03",,"SPR CL","KAS BESAR",,"KBESAR","101.101/SPR CL/KBESAR/CL","CL","100","100","101.100",,,"                    ","Neraca","Debet","T","F","T","KAS BESAR","3317546.00","0.00","0.00","0.00","0.00","0.00","0.00","0.00","0.00","0.00","0.00","0.00","0.00","0.00","0.00","0.00","0.00","0.00","0.00","0.00","0.00","0.00","0.00","0.00","0.00","0.00","0.00","0.00","0.00","0.00","0.00","0.00","0.00","0.00","0.00","0.00","0.00","0.00","0.00","0.00","0.00","0.00","0.00","0.00","0.00","0.00","0.00","0.00","0.00","0.00","0.00","0.00","0.00","0.00","0.00","0.00","0.00","0.00","0.00","0.00","0.00","0.00","0.00","0.00","0.00","0.00","F",,"1","2023-03-14","2024-03-01","10:59:47","14:17:16","ADMIN","ADMIN"
"379","101.200","02",,"SPR CL","BANK",,"BANK","101.200/SPR CL//CL","CL","100","100","101.200",,,"                    ","Neraca","Debet","T","T","F",,"0.00","0.00","0.00","0.00","0.00","0.00","0.00","0.00","0.00","0.00","0.00","0.00","0.00","0.00","0.00","0.00","0.00","0.00","0.00","0.00","0.00","0.00","0.00","0.00","0.00","0.00","0.00","0.00","0.00","0.00","0.00","0.00","0.00","0.00","0.00","0.00","0.00","0.00","0.00","0.00","0.00","0.00","0.00","0.00","0.00","0.00","0.00","0.00","0.00","0.00","0.00","0.00","0.00","0.00","0.00","0.00","0.00","0.00","0.00","0.00","0.00","0.00","0.00","0.00","0.00","0.00","F",,"1","2023-03-14","2023-03-14","11:07:29","11:55:30","ADMIN","ADMIN"
"381","103.200","02",,"SPR CL","PIUTANG AFILIASI",,"PIUTANG AFILIASI","103.200/SPR CL//CL","CL","100","100","103.200",,"01","Aktifitas Operasi   ","Neraca","Debet","F","F","F",,"0.00","0.00","0.00","0.00","0.00","0.00","0.00","0.00","0.00","0.00","0.00","0.00","0.00","0.00","0.00","0.00","0.00","0.00","0.00","0.00","0.00","0.00","0.00","0.00","0.00","0.00","0.00","0.00","0.00","0.00","0.00","0.00","0.00","0.00","0.00","0.00","0.00","0.00","0.00","0.00","0.00","0.00","0.00","0.00","0.00","0.00","0.00","0.00","0.00","0.00","0.00","0.00","0.00","0.00","0.00","0.00","0.00","0.00","0.00","0.00","0.00","0.00","0.00","0.00","0.00","0.00","F",,"1","2023-03-14","2023-03-14","11:17:33","11:55:07","ADMIN","ADMIN"
"382","103.210","03",,"SPR CL","PT SARANA PEMBANGUNAN RIAU",,"PIUT SPR","103.210/SPR CL/PIUT SPR/CL","CL","100","100","103.200",,"01","Aktifitas Operasi   ","Neraca","Debet","F","F","T",,"0.00","0.00","0.00","0.00","0.00","0.00","0.00","0.00","0.00","0.00","0.00","0.00","0.00","0.00","0.00","0.00","0.00","0.00","0.00","0.00","0.00","0.00","0.00","0.00","0.00","0.00","0.00","0.00","0.00","0.00","0.00","0.00","0.00","0.00","0.00","0.00","0.00","0.00","0.00","0.00","0.00","0.00","0.00","0.00","0.00","0.00","0.00","0.00","0.00","0.00","0.00","0.00","0.00","0.00","0.00","0.00","0.00","0.00","0.00","0.00","0.00","0.00","0.00","0.00","0.00","0.00","F",,"1","2023-03-14","2023-10-02","11:22:55","10:57:37","ADMIN","ADMIN"
"383","103.220","03",,"SPR CL","PT SPR TRADA",,"PIUT TRADA","103.220/SPR CL/PIUT TRADA/CL","CL","100","100","103.200",,"01","Aktifitas Operasi   ","Neraca","Debet","F","F","F",,"0.00","0.00","0.00","0.00","0.00","0.00","0.00","0.00","0.00","0.00","0.00","0.00","0.00","0.00","0.00","0.00","0.00","0.00","0.00","0.00","0.00","0.00","0.00","0.00","0.00","0.00","0.00","0.00","0.00","0.00","0.00","0.00","0.00","0.00","0.00","0.00","0.00","0.00","0.00","0.00","0.00","0.00","0.00","0.00","0.00","0.00","0.00","0.00","0.00","0.00","0.00","0.00","0.00","0.00","0.00","0.00","0.00","0.00","0.00","0.00","0.00","0.00","0.00","0.00","0.00","0.00","F",,"1","2023-03-14","2023-10-02","11:24:08","10:58:01","ADMIN","ADMIN"
"384","103.300","02",,"SPR CL","PINJAMAN KARYAWAN",,"PINJAMAN KARYAWAN","103.300/SPR CL//CL","CL","100","100","103.300",,"01","Aktifitas Operasi   ","Neraca","Debet","F","F","F",,"0.00","0.00","0.00","0.00","0.00","0.00","0.00","0.00","0.00","0.00","0.00","0.00","0.00","0.00","0.00","0.00","0.00","0.00","0.00","0.00","0.00","0.00","0.00","0.00","0.00","0.00","0.00","0.00","0.00","0.00","0.00","0.00","0.00","0.00","0.00","0.00","0.00","0.00","0.00","0.00","0.00","0.00","0.00","0.00","0.00","0.00","0.00","0.00","0.00","0.00","0.00","0.00","0.00","0.00","0.00","0.00","0.00","0.00","0.00","0.00","0.00","0.00","0.00","0.00","0.00","0.00","F",,"1","2023-03-14","2023-05-29","11:26:34","10:33:54","ADMIN","ADMIN"
"385","103.301","03",,"SPR CL","HUZAIFAH",,"HUZAIFAH","103.301/SPR CL/HUZAIFAH/CL","CL","100","100","103.300",,"01","Aktifitas Operasi   ","Neraca","Debet","F","F","T",,"0.00","0.00","0.00","0.00","0.00","0.00","0.00","0.00","0.00","0.00","0.00","0.00","0.00","0.00","0.00","0.00","0.00","0.00","0.00","0.00","0.00","0.00","0.00","0.00","0.00","0.00","0.00","0.00","0.00","0.00","0.00","0.00","0.00","0.00","0.00","0.00","0.00","0.00","0.00","0.00","0.00","0.00","0.00","0.00","0.00","0.00","0.00","0.00","0.00","0.00","0.00","0.00","0.00","0.00","0.00","0.00","0.00","0.00","0.00","0.00","0.00","0.00","0.00","0.00","0.00","0.00","F",,"1","2023-03-14","2023-09-06","11:27:50","14:46:47","ADMIN","ADMIN"
"386","103.302","03",,"SPR CL","KARYAWAN LAINNYA",,"KARY LAINNYA","103.302/SPR CL/KARY LAINNYA/CL","CL","100","100","103.300",,"01","Aktifitas Operasi","Neraca","Debet","F","F","F",,"0.00","0.00","0.00","0.00","0.00","0.00","0.00","0.00","0.00","0.00","0.00","0.00","0.00","0.00","0.00","0.00","0.00","0.00","0.00","0.00","0.00","0.00","0.00","0.00","0.00","0.00","0.00","0.00","0.00","0.00","0.00","0.00","0.00","0.00","0.00","0.00","0.00","0.00","0.00","0.00","0.00","0.00","0.00","0.00","0.00","0.00","0.00","0.00","0.00","0.00","0.00","0.00","0.00","0.00","0.00","0.00","0.00","0.00","0.00","0.00","0.00","0.00","0.00","0.00","0.00","0.00","F",,"1","2023-03-14","2023-03-14","11:29:19","11:29:19","ADMIN","ADMIN"
"387","108.200","02",,"SPR CL","PANJAR KERJA",,"PANJAR","108.200/SPR CL/PANJAR/CL","CL","100","100","108.100",,"01","Aktifitas Operasi","Neraca","Debet","F","F","F",,"0.00","0.00","0.00","0.00","0.00","0.00","0.00","0.00","0.00","0.00","0.00","0.00","0.00","0.00","0.00","0.00","0.00","0.00","0.00","0.00","0.00","0.00","0.00","0.00","0.00","0.00","0.00","0.00","0.00","0.00","0.00","0.00","0.00","0.00","0.00","0.00","0.00","0.00","0.00","0.00","0.00","0.00","0.00","0.00","0.00","0.00","0.00","0.00","0.00","0.00","0.00","0.00","0.00","0.00","0.00","0.00","0.00","0.00","0.00","0.00","0.00","0.00","0.00","0.00","0.00","0.00","F",,"1","2023-03-14","2023-03-14","11:33:31","11:33:31","ADMIN","ADMIN"
"388","108.201","03",,"SPR CL","IYUS RIZAL",,"PANJAR","108.201/SPR CL/PANJAR/CL","CL","100","100","108.100",,"01","Aktifitas Operasi","Neraca","Debet","F","F","F",,"0.00","0.00","0.00","0.00","0.00","0.00","0.00","0.00","0.00","0.00","0.00","0.00","0.00","0.00","0.00","0.00","0.00","0.00","0.00","0.00","0.00","0.00","0.00","0.00","0.00","0.00","0.00","0.00","0.00","0.00","0.00","0.00","0.00","0.00","0.00","0.00","0.00","0.00","0.00","0.00","0.00","0.00","0.00","0.00","0.00","0.00","0.00","0.00","0.00","0.00","0.00","0.00","0.00","0.00","0.00","0.00","0.00","0.00","0.00","0.00","0.00","0.00","0.00","0.00","0.00","0.00","F",,"1","2023-03-14","2023-03-14","11:34:32","11:34:32","ADMIN","ADMIN"
"389","108.202","03",,"SPR CL","HUZAIFAH",,"PANJAR","108.202/SPR CL/PANJAR/CL","CL","100","100","108.100",,"01","Aktifitas Operasi   ","Neraca","Debet","F","F","F",,"0.00","0.00","0.00","0.00","0.00","0.00","0.00","0.00","0.00","0.00","0.00","0.00","0.00","0.00","0.00","0.00","0.00","0.00","0.00","0.00","0.00","0.00","0.00","0.00","0.00","0.00","0.00","0.00","0.00","0.00","0.00","0.00","0.00","0.00","0.00","0.00","0.00","0.00","0.00","0.00","0.00","0.00","0.00","0.00","0.00","0.00","0.00","0.00","0.00","0.00","0.00","0.00","0.00","0.00","0.00","0.00","0.00","0.00","0.00","0.00","0.00","0.00","0.00","0.00","0.00","0.00","F",,"1","2023-03-14","2023-09-06","11:35:06","14:57:55","ADMIN","ADMIN"
"390","103.400","02",,"SPR CL","LAIN-LAIN",,"LAIN","103.400/SPR CL/LAIN/CL","CL","100","100","103.400",,"01","Aktifitas Operasi","Neraca","Debet","F","F","F",,"0.00","0.00","0.00","0.00","0.00","0.00","0.00","0.00","0.00","0.00","0.00","0.00","0.00","0.00","0.00","0.00","0.00","0.00","0.00","0.00","0.00","0.00","0.00","0.00","0.00","0.00","0.00","0.00","0.00","0.00","0.00","0.00","0.00","0.00","0.00","0.00","0.00","0.00","0.00","0.00","0.00","0.00","0.00","0.00","0.00","0.00","0.00","0.00","0.00","0.00","0.00","0.00","0.00","0.00","0.00","0.00","0.00","0.00","0.00","0.00","0.00","0.00","0.00","0.00","0.00","0.00","F",,"1","2023-03-14","2023-03-14","11:37:27","11:37:27","ADMIN","ADMIN"
"391","104.040","02",,"SPR CL","PIUTANG LAIN-LAIN",,"PIUT LAINNYA","104.040/SPR CL/PIUT LAINNYA/CL","CL","100","100","104.000",,"01","Aktifitas Operasi","Neraca","Debet","F","F","F",,"0.00","0.00","0.00","0.00","0.00","0.00","0.00","0.00","0.00","0.00","0.00","0.00","0.00","0.00","0.00","0.00","0.00","0.00","0.00","0.00","0.00","0.00","0.00","0.00","0.00","0.00","0.00","0.00","0.00","0.00","0.00","0.00","0.00","0.00","0.00","0.00","0.00","0.00","0.00","0.00","0.00","0.00","0.00","0.00","0.00","0.00","0.00","0.00","0.00","0.00","0.00","0.00","0.00","0.00","0.00","0.00","0.00","0.00","0.00","0.00","0.00","0.00","0.00","0.00","0.00","0.00","F",,"1","2023-03-14","2023-03-14","11:39:28","11:39:28","ADMIN","ADMIN"
"392","104.041","03",,"SPR CL","EXCHANGE ADJUSTMENT",,"PIUT SLSH KURS","104.041/SPR CL/PIUT SLSH KURS/CL","CL","100","100","104.000",,"01","Aktifitas Operasi","Neraca","Debet","F","F","F",,"0.00","0.00","0.00","0.00","0.00","0.00","0.00","0.00","0.00","0.00","0.00","0.00","0.00","0.00","0.00","0.00","0.00","0.00","0.00","0.00","0.00","0.00","0.00","0.00","0.00","0.00","0.00","0.00","0.00","0.00","0.00","0.00","0.00","0.00","0.00","0.00","0.00","0.00","0.00","0.00","0.00","0.00","0.00","0.00","0.00","0.00","0.00","0.00","0.00","0.00","0.00","0.00","0.00","0.00","0.00","0.00","0.00","0.00","0.00","0.00","0.00","0.00","0.00","0.00","0.00","0.00","F",,"1","2023-03-14","2023-03-14","11:41:12","11:41:12","ADMIN","ADMIN"
"393","111.000","01",,"SPR CL","INVESTASI",,"INVESTASI","111.000/SPR CL//CL","CL","110","100","111.000",,"02","Aktifitas Investasi","Neraca","Debet","F","F","F",,"0.00","0.00","0.00","0.00","0.00","0.00","0.00","0.00","0.00","0.00","0.00","0.00","0.00","0.00","0.00","0.00","0.00","0.00","0.00","0.00","0.00","0.00","0.00","0.00","0.00","0.00","0.00","0.00","0.00","0.00","0.00","0.00","0.00","0.00","0.00","0.00","0.00","0.00","0.00","0.00","0.00","0.00","0.00","0.00","0.00","0.00","0.00","0.00","0.00","0.00","0.00","0.00","0.00","0.00","0.00","0.00","0.00","0.00","0.00","0.00","0.00","0.00","0.00","0.00","0.00","0.00","F",,"1","2023-03-14","2023-03-14","11:45:36","12:02:11","ADMIN","ADMIN"
"395","112.100","02",,"SPR CL","HARGA PEROLEHAN ASET TETAP",,"HARGA PEROLEHAN","112.100/SPR CL//CL","CL","110","100","112.100",,"01","Aktifitas Operasi   ","Neraca","Debet","F","F","F",,"0.00","0.00","0.00","0.00","0.00","0.00","0.00","0.00","0.00","0.00","0.00","0.00","0.00","0.00","0.00","0.00","0.00","0.00","0.00","0.00","0.00","0.00","0.00","0.00","0.00","0.00","0.00","0.00","0.00","0.00","0.00","0.00","0.00","0.00","0.00","0.00","0.00","0.00","0.00","0.00","0.00","0.00","0.00","0.00","0.00","0.00","0.00","0.00","0.00","0.00","0.00","0.00","0.00","0.00","0.00","0.00","0.00","0.00","0.00","0.00","0.00","0.00","0.00","0.00","0.00","0.00","F",,"1","2023-03-14","2023-03-14","11:50:14","11:57:38","ADMIN","ADMIN"
"396","112.101","03",,"SPR CL","TANAH",,"TANAH","112.101/SPR CL/TANAH/CL","CL","110","100","112.100",,"02","Aktifitas Investasi","Neraca","Debet","F","F","F",,"0.00","0.00","0.00","0.00","0.00","0.00","0.00","0.00","0.00","0.00","0.00","0.00","0.00","0.00","0.00","0.00","0.00","0.00","0.00","0.00","0.00","0.00","0.00","0.00","0.00","0.00","0.00","0.00","0.00","0.00","0.00","0.00","0.00","0.00","0.00","0.00","0.00","0.00","0.00","0.00","0.00","0.00","0.00","0.00","0.00","0.00","0.00","0.00","0.00","0.00","0.00","0.00","0.00","0.00","0.00","0.00","0.00","0.00","0.00","0.00","0.00","0.00","0.00","0.00","0.00","0.00","F",,"1","2023-03-14","2023-03-14","12:01:46","12:01:46","ADMIN","ADMIN"
"397","112.102","03",,"SPR CL","BANGUNAN",,"BANGUNAN","112.102/SPR CL/BANGUNAN/CL","CL","110","100","112.100",,"02","Aktifitas Investasi","Neraca","Debet","F","F","F",,"0.00","0.00","0.00","0.00","0.00","0.00","0.00","0.00","0.00","0.00","0.00","0.00","0.00","0.00","0.00","0.00","0.00","0.00","0.00","0.00","0.00","0.00","0.00","0.00","0.00","0.00","0.00","0.00","0.00","0.00","0.00","0.00","0.00","0.00","0.00","0.00","0.00","0.00","0.00","0.00","0.00","0.00","0.00","0.00","0.00","0.00","0.00","0.00","0.00","0.00","0.00","0.00","0.00","0.00","0.00","0.00","0.00","0.00","0.00","0.00","0.00","0.00","0.00","0.00","0.00","0.00","F",,"1","2023-03-14","2023-03-14","12:04:14","12:04:14","ADMIN","ADMIN"
"398","112.103","03",,"SPR CL","KENDARAAN",,"IMBALAN KERJA","112.103/SPR CL/IMBALAN KERJA/CL","CL","110","100","112.100",,"02","Aktifitas Investasi","Neraca","Debet","F","F","F",,"0.00","0.00","0.00","0.00","0.00","0.00","0.00","0.00","0.00","0.00","0.00","0.00","0.00","0.00","0.00","0.00","0.00","0.00","0.00","0.00","0.00","0.00","0.00","0.00","0.00","0.00","0.00","0.00","0.00","0.00","0.00","0.00","0.00","0.00","0.00","0.00","0.00","0.00","0.00","0.00","0.00","0.00","0.00","0.00","0.00","0.00","0.00","0.00","0.00","0.00","0.00","0.00","0.00","0.00","0.00","0.00","0.00","0.00","0.00","0.00","0.00","0.00","0.00","0.00","0.00","0.00","F",,"1","2023-03-14","2023-03-14","12:05:08","12:05:08","ADMIN","ADMIN"
"399","112.104","03",,"SPR CL","INVENTARIS KANTOR",,"INV KANTOR","112.104/SPR CL/INV KANTOR/CL","CL","110","100","112.100",,"02","Aktifitas Investasi ","Neraca","Debet","F","F","T",,"0.00","0.00","0.00","0.00","0.00","0.00","0.00","0.00","0.00","0.00","0.00","0.00","0.00","0.00","0.00","0.00","0.00","0.00","0.00","0.00","0.00","0.00","0.00","0.00","0.00","0.00","0.00","0.00","0.00","0.00","0.00","0.00","0.00","0.00","0.00","0.00","0.00","0.00","0.00","0.00","0.00","0.00","0.00","0.00","0.00","0.00","0.00","0.00","0.00","0.00","0.00","0.00","0.00","0.00","0.00","0.00","0.00","0.00","0.00","0.00","0.00","0.00","0.00","0.00","0.00","0.00","F",,"1","2023-03-14","2023-08-18","12:06:18","16:02:48","ADMIN","ADMIN"
"400","112.200","02",,"SPR CL","AKUMULASI PENYUSUTAN",,"AKUMULASI PENYUSUTAN","112.200/SPR CL/AKUMULASI PENYUSUTAN/CL","CL","110","100","112.200",,"02","Aktifitas Investasi","Neraca","Kredit","F","F","F",,"0.00","0.00","0.00","0.00","0.00","0.00","0.00","0.00","0.00","0.00","0.00","0.00","0.00","0.00","0.00","0.00","0.00","0.00","0.00","0.00","0.00","0.00","0.00","0.00","0.00","0.00","0.00","0.00","0.00","0.00","0.00","0.00","0.00","0.00","0.00","0.00","0.00","0.00","0.00","0.00","0.00","0.00","0.00","0.00","0.00","0.00","0.00","0.00","0.00","0.00","0.00","0.00","0.00","0.00","0.00","0.00","0.00","0.00","0.00","0.00","0.00","0.00","0.00","0.00","0.00","0.00","F",,"1","2023-03-14","2023-03-14","12:08:02","12:08:02","ADMIN","ADMIN"
"401","112.201","03",,"SPR CL","AKUMULASI PENYUSUTAN BANGUNAN",,"AK PENY BANGUNAN","112.201/SPR CL/AK PENY BANGUNAN/CL","CL","110","100","112.200",,"02","Aktifitas Investasi","Neraca","Kredit","F","F","F",,"0.00","0.00","0.00","0.00","0.00","0.00","0.00","0.00","0.00","0.00","0.00","0.00","0.00","0.00","0.00","0.00","0.00","0.00","0.00","0.00","0.00","0.00","0.00","0.00","0.00","0.00","0.00","0.00","0.00","0.00","0.00","0.00","0.00","0.00","0.00","0.00","0.00","0.00","0.00","0.00","0.00","0.00","0.00","0.00","0.00","0.00","0.00","0.00","0.00","0.00","0.00","0.00","0.00","0.00","0.00","0.00","0.00","0.00","0.00","0.00","0.00","0.00","0.00","0.00","0.00","0.00","F",,"1","2023-03-14","2023-03-14","12:24:17","12:24:17","ADMIN","ADMIN"
"402","112.202","03",,"SPR CL","AKUMULASI PENYUSUTAN KENDARAAN",,"AK PENY KEND","112.202/SPR CL/AK PENY KEND/CL","CL","110","100","112.200",,"02","Aktifitas Investasi","Neraca","Kredit","F","F","F",,"0.00","0.00","0.00","0.00","0.00","0.00","0.00","0.00","0.00","0.00","0.00","0.00","0.00","0.00","0.00","0.00","0.00","0.00","0.00","0.00","0.00","0.00","0.00","0.00","0.00","0.00","0.00","0.00","0.00","0.00","0.00","0.00","0.00","0.00","0.00","0.00","0.00","0.00","0.00","0.00","0.00","0.00","0.00","0.00","0.00","0.00","0.00","0.00","0.00","0.00","0.00","0.00","0.00","0.00","0.00","0.00","0.00","0.00","0.00","0.00","0.00","0.00","0.00","0.00","0.00","0.00","F",,"1","2023-03-14","2023-03-14","12:28:47","12:28:47","ADMIN","ADMIN"
"403","112.203","03",,"SPR CL","AKUMULASI PENYUSUTAN INVENTARIS KANTOR",,"AK PENY INV KTR","112.203/SPR CL/AK PENY INV KTR/CL","CL","110","100","112.200",,"02","Aktifitas Investasi ","Neraca","Kredit","F","F","T",,"0.00","0.00","0.00","0.00","0.00","0.00","0.00","0.00","0.00","0.00","0.00","0.00","0.00","0.00","0.00","0.00","0.00","0.00","0.00","0.00","0.00","0.00","0.00","0.00","0.00","0.00","0.00","0.00","0.00","0.00","0.00","0.00","0.00","0.00","0.00","0.00","0.00","0.00","0.00","0.00","0.00","0.00","0.00","0.00","0.00","0.00","0.00","0.00","0.00","0.00","0.00","0.00","0.00","0.00","0.00","0.00","0.00","0.00","0.00","0.00","0.00","0.00","0.00","0.00","0.00","0.00","F",,"1","2023-03-14","2023-10-18","12:29:36","11:24:22","ADMIN","ADMIN"
"404","113.000","01",,"SPR CL","NILAI BUKU ASET LAIN-LAIN",,"NILAI BUKU ASET LAIN-LAIN","113.000/SPR CL/NILAI BUKU ASET LAIN-LAIN/CL","CL","110","100","113.000",,"02","Aktifitas Investasi","Neraca","Debet","F","F","F",,"0.00","0.00","0.00","0.00","0.00","0.00","0.00","0.00","0.00","0.00","0.00","0.00","0.00","0.00","0.00","0.00","0.00","0.00","0.00","0.00","0.00","0.00","0.00","0.00","0.00","0.00","0.00","0.00","0.00","0.00","0.00","0.00","0.00","0.00","0.00","0.00","0.00","0.00","0.00","0.00","0.00","0.00","0.00","0.00","0.00","0.00","0.00","0.00","0.00","0.00","0.00","0.00","0.00","0.00","0.00","0.00","0.00","0.00","0.00","0.00","0.00","0.00","0.00","0.00","0.00","0.00","F",,"1","2023-03-14","2023-03-14","12:32:34","12:32:34","ADMIN","ADMIN"
"407","111.010","03",,"SPR CL","PT WANA DWI KENCANA",,"INVESTASI","111.010/SPR CL/INVESTASI/CL","CL","110","100","111.000",,"02","Aktifitas Investasi ","Neraca","Debet","F","F","T",,"0.00","0.00","0.00","0.00","0.00","0.00","0.00","0.00","0.00","0.00","0.00","0.00","0.00","0.00","0.00","0.00","0.00","0.00","0.00","0.00","0.00","0.00","0.00","0.00","0.00","0.00","0.00","0.00","0.00","0.00","0.00","0.00","0.00","0.00","0.00","0.00","0.00","0.00","0.00","0.00","0.00","0.00","0.00","0.00","0.00","0.00","0.00","0.00","0.00","0.00","0.00","0.00","0.00","0.00","0.00","0.00","0.00","0.00","0.00","0.00","0.00","0.00","0.00","0.00","0.00","0.00","F",,"1","2023-03-14","2023-09-06","12:40:09","14:10:50","ADMIN","ADMIN"
"408","112.000","01",,"SPR CL","ASET TETAP",,"ASET TETAP","112.000/SPR CL/ASET TETAP/CL","CL","110","100","112.000",,"02","Aktifitas Investasi","Neraca","Debet","F","F","F",,"0.00","0.00","0.00","0.00","0.00","0.00","0.00","0.00","0.00","0.00","0.00","0.00","0.00","0.00","0.00","0.00","0.00","0.00","0.00","0.00","0.00","0.00","0.00","0.00","0.00","0.00","0.00","0.00","0.00","0.00","0.00","0.00","0.00","0.00","0.00","0.00","0.00","0.00","0.00","0.00","0.00","0.00","0.00","0.00","0.00","0.00","0.00","0.00","0.00","0.00","0.00","0.00","0.00","0.00","0.00","0.00","0.00","0.00","0.00","0.00","0.00","0.00","0.00","0.00","0.00","0.00","F",,"1","2023-03-14","2023-03-14","12:49:57","12:49:57","ADMIN","ADMIN"
"411","201.100","01",,"SPR CL","PIHAK KETIGA",,"HTG USAHA PIHAK KETIGA","201.100/SPR CL/HTG USAHA PIHAK KETIGA/CL","CL","200","200","201.100",,"01","Aktifitas Operasi","Neraca","Kredit","F","F","F",,"0.00","0.00","0.00","0.00","0.00","0.00","0.00","0.00","0.00","0.00","0.00","0.00","0.00","0.00","0.00","0.00","0.00","0.00","0.00","0.00","0.00","0.00","0.00","0.00","0.00","0.00","0.00","0.00","0.00","0.00","0.00","0.00","0.00","0.00","0.00","0.00","0.00","0.00","0.00","0.00","0.00","0.00","0.00","0.00","0.00","0.00","0.00","0.00","0.00","0.00","0.00","0.00","0.00","0.00","0.00","0.00","0.00","0.00","0.00","0.00","0.00","0.00","0.00","0.00","0.00","0.00","F",,"1","2023-03-14","2023-03-14","12:58:57","12:58:57","ADMIN","ADMIN"
"412","201.170","02",,"SPR CL","HUTANG KONSULTAN",,"HTG KONSULTAN","201.170/SPR CL/HTG KONSULTAN/CL","CL","200","200","201.100",,"01","Aktifitas Operasi","Neraca","Kredit","F","F","F",,"0.00","0.00","0.00","0.00","0.00","0.00","0.00","0.00","0.00","0.00","0.00","0.00","0.00","0.00","0.00","0.00","0.00","0.00","0.00","0.00","0.00","0.00","0.00","0.00","0.00","0.00","0.00","0.00","0.00","0.00","0.00","0.00","0.00","0.00","0.00","0.00","0.00","0.00","0.00","0.00","0.00","0.00","0.00","0.00","0.00","0.00","0.00","0.00","0.00","0.00","0.00","0.00","0.00","0.00","0.00","0.00","0.00","0.00","0.00","0.00","0.00","0.00","0.00","0.00","0.00","0.00","F",,"1","2023-03-14","2023-03-14","13:00:55","13:00:55","ADMIN","ADMIN"
"413","201.171","03",,"SPR CL","NOTARIS VICTOR YONATHAN",,"NOTARIS VICTOR","201.171/SPR CL/NOTARIS VICTOR/CL","CL","200","200","201.100",,"01","Aktifitas Operasi","Neraca","Kredit","F","F","F",,"0.00","0.00","0.00","0.00","0.00","0.00","0.00","0.00","0.00","0.00","0.00","0.00","0.00","0.00","0.00","0.00","0.00","0.00","0.00","0.00","0.00","0.00","0.00","0.00","0.00","0.00","0.00","0.00","0.00","0.00","0.00","0.00","0.00","0.00","0.00","0.00","0.00","0.00","0.00","0.00","0.00","0.00","0.00","0.00","0.00","0.00","0.00","0.00","0.00","0.00","0.00","0.00","0.00","0.00","0.00","0.00","0.00","0.00","0.00","0.00","0.00","0.00","0.00","0.00","0.00","0.00","F",,"1","2023-03-14","2023-03-14","13:02:06","13:02:06","ADMIN","ADMIN"
"414","203.000","01",,"SPR CL","BIAYA YANG MASIH HARUS DIBAYAR",,"BIAYA YG MSH HRS DIBAYAR","203.000/SPR CL/BIAYA YG MSH HRS DIBAYAR/CL","CL","200","200","203.000",,"01","Aktifitas Operasi","Neraca","Kredit","F","F","F",,"0.00","0.00","0.00","0.00","0.00","0.00","0.00","0.00","0.00","0.00","0.00","0.00","0.00","0.00","0.00","0.00","0.00","0.00","0.00","0.00","0.00","0.00","0.00","0.00","0.00","0.00","0.00","0.00","0.00","0.00","0.00","0.00","0.00","0.00","0.00","0.00","0.00","0.00","0.00","0.00","0.00","0.00","0.00","0.00","0.00","0.00","0.00","0.00","0.00","0.00","0.00","0.00","0.00","0.00","0.00","0.00","0.00","0.00","0.00","0.00","0.00","0.00","0.00","0.00","0.00","0.00","F",,"1","2023-03-14","2023-03-14","13:04:23","13:04:23","ADMIN","ADMIN"
"415","203.001","03",,"SPR CL","LISTRIK",,"BIAYA YG MSH HRS DIBAYAR","203.001/SPR CL/BIAYA YG MSH HRS DIBAYAR/CL","CL","200","200","203.000",,"01","Aktifitas Operasi","Neraca","Kredit","F","F","F",,"0.00","0.00","0.00","0.00","0.00","0.00","0.00","0.00","0.00","0.00","0.00","0.00","0.00","0.00","0.00","0.00","0.00","0.00","0.00","0.00","0.00","0.00","0.00","0.00","0.00","0.00","0.00","0.00","0.00","0.00","0.00","0.00","0.00","0.00","0.00","0.00","0.00","0.00","0.00","0.00","0.00","0.00","0.00","0.00","0.00","0.00","0.00","0.00","0.00","0.00","0.00","0.00","0.00","0.00","0.00","0.00","0.00","0.00","0.00","0.00","0.00","0.00","0.00","0.00","0.00","0.00","F",,"1","2023-03-14","2023-03-14","13:05:21","13:05:21","ADMIN","ADMIN"
"416","203.002","03",,"SPR CL","TELEPON & INTERNET",,"TELEPON & INTERNET","203.002/SPR CL/TELEPON & INTERNET/CL","CL","200","200","203.000",,"01","Aktifitas Operasi","Neraca","Kredit","F","F","F",,"0.00","0.00","0.00","0.00","0.00","0.00","0.00","0.00","0.00","0.00","0.00","0.00","0.00","0.00","0.00","0.00","0.00","0.00","0.00","0.00","0.00","0.00","0.00","0.00","0.00","0.00","0.00","0.00","0.00","0.00","0.00","0.00","0.00","0.00","0.00","0.00","0.00","0.00","0.00","0.00","0.00","0.00","0.00","0.00","0.00","0.00","0.00","0.00","0.00","0.00","0.00","0.00","0.00","0.00","0.00","0.00","0.00","0.00","0.00","0.00","0.00","0.00","0.00","0.00","0.00","0.00","F",,"1","2023-03-14","2023-03-14","13:06:06","13:06:06","ADMIN","ADMIN"
"417","203.003","03",,"SPR CL","GAJI KARYAWAN",,"GAJI KARY","203.003/SPR CL/GAJI KARY/CL","CL","200","200","203.000",,"01","Aktifitas Operasi   ","Neraca","Kredit","F","F","T",,"0.00","0.00","0.00","0.00","0.00","0.00","0.00","0.00","0.00","0.00","0.00","0.00","0.00","0.00","0.00","0.00","0.00","0.00","0.00","0.00","0.00","0.00","0.00","0.00","0.00","0.00","0.00","0.00","0.00","0.00","0.00","0.00","0.00","0.00","0.00","0.00","0.00","0.00","0.00","0.00","0.00","0.00","0.00","0.00","0.00","0.00","0.00","0.00","0.00","0.00","0.00","0.00","0.00","0.00","0.00","0.00","0.00","0.00","0.00","0.00","0.00","0.00","0.00","0.00","0.00","0.00","F",,"1","2023-03-14","2023-07-21","13:07:31","11:35:25","ADMIN","ADMIN"
"418","203.004","03",,"SPR CL","BIAYA PERJALANAN DINAS",,"SPPD","203.004/SPR CL/SPPD/CL","CL","200","200","203.000",,"01","Aktifitas Operasi","Neraca","Kredit","F","F","F",,"0.00","0.00","0.00","0.00","0.00","0.00","0.00","0.00","0.00","0.00","0.00","0.00","0.00","0.00","0.00","0.00","0.00","0.00","0.00","0.00","0.00","0.00","0.00","0.00","0.00","0.00","0.00","0.00","0.00","0.00","0.00","0.00","0.00","0.00","0.00","0.00","0.00","0.00","0.00","0.00","0.00","0.00","0.00","0.00","0.00","0.00","0.00","0.00","0.00","0.00","0.00","0.00","0.00","0.00","0.00","0.00","0.00","0.00","0.00","0.00","0.00","0.00","0.00","0.00","0.00","0.00","F",,"1","2023-03-14","2023-03-14","13:09:07","13:09:07","ADMIN","ADMIN"
"419","203.005","03",,"SPR CL","BPJS KETENAGAKERJAAN",,"BPJS TK","203.005/SPR CL/BPJS TK/CL","CL","200","200","203.000",,"01","Aktifitas Operasi","Neraca","Kredit","F","F","F",,"0.00","0.00","0.00","0.00","0.00","0.00","0.00","0.00","0.00","0.00","0.00","0.00","0.00","0.00","0.00","0.00","0.00","0.00","0.00","0.00","0.00","0.00","0.00","0.00","0.00","0.00","0.00","0.00","0.00","0.00","0.00","0.00","0.00","0.00","0.00","0.00","0.00","0.00","0.00","0.00","0.00","0.00","0.00","0.00","0.00","0.00","0.00","0.00","0.00","0.00","0.00","0.00","0.00","0.00","0.00","0.00","0.00","0.00","0.00","0.00","0.00","0.00","0.00","0.00","0.00","0.00","F",,"1","2023-03-14","2023-03-14","13:10:02","13:10:02","ADMIN","ADMIN"
"420","203.006","03",,"SPR CL","BPJS KESEHATAN",,"BPJS KESEHATAN","203.006/SPR CL/BPJS KESEHATAN/CL","CL","200","200","203.000",,"01","Aktifitas Operasi","Neraca","Kredit","F","F","F",,"0.00","0.00","0.00","0.00","0.00","0.00","0.00","0.00","0.00","0.00","0.00","0.00","0.00","0.00","0.00","0.00","0.00","0.00","0.00","0.00","0.00","0.00","0.00","0.00","0.00","0.00","0.00","0.00","0.00","0.00","0.00","0.00","0.00","0.00","0.00","0.00","0.00","0.00","0.00","0.00","0.00","0.00","0.00","0.00","0.00","0.00","0.00","0.00","0.00","0.00","0.00","0.00","0.00","0.00","0.00","0.00","0.00","0.00","0.00","0.00","0.00","0.00","0.00","0.00","0.00","0.00","F",,"1","2023-03-14","2023-03-14","13:10:57","13:10:57","ADMIN","ADMIN"
"421","203.007","03",,"SPR CL","BIAYA LAIN YG MASIH HARUS DIBAYAR",,"BIAYA YG MSH HRS DIBAYAR","203.007/SPR CL/BIAYA YG MSH HRS DIBAYAR/CL","CL","200","200","203.000",,"01","Aktifitas Operasi","Neraca","Kredit","F","F","F",,"0.00","0.00","0.00","0.00","0.00","0.00","0.00","0.00","0.00","0.00","0.00","0.00","0.00","0.00","0.00","0.00","0.00","0.00","0.00","0.00","0.00","0.00","0.00","0.00","0.00","0.00","0.00","0.00","0.00","0.00","0.00","0.00","0.00","0.00","0.00","0.00","0.00","0.00","0.00","0.00","0.00","0.00","0.00","0.00","0.00","0.00","0.00","0.00","0.00","0.00","0.00","0.00","0.00","0.00","0.00","0.00","0.00","0.00","0.00","0.00","0.00","0.00","0.00","0.00","0.00","0.00","F",,"1","2023-03-14","2023-03-14","13:11:58","13:11:58","ADMIN","ADMIN"
"422","204.000","01",,"SPR CL","HUTANG PAJAK",,"HTG PAJAK","204.000/SPR CL/HTG PAJAK/CL","CL","200","200","204.000",,"01","Aktifitas Operasi","Neraca","Kredit","F","F","F",,"0.00","0.00","0.00","0.00","0.00","0.00","0.00","0.00","0.00","0.00","0.00","0.00","0.00","0.00","0.00","0.00","0.00","0.00","0.00","0.00","0.00","0.00","0.00","0.00","0.00","0.00","0.00","0.00","0.00","0.00","0.00","0.00","0.00","0.00","0.00","0.00","0.00","0.00","0.00","0.00","0.00","0.00","0.00","0.00","0.00","0.00","0.00","0.00","0.00","0.00","0.00","0.00","0.00","0.00","0.00","0.00","0.00","0.00","0.00","0.00","0.00","0.00","0.00","0.00","0.00","0.00","F",,"1","2023-03-14","2023-03-14","13:13:00","13:13:00","ADMIN","ADMIN"
"423","204.001","03",,"SPR CL","HUTANG PPN",,"PPN","204.001/SPR CL/PPN/CL","CL","200","200","204.000",,"01","Aktifitas Operasi","Neraca","Kredit","F","F","F",,"0.00","0.00","0.00","0.00","0.00","0.00","0.00","0.00","0.00","0.00","0.00","0.00","0.00","0.00","0.00","0.00","0.00","0.00","0.00","0.00","0.00","0.00","0.00","0.00","0.00","0.00","0.00","0.00","0.00","0.00","0.00","0.00","0.00","0.00","0.00","0.00","0.00","0.00","0.00","0.00","0.00","0.00","0.00","0.00","0.00","0.00","0.00","0.00","0.00","0.00","0.00","0.00","0.00","0.00","0.00","0.00","0.00","0.00","0.00","0.00","0.00","0.00","0.00","0.00","0.00","0.00","F",,"1","2023-03-14","2023-03-14","13:14:39","13:14:39","ADMIN","ADMIN"
"424","204.002","03",,"SPR CL","HUTANG PPH21",,"PPH 21","204.002/SPR CL/PPH 21/CL","CL","200","200","204.000",,"01","Aktifitas Operasi   ","Neraca","Kredit","F","F","T",,"0.00","0.00","0.00","0.00","0.00","0.00","0.00","0.00","0.00","0.00","0.00","0.00","0.00","0.00","0.00","0.00","0.00","0.00","0.00","0.00","0.00","0.00","0.00","0.00","0.00","0.00","0.00","0.00","0.00","0.00","0.00","0.00","0.00","0.00","0.00","0.00","0.00","0.00","0.00","0.00","0.00","0.00","0.00","0.00","0.00","0.00","0.00","0.00","0.00","0.00","0.00","0.00","0.00","0.00","0.00","0.00","0.00","0.00","0.00","0.00","0.00","0.00","0.00","0.00","0.00","0.00","F",,"1","2023-03-14","2023-08-30","13:15:50","10:01:35","ADMIN","ADMIN"
"425","204.003","03",,"SPR CL","HUTANG PPH23",,"PPH 23","204.003/SPR CL/PPH 23/CL","CL","200","200","204.000",,"01","Aktifitas Operasi   ","Neraca","Kredit","F","F","T",,"0.00","0.00","0.00","0.00","0.00","0.00","0.00","0.00","0.00","0.00","0.00","0.00","0.00","0.00","0.00","0.00","0.00","0.00","0.00","0.00","0.00","0.00","0.00","0.00","0.00","0.00","0.00","0.00","0.00","0.00","0.00","0.00","0.00","0.00","0.00","0.00","0.00","0.00","0.00","0.00","0.00","0.00","0.00","0.00","0.00","0.00","0.00","0.00","0.00","0.00","0.00","0.00","0.00","0.00","0.00","0.00","0.00","0.00","0.00","0.00","0.00","0.00","0.00","0.00","0.00","0.00","F",,"1","2023-03-14","2023-07-24","13:16:36","13:54:21","ADMIN","ADMIN"
"426","204.004","03",,"SPR CL","HUTANG DENDA PAJAK",,"DENDA PAJAK","204.004/SPR CL/DENDA PAJAK/CL","CL","200","200","204.000",,"01","Aktifitas Operasi","Neraca","Kredit","F","F","F",,"0.00","0.00","0.00","0.00","0.00","0.00","0.00","0.00","0.00","0.00","0.00","0.00","0.00","0.00","0.00","0.00","0.00","0.00","0.00","0.00","0.00","0.00","0.00","0.00","0.00","0.00","0.00","0.00","0.00","0.00","0.00","0.00","0.00","0.00","0.00","0.00","0.00","0.00","0.00","0.00","0.00","0.00","0.00","0.00","0.00","0.00","0.00","0.00","0.00","0.00","0.00","0.00","0.00","0.00","0.00","0.00","0.00","0.00","0.00","0.00","0.00","0.00","0.00","0.00","0.00","0.00","F",,"1","2023-03-14","2023-03-14","13:18:25","13:18:25","ADMIN","ADMIN"
"427","201.000","01",,"SPR CL","HUTANG USAHA",,"HUTANG USAHA","201.000/SPR CL/HUTANG USAHA/CL","CL","200","200","201.000",,"01","Aktifitas Operasi","Neraca","Kredit","F","F","F",,"0.00","0.00","0.00","0.00","0.00","0.00","0.00","0.00","0.00","0.00","0.00","0.00","0.00","0.00","0.00","0.00","0.00","0.00","0.00","0.00","0.00","0.00","0.00","0.00","0.00","0.00","0.00","0.00","0.00","0.00","0.00","0.00","0.00","0.00","0.00","0.00","0.00","0.00","0.00","0.00","0.00","0.00","0.00","0.00","0.00","0.00","0.00","0.00","0.00","0.00","0.00","0.00","0.00","0.00","0.00","0.00","0.00","0.00","0.00","0.00","0.00","0.00","0.00","0.00","0.00","0.00","F",,"1","2023-03-14","2023-03-14","13:19:59","13:19:59","ADMIN","ADMIN"
"428","201.110","02",,"SPR CL","PIUTANG BERELASI",,"PIUTANG BERELASI","201.110/SPR CL/PIUTANG BERELASI/CL","CL","200","200","201.000",,"01","Aktifitas Operasi","Neraca","Kredit","F","F","F",,"0.00","0.00","0.00","0.00","0.00","0.00","0.00","0.00","0.00","0.00","0.00","0.00","0.00","0.00","0.00","0.00","0.00","0.00","0.00","0.00","0.00","0.00","0.00","0.00","0.00","0.00","0.00","0.00","0.00","0.00","0.00","0.00","0.00","0.00","0.00","0.00","0.00","0.00","0.00","0.00","0.00","0.00","0.00","0.00","0.00","0.00","0.00","0.00","0.00","0.00","0.00","0.00","0.00","0.00","0.00","0.00","0.00","0.00","0.00","0.00","0.00","0.00","0.00","0.00","0.00","0.00","F",,"1","2023-03-14","2023-03-14","13:21:13","13:21:13","ADMIN","ADMIN"
"429","201.111","03",,"SPR CL","SARANA PEMBANGUNAN RIAU LANGGAK",,"PT SPRL","201.111/SPR CL/PT SPRL/CL","CL","200","200","201.000",,"01","Aktifitas Operasi   ","Neraca","Kredit","F","F","T",,"0.00","0.00","0.00","0.00","0.00","0.00","0.00","0.00","0.00","0.00","0.00","0.00","0.00","0.00","0.00","0.00","0.00","0.00","0.00","0.00","0.00","0.00","0.00","0.00","0.00","0.00","0.00","0.00","0.00","0.00","0.00","0.00","0.00","0.00","0.00","0.00","0.00","0.00","0.00","0.00","0.00","0.00","0.00","0.00","0.00","0.00","0.00","0.00","0.00","0.00","0.00","0.00","0.00","0.00","0.00","0.00","0.00","0.00","0.00","0.00","0.00","0.00","0.00","0.00","0.00","0.00","F",,"1","2023-03-14","2023-08-02","13:23:38","09:22:12","ADMIN","ADMIN"
"430","201.112","03",,"SPR CL","SARANA PEMBANGUNAN RIAU",,"SPR","201.112/SPR CL/SPR/CL","CL","200","200","201.000",,"01","Aktifitas Operasi   ","Neraca","Kredit","F","F","T",,"0.00","0.00","0.00","0.00","0.00","0.00","0.00","0.00","0.00","0.00","0.00","0.00","0.00","0.00","0.00","0.00","0.00","0.00","0.00","0.00","0.00","0.00","0.00","0.00","0.00","0.00","0.00","0.00","0.00","0.00","0.00","0.00","0.00","0.00","0.00","0.00","0.00","0.00","0.00","0.00","0.00","0.00","0.00","0.00","0.00","0.00","0.00","0.00","0.00","0.00","0.00","0.00","0.00","0.00","0.00","0.00","0.00","0.00","0.00","0.00","0.00","0.00","0.00","0.00","0.00","0.00","F",,"1","2023-03-14","2023-08-02","13:25:30","09:45:12","ADMIN","ADMIN"
"431","202.000","01",,"SPR CL","HUTANG LAIN-LAIN",,"HTG LAIN-LAIN","202.000/SPR CL/HTG LAIN-LAIN/CL","CL","200","200","202.000",,"01","Aktifitas Operasi","Neraca","Kredit","F","F","F",,"0.00","0.00","0.00","0.00","0.00","0.00","0.00","0.00","0.00","0.00","0.00","0.00","0.00","0.00","0.00","0.00","0.00","0.00","0.00","0.00","0.00","0.00","0.00","0.00","0.00","0.00","0.00","0.00","0.00","0.00","0.00","0.00","0.00","0.00","0.00","0.00","0.00","0.00","0.00","0.00","0.00","0.00","0.00","0.00","0.00","0.00","0.00","0.00","0.00","0.00","0.00","0.00","0.00","0.00","0.00","0.00","0.00","0.00","0.00","0.00","0.00","0.00","0.00","0.00","0.00","0.00","F",,"1","2023-03-14","2023-03-14","13:26:56","13:26:56","ADMIN","ADMIN"
"432","204.010","03",,"SPR CL","PAJAK PENGHASILAN PASAL 21",,"PPH 21","204.010/SPR CL/PPH 21/CL","CL","200","200","204.000",,"01","Aktifitas Operasi","Neraca","Kredit","F","F","F",,"0.00","0.00","0.00","0.00","0.00","0.00","0.00","0.00","0.00","0.00","0.00","0.00","0.00","0.00","0.00","0.00","0.00","0.00","0.00","0.00","0.00","0.00","0.00","0.00","0.00","0.00","0.00","0.00","0.00","0.00","0.00","0.00","0.00","0.00","0.00","0.00","0.00","0.00","0.00","0.00","0.00","0.00","0.00","0.00","0.00","0.00","0.00","0.00","0.00","0.00","0.00","0.00","0.00","0.00","0.00","0.00","0.00","0.00","0.00","0.00","0.00","0.00","0.00","0.00","0.00","0.00","F",,"1","2023-03-14","2023-03-14","13:30:38","13:30:38","ADMIN","ADMIN"
"433","204.020","03",,"SPR CL","PAJAK PENGHASILAN PASAL 23",,"PPH 23","204.020/SPR CL/PPH 23/CL","CL","200","200","204.000",,"01","Aktifitas Operasi","Neraca","Kredit","F","F","F",,"0.00","0.00","0.00","0.00","0.00","0.00","0.00","0.00","0.00","0.00","0.00","0.00","0.00","0.00","0.00","0.00","0.00","0.00","0.00","0.00","0.00","0.00","0.00","0.00","0.00","0.00","0.00","0.00","0.00","0.00","0.00","0.00","0.00","0.00","0.00","0.00","0.00","0.00","0.00","0.00","0.00","0.00","0.00","0.00","0.00","0.00","0.00","0.00","0.00","0.00","0.00","0.00","0.00","0.00","0.00","0.00","0.00","0.00","0.00","0.00","0.00","0.00","0.00","0.00","0.00","0.00","F",,"1","2023-03-14","2023-03-14","13:31:21","13:31:21","ADMIN","ADMIN"
"434","204.030","03",,"SPR CL","PAJAK PERTAMBAHAN NILAI",,"PPN","204.030/SPR CL/PPN/CL","CL","200","200","204.000",,"01","Aktifitas Operasi","Neraca","Kredit","F","F","F",,"0.00","0.00","0.00","0.00","0.00","0.00","0.00","0.00","0.00","0.00","0.00","0.00","0.00","0.00","0.00","0.00","0.00","0.00","0.00","0.00","0.00","0.00","0.00","0.00","0.00","0.00","0.00","0.00","0.00","0.00","0.00","0.00","0.00","0.00","0.00","0.00","0.00","0.00","0.00","0.00","0.00","0.00","0.00","0.00","0.00","0.00","0.00","0.00","0.00","0.00","0.00","0.00","0.00","0.00","0.00","0.00","0.00","0.00","0.00","0.00","0.00","0.00","0.00","0.00","0.00","0.00","F",,"1","2023-03-14","2023-03-14","13:32:08","13:32:08","ADMIN","ADMIN"
"435","300.100","01",,"SPR CL","MODAL SAHAM",,"MODAL DISETOR","300.100/SPR CL/MODAL DISETOR/CL","CL","300","300","300.100",,"03","Aktifitas Pendanaan","Neraca","Kredit","F","F","F",,"0.00","0.00","0.00","0.00","0.00","0.00","0.00","0.00","0.00","0.00","0.00","0.00","0.00","0.00","0.00","0.00","0.00","0.00","0.00","0.00","0.00","0.00","0.00","0.00","0.00","0.00","0.00","0.00","0.00","0.00","0.00","0.00","0.00","0.00","0.00","0.00","0.00","0.00","0.00","0.00","0.00","0.00","0.00","0.00","0.00","0.00","0.00","0.00","0.00","0.00","0.00","0.00","0.00","0.00","0.00","0.00","0.00","0.00","0.00","0.00","0.00","0.00","0.00","0.00","0.00","0.00","F",,"1","2023-03-14","2023-03-14","13:34:42","13:34:42","ADMIN","ADMIN"
"438","400.000","01",,"SPR CL","PENDAPATAN",,"PENDAPATAN","400.000/SPR CL/PENDAPATAN/CL","CL","400","400","400.000",,"01","Aktifitas Operasi","Laba Rugi","Kredit","F","F","F",,"0.00","0.00","0.00","0.00","0.00","0.00","0.00","0.00","0.00","0.00","0.00","0.00","0.00","0.00","0.00","0.00","0.00","0.00","0.00","0.00","0.00","0.00","0.00","0.00","0.00","0.00","0.00","0.00","0.00","0.00","0.00","0.00","0.00","0.00","0.00","0.00","0.00","0.00","0.00","0.00","0.00","0.00","0.00","0.00","0.00","0.00","0.00","0.00","0.00","0.00","0.00","0.00","0.00","0.00","0.00","0.00","0.00","0.00","0.00","0.00","0.00","0.00","0.00","0.00","0.00","0.00","F",,"1","2023-03-14","2023-03-14","13:41:51","13:41:51","ADMIN","ADMIN"
"439","600.000","01",,"SPR CL","BEBAN OPERASIONAL",,"BEBAN OPERASIONAL","600.000/SPR CL/BEBAN OPERASIONAL/CL","CL","600","600","600.000",,"01","Aktifitas Operasi   ","Laba Rugi","Debet","F","F","F",,"0.00","0.00","0.00","0.00","0.00","0.00","0.00","0.00","0.00","0.00","0.00","0.00","0.00","0.00","0.00","0.00","0.00","0.00","0.00","0.00","0.00","0.00","0.00","0.00","0.00","0.00","0.00","0.00","0.00","0.00","0.00","0.00","0.00","0.00","0.00","0.00","0.00","0.00","0.00","0.00","0.00","0.00","0.00","0.00","0.00","0.00","0.00","0.00","0.00","0.00","0.00","0.00","0.00","0.00","0.00","0.00","0.00","0.00","0.00","0.00","0.00","0.00","0.00","0.00","0.00","0.00","F",,"1","2023-03-14","2023-03-14","13:43:07","13:45:58","ADMIN","ADMIN"
"440","620.000","02",,"SPR CL","BEBAN ADMINISTRASI & UMUM",,"BEBAN ADMINISTRASI","620.000/SPR CL/BEBAN ADMINISTRASI/CL","CL","600","600","620.000",,"01","Aktifitas Operasi   ","Laba Rugi","Debet","F","F","F",,"0.00","0.00","0.00","0.00","0.00","0.00","0.00","0.00","0.00","0.00","0.00","0.00","0.00","0.00","0.00","0.00","0.00","0.00","0.00","0.00","0.00","0.00","0.00","0.00","0.00","0.00","0.00","0.00","0.00","0.00","0.00","0.00","0.00","0.00","0.00","0.00","0.00","0.00","0.00","0.00","0.00","0.00","0.00","0.00","0.00","0.00","0.00","0.00","0.00","0.00","0.00","0.00","0.00","0.00","0.00","0.00","0.00","0.00","0.00","0.00","0.00","0.00","0.00","0.00","0.00","0.00","F",,"1","2023-03-14","2023-03-14","13:45:35","13:46:09","ADMIN","ADMIN"
"441","620.010","02",,"SPR CL","BEBAN GAJI & TUNJANGAN",,"BEBAN GAJI & TUNJANGAN","620.010/SPR CL/BEBAN GAJI & TUNJANGAN/CL","CL","600","600","620.000",,"01","Aktifitas Operasi   ","Laba Rugi","Debet","F","F","F",,"0.00","0.00","0.00","0.00","0.00","0.00","0.00","0.00","0.00","0.00","0.00","0.00","0.00","0.00","0.00","0.00","0.00","0.00","0.00","0.00","0.00","0.00","0.00","0.00","0.00","0.00","0.00","0.00","0.00","0.00","0.00","0.00","0.00","0.00","0.00","0.00","0.00","0.00","0.00","0.00","0.00","0.00","0.00","0.00","0.00","0.00","0.00","0.00","0.00","0.00","0.00","0.00","0.00","0.00","0.00","0.00","0.00","0.00","0.00","0.00","0.00","0.00","0.00","0.00","0.00","0.00","F",,"1","2023-03-14","2023-03-14","13:47:27","13:47:27","ADMIN","ADMIN"
"442","620.011","03",,"SPR CL","GAJI KARYAWAN",,"GAJI KARY","620.011/SPR CL/GAJI BOD/CL","CL","600","600","620.010",,"01","Aktifitas Operasi   ","Laba Rugi","Debet","F","F","T",,"0.00","0.00","0.00","0.00","0.00","0.00","0.00","0.00","0.00","0.00","0.00","0.00","0.00","0.00","0.00","0.00","0.00","0.00","0.00","0.00","0.00","0.00","0.00","0.00","0.00","0.00","0.00","0.00","0.00","0.00","0.00","0.00","0.00","0.00","0.00","0.00","0.00","0.00","0.00","0.00","0.00","0.00","0.00","0.00","0.00","0.00","0.00","0.00","0.00","0.00","0.00","0.00","0.00","0.00","0.00","0.00","0.00","0.00","0.00","0.00","0.00","0.00","0.00","0.00","0.00","0.00","F",,"1","2023-03-14","2023-08-10","13:48:49","17:38:00","ADMIN","ADMIN"
"443","620.012","03",,"SPR CL","THR/TUNJANGAN",,"THR/TUNJ","620.012/SPR CL/THR/TUNJ/CL","CL","600","600","620.010",,"01","Aktifitas Operasi   ","Laba Rugi","Debet","F","F","T",,"0.00","0.00","0.00","0.00","0.00","0.00","0.00","0.00","0.00","0.00","0.00","0.00","0.00","0.00","0.00","0.00","0.00","0.00","0.00","0.00","0.00","0.00","0.00","0.00","0.00","0.00","0.00","0.00","0.00","0.00","0.00","0.00","0.00","0.00","0.00","0.00","0.00","0.00","0.00","0.00","0.00","0.00","0.00","0.00","0.00","0.00","0.00","0.00","0.00","0.00","0.00","0.00","0.00","0.00","0.00","0.00","0.00","0.00","0.00","0.00","0.00","0.00","0.00","0.00","0.00","0.00","F",,"1","2023-03-14","2023-08-10","13:49:30","17:38:45","ADMIN","ADMIN"
"444","620.013","03",,"SPR CL","BONUS",,"BNS KOMP LGK","620.013/SPR CL/BNS KOMP LGK/CL","CL","600","600","620.010",,"01","Aktifitas Operasi   ","Laba Rugi","Debet","F","F","T",,"0.00","0.00","0.00","0.00","0.00","0.00","0.00","0.00","0.00","0.00","0.00","0.00","0.00","0.00","0.00","0.00","0.00","0.00","0.00","0.00","0.00","0.00","0.00","0.00","0.00","0.00","0.00","0.00","0.00","0.00","0.00","0.00","0.00","0.00","0.00","0.00","0.00","0.00","0.00","0.00","0.00","0.00","0.00","0.00","0.00","0.00","0.00","0.00","0.00","0.00","0.00","0.00","0.00","0.00","0.00","0.00","0.00","0.00","0.00","0.00","0.00","0.00","0.00","0.00","0.00","0.00","F",,"1","2023-03-14","2023-08-10","13:50:43","17:53:02","ADMIN","ADMIN"
"445","620.014","03",,"SPR CL","LEMBUR",,"LEMBUR","620.014/SPR CL/LEMBUR/CL","CL","600","600","620.010",,"01","Aktifitas Operasi   ","Laba Rugi","Debet","F","F","T",,"0.00","0.00","0.00","0.00","0.00","0.00","0.00","0.00","0.00","0.00","0.00","0.00","0.00","0.00","0.00","0.00","0.00","0.00","0.00","0.00","0.00","0.00","0.00","0.00","0.00","0.00","0.00","0.00","0.00","0.00","0.00","0.00","0.00","0.00","0.00","0.00","0.00","0.00","0.00","0.00","0.00","0.00","0.00","0.00","0.00","0.00","0.00","0.00","0.00","0.00","0.00","0.00","0.00","0.00","0.00","0.00","0.00","0.00","0.00","0.00","0.00","0.00","0.00","0.00","0.00","0.00","F",,"1","2023-03-14","2023-07-20","13:52:02","08:39:43","ADMIN","ADMIN"
"446","620.015","03",,"SPR CL","TUNJANGAN CUTI",,"TUNJ CUTI","620.015/SPR CL/TUNJ CUTI/CL","CL","600","600","620.010",,"01","Aktifitas Operasi   ","Laba Rugi","Debet","F","F","T",,"0.00","0.00","0.00","0.00","0.00","0.00","0.00","0.00","0.00","0.00","0.00","0.00","0.00","0.00","0.00","0.00","0.00","0.00","0.00","0.00","0.00","0.00","0.00","0.00","0.00","0.00","0.00","0.00","0.00","0.00","0.00","0.00","0.00","0.00","0.00","0.00","0.00","0.00","0.00","0.00","0.00","0.00","0.00","0.00","0.00","0.00","0.00","0.00","0.00","0.00","0.00","0.00","0.00","0.00","0.00","0.00","0.00","0.00","0.00","0.00","0.00","0.00","0.00","0.00","0.00","0.00","F",,"1","2023-03-14","2023-08-10","13:52:52","18:11:52","ADMIN","ADMIN"
"447","620.016","03",,"SPR CL","TUNJANGAN PESANGON",,"PESANGON","620.016/SPR CL/PESANGON/CL","CL","600","600","620.010",,"01","Aktifitas Operasi   ","Laba Rugi","Debet","F","F","T",,"0.00","0.00","0.00","0.00","0.00","0.00","0.00","0.00","0.00","0.00","0.00","0.00","0.00","0.00","0.00","0.00","0.00","0.00","0.00","0.00","0.00","0.00","0.00","0.00","0.00","0.00","0.00","0.00","0.00","0.00","0.00","0.00","0.00","0.00","0.00","0.00","0.00","0.00","0.00","0.00","0.00","0.00","0.00","0.00","0.00","0.00","0.00","0.00","0.00","0.00","0.00","0.00","0.00","0.00","0.00","0.00","0.00","0.00","0.00","0.00","0.00","0.00","0.00","0.00","0.00","0.00","F",,"1","2023-03-14","2023-08-10","13:53:33","18:12:11","ADMIN","ADMIN"
"448","620.020","02",,"SPR CL","BEBAN IT",,"BEBAN IT","620.020/SPR CL/BEBAN IT/CL","CL","600","600","620.020",,"01","Aktifitas Operasi   ","Laba Rugi","Debet","F","F","F",,"0.00","0.00","0.00","0.00","0.00","0.00","0.00","0.00","0.00","0.00","0.00","0.00","0.00","0.00","0.00","0.00","0.00","0.00","0.00","0.00","0.00","0.00","0.00","0.00","0.00","0.00","0.00","0.00","0.00","0.00","0.00","0.00","0.00","0.00","0.00","0.00","0.00","0.00","0.00","0.00","0.00","0.00","0.00","0.00","0.00","0.00","0.00","0.00","0.00","0.00","0.00","0.00","0.00","0.00","0.00","0.00","0.00","0.00","0.00","0.00","0.00","0.00","0.00","0.00","0.00","0.00","F",,"1","2023-03-14","2023-03-14","13:54:19","13:54:19","ADMIN","ADMIN"
"449","620.021","03",,"SPR CL","COMPUTER SUPPLIES",,"COMP SUPP","620.021/SPR CL/COMP SUPP/CL","CL","600","600","620.020",,"01","Aktifitas Operasi   ","Laba Rugi","Debet","F","F","T",,"0.00","0.00","0.00","0.00","0.00","0.00","0.00","0.00","0.00","0.00","0.00","0.00","0.00","0.00","0.00","0.00","0.00","0.00","0.00","0.00","0.00","0.00","0.00","0.00","0.00","0.00","0.00","0.00","0.00","0.00","0.00","0.00","0.00","0.00","0.00","0.00","0.00","0.00","0.00","0.00","0.00","0.00","0.00","0.00","0.00","0.00","0.00","0.00","0.00","0.00","0.00","0.00","0.00","0.00","0.00","0.00","0.00","0.00","0.00","0.00","0.00","0.00","0.00","0.00","0.00","0.00","F",,"1","2023-03-14","2023-08-10","13:54:58","17:49:09","ADMIN","ADMIN"
"450","620.030","02",,"SPR CL","BEBAN KANTOR/ALAT TULIS KANTOR",,"BEBAN KANTOR/ATK","620.030/SPR CL/BEBAN KANTOR/ATK/CL","CL","600","600","620.030",,"01","Aktifitas Operasi   ","Laba Rugi","Debet","F","F","F",,"0.00","0.00","0.00","0.00","0.00","0.00","0.00","0.00","0.00","0.00","0.00","0.00","0.00","0.00","0.00","0.00","0.00","0.00","0.00","0.00","0.00","0.00","0.00","0.00","0.00","0.00","0.00","0.00","0.00","0.00","0.00","0.00","0.00","0.00","0.00","0.00","0.00","0.00","0.00","0.00","0.00","0.00","0.00","0.00","0.00","0.00","0.00","0.00","0.00","0.00","0.00","0.00","0.00","0.00","0.00","0.00","0.00","0.00","0.00","0.00","0.00","0.00","0.00","0.00","0.00","0.00","F",,"1","2023-03-14","2023-05-29","13:56:38","10:49:00","ADMIN","ADMIN"
"451","620.031","03",,"SPR CL","ALAT TULIS KANTOR",,"ATK","620.031/SPR CL/ATK/CL","CL","600","600","620.030",,"01","Aktifitas Operasi   ","Laba Rugi","Debet","F","F","T",,"0.00","0.00","0.00","0.00","0.00","0.00","0.00","0.00","0.00","0.00","0.00","0.00","0.00","0.00","0.00","0.00","0.00","0.00","0.00","0.00","0.00","0.00","0.00","0.00","0.00","0.00","0.00","0.00","0.00","0.00","0.00","0.00","0.00","0.00","0.00","0.00","0.00","0.00","0.00","0.00","0.00","0.00","0.00","0.00","0.00","0.00","0.00","0.00","0.00","0.00","0.00","0.00","0.00","0.00","0.00","0.00","0.00","0.00","0.00","0.00","0.00","0.00","0.00","0.00","0.00","0.00","F",,"1","2023-03-14","2023-08-10","13:57:35","17:39:04","ADMIN","ADMIN"
"452","620.032","02",,"SPR CL","BARANG CETAKAN",,"CETAKAN","620.032/SPR CL/CETAKAN/CL","CL","600","600","620.032",,"01","Aktifitas Operasi   ","Laba Rugi","Debet","F","F","T",,"0.00","0.00","0.00","0.00","0.00","0.00","0.00","0.00","0.00","0.00","0.00","0.00","0.00","0.00","0.00","0.00","0.00","0.00","0.00","0.00","0.00","0.00","0.00","0.00","0.00","0.00","0.00","0.00","0.00","0.00","0.00","0.00","0.00","0.00","0.00","0.00","0.00","0.00","0.00","0.00","0.00","0.00","0.00","0.00","0.00","0.00","0.00","0.00","0.00","0.00","0.00","0.00","0.00","0.00","0.00","0.00","0.00","0.00","0.00","0.00","0.00","0.00","0.00","0.00","0.00","0.00","F",,"1","2023-03-14","2023-05-29","13:58:31","10:49:49","ADMIN","ADMIN"
"453","620.032","03",,"SPR CL","CETAKAN LAINNYA",,"CETAKAN LAINNYA","620.032/SPR CL/CETAKAN LAINNYA/CL","CL","600","600","620.032",,"01","Aktifitas Operasi   ","Laba Rugi","Debet","F","F","T",,"0.00","0.00","0.00","0.00","0.00","0.00","0.00","0.00","0.00","0.00","0.00","0.00","0.00","0.00","0.00","0.00","0.00","0.00","0.00","0.00","0.00","0.00","0.00","0.00","0.00","0.00","0.00","0.00","0.00","0.00","0.00","0.00","0.00","0.00","0.00","0.00","0.00","0.00","0.00","0.00","0.00","0.00","0.00","0.00","0.00","0.00","0.00","0.00","0.00","0.00","0.00","0.00","0.00","0.00","0.00","0.00","0.00","0.00","0.00","0.00","0.00","0.00","0.00","0.00","0.00","0.00","F",,"1","2023-03-14","2023-08-10","13:59:34","17:49:57","ADMIN","ADMIN"
"454","620.033","03",,"SPR CL","BEBAN FOTOCOPY",,"FOTOCOPY","620.033/SPR CL/FOTOCOPY/CL","CL","600","600","620.032",,"01","Aktifitas Operasi   ","Laba Rugi","Debet","F","F","T",,"0.00","0.00","0.00","0.00","0.00","0.00","0.00","0.00","0.00","0.00","0.00","0.00","0.00","0.00","0.00","0.00","0.00","0.00","0.00","0.00","0.00","0.00","0.00","0.00","0.00","0.00","0.00","0.00","0.00","0.00","0.00","0.00","0.00","0.00","0.00","0.00","0.00","0.00","0.00","0.00","0.00","0.00","0.00","0.00","0.00","0.00","0.00","0.00","0.00","0.00","0.00","0.00","0.00","0.00","0.00","0.00","0.00","0.00","0.00","0.00","0.00","0.00","0.00","0.00","0.00","0.00","F",,"1","2023-03-14","2023-08-10","14:01:01","17:50:15","ADMIN","ADMIN"
"455","620.060","02",,"SPR CL","BEBAN PERAWATAN BANGUNAN & INVENTARIS",,"PERAWATAN BGNAN & INV","620.060/SPR CL/PERAWATAN BGNAN & INV/CL","CL","600","600","620.060",,"01","Aktifitas Operasi   ","Laba Rugi","Debet","F","F","F",,"0.00","0.00","0.00","0.00","0.00","0.00","0.00","0.00","0.00","0.00","0.00","0.00","0.00","0.00","0.00","0.00","0.00","0.00","0.00","0.00","0.00","0.00","0.00","0.00","0.00","0.00","0.00","0.00","0.00","0.00","0.00","0.00","0.00","0.00","0.00","0.00","0.00","0.00","0.00","0.00","0.00","0.00","0.00","0.00","0.00","0.00","0.00","0.00","0.00","0.00","0.00","0.00","0.00","0.00","0.00","0.00","0.00","0.00","0.00","0.00","0.00","0.00","0.00","0.00","0.00","0.00","F",,"1","2023-03-14","2023-03-14","14:02:51","14:02:51","ADMIN","ADMIN"
"456","620.061","03",,"SPR CL","BEBAN PEMELIHARAAN BANGUNAN",,"PEM BANGUNAN","620.061/SPR CL/PEM BANGUNAN/CL","CL","600","600","620.060",,"01","Aktifitas Operasi   ","Laba Rugi","Debet","F","F","T",,"0.00","0.00","0.00","0.00","0.00","0.00","0.00","0.00","0.00","0.00","0.00","0.00","0.00","0.00","0.00","0.00","0.00","0.00","0.00","0.00","0.00","0.00","0.00","0.00","0.00","0.00","0.00","0.00","0.00","0.00","0.00","0.00","0.00","0.00","0.00","0.00","0.00","0.00","0.00","0.00","0.00","0.00","0.00","0.00","0.00","0.00","0.00","0.00","0.00","0.00","0.00","0.00","0.00","0.00","0.00","0.00","0.00","0.00","0.00","0.00","0.00","0.00","0.00","0.00","0.00","0.00","F",,"1","2023-03-14","2023-08-10","14:03:54","17:50:38","ADMIN","ADMIN"
"457","620.062","03",,"SPR CL","BEBAN PEMELIHARAAN INVENTARIS",,"PEM INVENTARIS","620.062/SPR CL/PEM INVENTARIS/CL","CL","600","600","620.060",,"01","Aktifitas Operasi   ","Laba Rugi","Debet","F","F","T",,"0.00","0.00","0.00","0.00","0.00","0.00","0.00","0.00","0.00","0.00","0.00","0.00","0.00","0.00","0.00","0.00","0.00","0.00","0.00","0.00","0.00","0.00","0.00","0.00","0.00","0.00","0.00","0.00","0.00","0.00","0.00","0.00","0.00","0.00","0.00","0.00","0.00","0.00","0.00","0.00","0.00","0.00","0.00","0.00","0.00","0.00","0.00","0.00","0.00","0.00","0.00","0.00","0.00","0.00","0.00","0.00","0.00","0.00","0.00","0.00","0.00","0.00","0.00","0.00","0.00","0.00","F",,"1","2023-03-14","2023-08-10","14:04:43","17:51:03","ADMIN","ADMIN"
"458","620.070","03",,"SPR CL","BEBAN PERJALANAN DINAS",,"PERJALANAN DINAS","620.070/SPR CL/PERJALANAN DINAS/CL","CL","600","600","620.060",,"01","Aktifitas Operasi   ","Laba Rugi","Debet","F","F","T",,"0.00","0.00","0.00","0.00","0.00","0.00","0.00","0.00","0.00","0.00","0.00","0.00","0.00","0.00","0.00","0.00","0.00","0.00","0.00","0.00","0.00","0.00","0.00","0.00","0.00","0.00","0.00","0.00","0.00","0.00","0.00","0.00","0.00","0.00","0.00","0.00","0.00","0.00","0.00","0.00","0.00","0.00","0.00","0.00","0.00","0.00","0.00","0.00","0.00","0.00","0.00","0.00","0.00","0.00","0.00","0.00","0.00","0.00","0.00","0.00","0.00","0.00","0.00","0.00","0.00","0.00","F",,"1","2023-03-14","2023-08-10","14:06:09","17:39:22","ADMIN","ADMIN"
"459","620.080","02",,"SPR CL","BEBAN PENGEMBANGAN USAHA",,"PENGEMBANGAN USAHA","620.080/SPR CL/PENGEMBANGAN USAHA/CL","CL","600","600","620.080",,"01","Aktifitas Operasi   ","Laba Rugi","Debet","F","F","F",,"0.00","0.00","0.00","0.00","0.00","0.00","0.00","0.00","0.00","0.00","0.00","0.00","0.00","0.00","0.00","0.00","0.00","0.00","0.00","0.00","0.00","0.00","0.00","0.00","0.00","0.00","0.00","0.00","0.00","0.00","0.00","0.00","0.00","0.00","0.00","0.00","0.00","0.00","0.00","0.00","0.00","0.00","0.00","0.00","0.00","0.00","0.00","0.00","0.00","0.00","0.00","0.00","0.00","0.00","0.00","0.00","0.00","0.00","0.00","0.00","0.00","0.00","0.00","0.00","0.00","0.00","F",,"1","2023-03-14","2023-03-14","14:08:33","14:08:33","ADMIN","ADMIN"
"460","620.081","03",,"SPR CL","BEBAN KONSULTAN",,"KONSULTAN","620.081/SPR CL/KONSULTAN/CL","CL","600","600","620.080",,"01","Aktifitas Operasi   ","Laba Rugi","Debet","F","F","T",,"0.00","0.00","0.00","0.00","0.00","0.00","0.00","0.00","0.00","0.00","0.00","0.00","0.00","0.00","0.00","0.00","0.00","0.00","0.00","0.00","0.00","0.00","0.00","0.00","0.00","0.00","0.00","0.00","0.00","0.00","0.00","0.00","0.00","0.00","0.00","0.00","0.00","0.00","0.00","0.00","0.00","0.00","0.00","0.00","0.00","0.00","0.00","0.00","0.00","0.00","0.00","0.00","0.00","0.00","0.00","0.00","0.00","0.00","0.00","0.00","0.00","0.00","0.00","0.00","0.00","0.00","F",,"1","2023-03-14","2023-08-10","14:10:10","17:39:51","ADMIN","ADMIN"
"461","620.082","03",,"SPR CL","BEBAN ASURANSI",,"ASURANSI","620.082/SPR CL/ASURANSI/CL","CL","600","600","620.080",,"01","Aktifitas Operasi   ","Laba Rugi","Debet","F","F","T",,"0.00","0.00","0.00","0.00","0.00","0.00","0.00","0.00","0.00","0.00","0.00","0.00","0.00","0.00","0.00","0.00","0.00","0.00","0.00","0.00","0.00","0.00","0.00","0.00","0.00","0.00","0.00","0.00","0.00","0.00","0.00","0.00","0.00","0.00","0.00","0.00","0.00","0.00","0.00","0.00","0.00","0.00","0.00","0.00","0.00","0.00","0.00","0.00","0.00","0.00","0.00","0.00","0.00","0.00","0.00","0.00","0.00","0.00","0.00","0.00","0.00","0.00","0.00","0.00","0.00","0.00","F",,"1","2023-03-14","2023-08-10","14:13:41","17:40:12","ADMIN","ADMIN"
"462","620.100","02",,"SPR CL","BEBAN KONSUMSI & UMUM",,"KONSUMSI & UMUM","620.100/SPR CL/KONSUMSI & UMUM/CL","CL","600","600","620.100",,"01","Aktifitas Operasi   ","Laba Rugi","Debet","F","F","F",,"0.00","0.00","0.00","0.00","0.00","0.00","0.00","0.00","0.00","0.00","0.00","0.00","0.00","0.00","0.00","0.00","0.00","0.00","0.00","0.00","0.00","0.00","0.00","0.00","0.00","0.00","0.00","0.00","0.00","0.00","0.00","0.00","0.00","0.00","0.00","0.00","0.00","0.00","0.00","0.00","0.00","0.00","0.00","0.00","0.00","0.00","0.00","0.00","0.00","0.00","0.00","0.00","0.00","0.00","0.00","0.00","0.00","0.00","0.00","0.00","0.00","0.00","0.00","0.00","0.00","0.00","F",,"1","2023-03-14","2023-03-14","14:15:45","14:15:45","ADMIN","ADMIN"
"463","620.101","03",,"SPR CL","BEBAN KONSUMSI",,"KONSUMSI","620.101/SPR CL/KONSUMSI/CL","CL","600","600","620.100",,"01","Aktifitas Operasi   ","Laba Rugi","Debet","F","F","T",,"0.00","0.00","0.00","0.00","0.00","0.00","0.00","0.00","0.00","0.00","0.00","0.00","0.00","0.00","0.00","0.00","0.00","0.00","0.00","0.00","0.00","0.00","0.00","0.00","0.00","0.00","0.00","0.00","0.00","0.00","0.00","0.00","0.00","0.00","0.00","0.00","0.00","0.00","0.00","0.00","0.00","0.00","0.00","0.00","0.00","0.00","0.00","0.00","0.00","0.00","0.00","0.00","0.00","0.00","0.00","0.00","0.00","0.00","0.00","0.00","0.00","0.00","0.00","0.00","0.00","0.00","F",,"1","2023-03-14","2023-08-10","14:16:41","17:45:26","ADMIN","ADMIN"
"464","620.102","03",,"SPR CL","BEBAN PENDIDIKAN & PELATIHAN",,"PENDIDIKAN & LATIHAN","620.102/SPR CL/PENDIDIKAN & LATIHAN/CL","CL","600","600","620.100",,"01","Aktifitas Operasi   ","Laba Rugi","Debet","F","F","T",,"0.00","0.00","0.00","0.00","0.00","0.00","0.00","0.00","0.00","0.00","0.00","0.00","0.00","0.00","0.00","0.00","0.00","0.00","0.00","0.00","0.00","0.00","0.00","0.00","0.00","0.00","0.00","0.00","0.00","0.00","0.00","0.00","0.00","0.00","0.00","0.00","0.00","0.00","0.00","0.00","0.00","0.00","0.00","0.00","0.00","0.00","0.00","0.00","0.00","0.00","0.00","0.00","0.00","0.00","0.00","0.00","0.00","0.00","0.00","0.00","0.00","0.00","0.00","0.00","0.00","0.00","F",,"1","2023-03-14","2023-08-10","14:18:10","17:56:10","ADMIN","ADMIN"
"466","620.103","02",,"SPR CL","BEBAN POS & CURRIER",,"POS","620.103/SPR CL/PENGIRIMAN DOKUMEN/CL","CL","600","600","620.103",,"01","Aktifitas Operasi   ","Laba Rugi","Debet","F","F","T",,"0.00","0.00","0.00","0.00","0.00","0.00","0.00","0.00","0.00","0.00","0.00","0.00","0.00","0.00","0.00","0.00","0.00","0.00","0.00","0.00","0.00","0.00","0.00","0.00","0.00","0.00","0.00","0.00","0.00","0.00","0.00","0.00","0.00","0.00","0.00","0.00","0.00","0.00","0.00","0.00","0.00","0.00","0.00","0.00","0.00","0.00","0.00","0.00","0.00","0.00","0.00","0.00","0.00","0.00","0.00","0.00","0.00","0.00","0.00","0.00","0.00","0.00","0.00","0.00","0.00","0.00","F",,"1","2023-03-14","2023-08-18","14:23:23","16:27:21","ADMIN","ADMIN"
"468","620.105","03",,"SPR CL","BEBAN ENTERTAINT",,"ENTERTAINT","620.105/SPR CL/ENTERTAINT/CL","CL","600","600","620.100",,"01","Aktifitas Operasi   ","Laba Rugi","Debet","F","F","T",,"0.00","0.00","0.00","0.00","0.00","0.00","0.00","0.00","0.00","0.00","0.00","0.00","0.00","0.00","0.00","0.00","0.00","0.00","0.00","0.00","0.00","0.00","0.00","0.00","0.00","0.00","0.00","0.00","0.00","0.00","0.00","0.00","0.00","0.00","0.00","0.00","0.00","0.00","0.00","0.00","0.00","0.00","0.00","0.00","0.00","0.00","0.00","0.00","0.00","0.00","0.00","0.00","0.00","0.00","0.00","0.00","0.00","0.00","0.00","0.00","0.00","0.00","0.00","0.00","0.00","0.00","F",,"1","2023-03-14","2023-08-10","15:07:39","17:40:37","ADMIN","ADMIN"
"469","620.106","03",,"SPR CL","SUMBANGAN",,"SUMBANGAN","620.106/SPR CL/SUMBANGAN/CL","CL","600","600","620.100",,"01","Aktifitas Operasi   ","Laba Rugi","Debet","F","F","T",,"0.00","0.00","0.00","0.00","0.00","0.00","0.00","0.00","0.00","0.00","0.00","0.00","0.00","0.00","0.00","0.00","0.00","0.00","0.00","0.00","0.00","0.00","0.00","0.00","0.00","0.00","0.00","0.00","0.00","0.00","0.00","0.00","0.00","0.00","0.00","0.00","0.00","0.00","0.00","0.00","0.00","0.00","0.00","0.00","0.00","0.00","0.00","0.00","0.00","0.00","0.00","0.00","0.00","0.00","0.00","0.00","0.00","0.00","0.00","0.00","0.00","0.00","0.00","0.00","0.00","0.00","F",,"1","2023-03-14","2023-08-10","15:09:03","17:57:40","ADMIN","ADMIN"
"470","620.107","03",,"SPR CL","PARKIR & TOLL",,"PARKIR","620.107/SPR CL/PARKIR/CL","CL","600","600","620.100",,"01","Aktifitas Operasi   ","Laba Rugi","Debet","F","F","T",,"0.00","0.00","0.00","0.00","0.00","0.00","0.00","0.00","0.00","0.00","0.00","0.00","0.00","0.00","0.00","0.00","0.00","0.00","0.00","0.00","0.00","0.00","0.00","0.00","0.00","0.00","0.00","0.00","0.00","0.00","0.00","0.00","0.00","0.00","0.00","0.00","0.00","0.00","0.00","0.00","0.00","0.00","0.00","0.00","0.00","0.00","0.00","0.00","0.00","0.00","0.00","0.00","0.00","0.00","0.00","0.00","0.00","0.00","0.00","0.00","0.00","0.00","0.00","0.00","0.00","0.00","F",,"1","2023-03-14","2023-08-10","15:09:42","17:40:57","ADMIN","ADMIN"
"471","620.108","03",,"SPR CL","BEBAN RAPAT",,"RAPAT","620.108/SPR CL/RAPAT/CL","CL","600","600","620.100",,"01","Aktifitas Operasi   ","Laba Rugi","Debet","F","F","T",,"0.00","0.00","0.00","0.00","0.00","0.00","0.00","0.00","0.00","0.00","0.00","0.00","0.00","0.00","0.00","0.00","0.00","0.00","0.00","0.00","0.00","0.00","0.00","0.00","0.00","0.00","0.00","0.00","0.00","0.00","0.00","0.00","0.00","0.00","0.00","0.00","0.00","0.00","0.00","0.00","0.00","0.00","0.00","0.00","0.00","0.00","0.00","0.00","0.00","0.00","0.00","0.00","0.00","0.00","0.00","0.00","0.00","0.00","0.00","0.00","0.00","0.00","0.00","0.00","0.00","0.00","F",,"1","2023-03-14","2023-07-24","15:10:48","15:26:20","ADMIN","ADMIN"
"472","620.111","03",,"SPR CL","BIAYA UMUM LAINNYA",,"UMUM LAIN","620.111/SPR CL/UMUM LAIN/CL","CL","600","600","620.111",,"01","Aktifitas Operasi   ","Laba Rugi","Debet","F","F","T",,"0.00","0.00","0.00","0.00","0.00","0.00","0.00","0.00","0.00","0.00","0.00","0.00","0.00","0.00","0.00","0.00","0.00","0.00","0.00","0.00","0.00","0.00","0.00","0.00","0.00","0.00","0.00","0.00","0.00","0.00","0.00","0.00","0.00","0.00","0.00","0.00","0.00","0.00","0.00","0.00","0.00","0.00","0.00","0.00","0.00","0.00","0.00","0.00","0.00","0.00","0.00","0.00","0.00","0.00","0.00","0.00","0.00","0.00","0.00","0.00","0.00","0.00","0.00","0.00","0.00","0.00","F",,"1","2023-03-14","2023-07-24","15:12:46","09:38:54","ADMIN","ADMIN"
"473","620.112","03",,"SPR CL","PAPAN BUNGA",,"PAPAN BUNGA","620.112/SPR CL/PAPAN BUNGA/CL","CL","600","600","620.111",,"01","Aktifitas Operasi   ","Laba Rugi","Debet","F","F","T",,"0.00","0.00","0.00","0.00","0.00","0.00","0.00","0.00","0.00","0.00","0.00","0.00","0.00","0.00","0.00","0.00","0.00","0.00","0.00","0.00","0.00","0.00","0.00","0.00","0.00","0.00","0.00","0.00","0.00","0.00","0.00","0.00","0.00","0.00","0.00","0.00","0.00","0.00","0.00","0.00","0.00","0.00","0.00","0.00","0.00","0.00","0.00","0.00","0.00","0.00","0.00","0.00","0.00","0.00","0.00","0.00","0.00","0.00","0.00","0.00","0.00","0.00","0.00","0.00","0.00","0.00","F",,"1","2023-03-14","2023-08-10","15:13:58","17:55:43","ADMIN","ADMIN"
"474","620.113","03",,"SPR CL","BEBAN UMUM LAIN-LAIN",,"UMUM LAIN","620.113/SPR CL/UMUM LAIN/CL","CL","600","600","620.111",,"01","Aktifitas Operasi   ","Laba Rugi","Debet","F","F","T",,"0.00","0.00","0.00","0.00","0.00","0.00","0.00","0.00","0.00","0.00","0.00","0.00","0.00","0.00","0.00","0.00","0.00","0.00","0.00","0.00","0.00","0.00","0.00","0.00","0.00","0.00","0.00","0.00","0.00","0.00","0.00","0.00","0.00","0.00","0.00","0.00","0.00","0.00","0.00","0.00","0.00","0.00","0.00","0.00","0.00","0.00","0.00","0.00","0.00","0.00","0.00","0.00","0.00","0.00","0.00","0.00","0.00","0.00","0.00","0.00","0.00","0.00","0.00","0.00","0.00","0.00","F",,"1","2023-03-14","2023-08-10","15:14:59","18:00:37","ADMIN","ADMIN"
"475","620.113","02",,"SPR CL","BEBAN KEAMANAN & KEBERSIHAN",,"KEAMANAN & KEBERSIHAN","620.113/SPR CL/KEAMANAN & KEBERSIHAN/CL","CL","600","600","620.113",,"01","Aktifitas Operasi   ","Laba Rugi","Debet","F","F","F",,"0.00","0.00","0.00","0.00","0.00","0.00","0.00","0.00","0.00","0.00","0.00","0.00","0.00","0.00","0.00","0.00","0.00","0.00","0.00","0.00","0.00","0.00","0.00","0.00","0.00","0.00","0.00","0.00","0.00","0.00","0.00","0.00","0.00","0.00","0.00","0.00","0.00","0.00","0.00","0.00","0.00","0.00","0.00","0.00","0.00","0.00","0.00","0.00","0.00","0.00","0.00","0.00","0.00","0.00","0.00","0.00","0.00","0.00","0.00","0.00","0.00","0.00","0.00","0.00","0.00","0.00","F",,"1","2023-03-14","2023-03-14","15:16:34","15:16:34","ADMIN","ADMIN"
"476","620.113","03",,"SPR CL","PERLENGKAPAN KEBERSIHAN",,"PERLENGKAPAN KEBERSIHAN","620.113/SPR CL/PERLENGKAPAN KEBERSIHAN/CL","CL","600","600","620.113",,"01","Aktifitas Operasi   ","Laba Rugi","Debet","F","F","T",,"0.00","0.00","0.00","0.00","0.00","0.00","0.00","0.00","0.00","0.00","0.00","0.00","0.00","0.00","0.00","0.00","0.00","0.00","0.00","0.00","0.00","0.00","0.00","0.00","0.00","0.00","0.00","0.00","0.00","0.00","0.00","0.00","0.00","0.00","0.00","0.00","0.00","0.00","0.00","0.00","0.00","0.00","0.00","0.00","0.00","0.00","0.00","0.00","0.00","0.00","0.00","0.00","0.00","0.00","0.00","0.00","0.00","0.00","0.00","0.00","0.00","0.00","0.00","0.00","0.00","0.00","F",,"1","2023-03-14","2023-08-10","15:17:41","17:59:59","ADMIN","ADMIN"
"477","620.170","03",,"SPR CL","BEBAN IMBALAN KERJA",,"BEBAN IMBALAN KERJA","620.170/SPR CL/BEBAN IMBALAN KERJA/CL","CL","600","600","620.100",,"01","Aktifitas Operasi   ","Laba Rugi","Debet","F","F","T",,"0.00","0.00","0.00","0.00","0.00","0.00","0.00","0.00","0.00","0.00","0.00","0.00","0.00","0.00","0.00","0.00","0.00","0.00","0.00","0.00","0.00","0.00","0.00","0.00","0.00","0.00","0.00","0.00","0.00","0.00","0.00","0.00","0.00","0.00","0.00","0.00","0.00","0.00","0.00","0.00","0.00","0.00","0.00","0.00","0.00","0.00","0.00","0.00","0.00","0.00","0.00","0.00","0.00","0.00","0.00","0.00","0.00","0.00","0.00","0.00","0.00","0.00","0.00","0.00","0.00","0.00","F",,"1","2023-03-14","2023-08-10","15:19:23","18:12:55","ADMIN","ADMIN"
"478","620.180","02",,"SPR CL","BEBAN BBM & PEMELIHARAAN KENDARAAN",,"BBM & PEMLHRAAN KENDARAAN","620.180/SPR CL/BBM & PEMLHRAAN KENDARAAN/CL","CL","600","600","620.180",,"01","Aktifitas Operasi   ","Laba Rugi","Debet","F","F","F",,"0.00","0.00","0.00","0.00","0.00","0.00","0.00","0.00","0.00","0.00","0.00","0.00","0.00","0.00","0.00","0.00","0.00","0.00","0.00","0.00","0.00","0.00","0.00","0.00","0.00","0.00","0.00","0.00","0.00","0.00","0.00","0.00","0.00","0.00","0.00","0.00","0.00","0.00","0.00","0.00","0.00","0.00","0.00","0.00","0.00","0.00","0.00","0.00","0.00","0.00","0.00","0.00","0.00","0.00","0.00","0.00","0.00","0.00","0.00","0.00","0.00","0.00","0.00","0.00","0.00","0.00","F",,"1","2023-03-14","2023-03-14","15:20:23","15:20:23","ADMIN","ADMIN"
"479","620.181","03",,"SPR CL","BEBAN BBM",,"BBM","620.181/SPR CL/BBM/CL","CL","600","600","620.180",,"01","Aktifitas Operasi   ","Laba Rugi","Debet","F","F","T",,"0.00","0.00","0.00","0.00","0.00","0.00","0.00","0.00","0.00","0.00","0.00","0.00","0.00","0.00","0.00","0.00","0.00","0.00","0.00","0.00","0.00","0.00","0.00","0.00","0.00","0.00","0.00","0.00","0.00","0.00","0.00","0.00","0.00","0.00","0.00","0.00","0.00","0.00","0.00","0.00","0.00","0.00","0.00","0.00","0.00","0.00","0.00","0.00","0.00","0.00","0.00","0.00","0.00","0.00","0.00","0.00","0.00","0.00","0.00","0.00","0.00","0.00","0.00","0.00","0.00","0.00","F",,"1","2023-03-14","2023-08-10","15:21:12","17:41:47","ADMIN","ADMIN"
"480","620.182","03",,"SPR CL","BEBAN PEMELIHARAAN KENDARAAN",,"PEMELIHARAAN KENDARAAN","620.182/SPR CL/PEMELIHARAAN KENDARAAN/CL","CL","600","600","620.180",,"01","Aktifitas Operasi   ","Laba Rugi","Debet","F","F","T",,"0.00","0.00","0.00","0.00","0.00","0.00","0.00","0.00","0.00","0.00","0.00","0.00","0.00","0.00","0.00","0.00","0.00","0.00","0.00","0.00","0.00","0.00","0.00","0.00","0.00","0.00","0.00","0.00","0.00","0.00","0.00","0.00","0.00","0.00","0.00","0.00","0.00","0.00","0.00","0.00","0.00","0.00","0.00","0.00","0.00","0.00","0.00","0.00","0.00","0.00","0.00","0.00","0.00","0.00","0.00","0.00","0.00","0.00","0.00","0.00","0.00","0.00","0.00","0.00","0.00","0.00","F",,"1","2023-03-14","2023-08-10","15:22:43","19:56:47","ADMIN","ADMIN"
"481","620.190","02",,"SPR CL","BEBAN PAJAK",,"BEBAN PAJAK","620.190/SPR CL/BEBAN PAJAK/CL","CL","600","600","620.190",,"01","Aktifitas Operasi   ","Laba Rugi","Debet","F","F","F",,"0.00","0.00","0.00","0.00","0.00","0.00","0.00","0.00","0.00","0.00","0.00","0.00","0.00","0.00","0.00","0.00","0.00","0.00","0.00","0.00","0.00","0.00","0.00","0.00","0.00","0.00","0.00","0.00","0.00","0.00","0.00","0.00","0.00","0.00","0.00","0.00","0.00","0.00","0.00","0.00","0.00","0.00","0.00","0.00","0.00","0.00","0.00","0.00","0.00","0.00","0.00","0.00","0.00","0.00","0.00","0.00","0.00","0.00","0.00","0.00","0.00","0.00","0.00","0.00","0.00","0.00","F",,"1","2023-03-14","2023-03-14","15:24:02","15:24:02","ADMIN","ADMIN"
"482","620.191","03",,"SPR CL","PPH PASAL 21",,"PPH 21","620.191/SPR CL/PPH 21/CL","CL","600","600","620.190",,"01","Aktifitas Operasi   ","Laba Rugi","Debet","F","F","T",,"0.00","0.00","0.00","0.00","0.00","0.00","0.00","0.00","0.00","0.00","0.00","0.00","0.00","0.00","0.00","0.00","0.00","0.00","0.00","0.00","0.00","0.00","0.00","0.00","0.00","0.00","0.00","0.00","0.00","0.00","0.00","0.00","0.00","0.00","0.00","0.00","0.00","0.00","0.00","0.00","0.00","0.00","0.00","0.00","0.00","0.00","0.00","0.00","0.00","0.00","0.00","0.00","0.00","0.00","0.00","0.00","0.00","0.00","0.00","0.00","0.00","0.00","0.00","0.00","0.00","0.00","F",,"1","2023-03-14","2023-08-10","15:24:46","18:13:14","ADMIN","ADMIN"
"483","620.192","03",,"SPR CL","PPH PASAL 23",,"BEBAN PAJAK","620.192/SPR CL/BEBAN PAJAK/CL","CL","600","600","620.190",,"01","Aktifitas Operasi   ","Laba Rugi","Debet","F","F","T",,"0.00","0.00","0.00","0.00","0.00","0.00","0.00","0.00","0.00","0.00","0.00","0.00","0.00","0.00","0.00","0.00","0.00","0.00","0.00","0.00","0.00","0.00","0.00","0.00","0.00","0.00","0.00","0.00","0.00","0.00","0.00","0.00","0.00","0.00","0.00","0.00","0.00","0.00","0.00","0.00","0.00","0.00","0.00","0.00","0.00","0.00","0.00","0.00","0.00","0.00","0.00","0.00","0.00","0.00","0.00","0.00","0.00","0.00","0.00","0.00","0.00","0.00","0.00","0.00","0.00","0.00","F",,"1","2023-03-14","2023-08-10","15:25:37","18:13:33","ADMIN","ADMIN"
"484","620.193","03",,"SPR CL","PAJAK BUMI & BANGUNAN",,"PBB","620.193/SPR CL/PBB/CL","CL","600","600","620.190",,"01","Aktifitas Operasi   ","Laba Rugi","Debet","F","F","T",,"0.00","0.00","0.00","0.00","0.00","0.00","0.00","0.00","0.00","0.00","0.00","0.00","0.00","0.00","0.00","0.00","0.00","0.00","0.00","0.00","0.00","0.00","0.00","0.00","0.00","0.00","0.00","0.00","0.00","0.00","0.00","0.00","0.00","0.00","0.00","0.00","0.00","0.00","0.00","0.00","0.00","0.00","0.00","0.00","0.00","0.00","0.00","0.00","0.00","0.00","0.00","0.00","0.00","0.00","0.00","0.00","0.00","0.00","0.00","0.00","0.00","0.00","0.00","0.00","0.00","0.00","F",,"1","2023-03-14","2023-08-10","15:26:36","18:13:58","ADMIN","ADMIN"
"485","620.194","03",,"SPR CL","PPN",,"PPN","620.194/SPR CL/PPN/CL","CL","600","600","620.190",,"01","Aktifitas Operasi   ","Laba Rugi","Debet","F","F","T",,"0.00","0.00","0.00","0.00","0.00","0.00","0.00","0.00","0.00","0.00","0.00","0.00","0.00","0.00","0.00","0.00","0.00","0.00","0.00","0.00","0.00","0.00","0.00","0.00","0.00","0.00","0.00","0.00","0.00","0.00","0.00","0.00","0.00","0.00","0.00","0.00","0.00","0.00","0.00","0.00","0.00","0.00","0.00","0.00","0.00","0.00","0.00","0.00","0.00","0.00","0.00","0.00","0.00","0.00","0.00","0.00","0.00","0.00","0.00","0.00","0.00","0.00","0.00","0.00","0.00","0.00","F",,"1","2023-03-14","2023-08-10","15:27:24","18:15:02","ADMIN","ADMIN"
"486","620.195","03",,"SPR CL","DENDA PAJAK",,"DENDA PAJAK","620.195/SPR CL/DENDA PAJAK/CL","CL","600","600","620.190",,"01","Aktifitas Operasi   ","Laba Rugi","Debet","F","F","T",,"0.00","0.00","0.00","0.00","0.00","0.00","0.00","0.00","0.00","0.00","0.00","0.00","0.00","0.00","0.00","0.00","0.00","0.00","0.00","0.00","0.00","0.00","0.00","0.00","0.00","0.00","0.00","0.00","0.00","0.00","0.00","0.00","0.00","0.00","0.00","0.00","0.00","0.00","0.00","0.00","0.00","0.00","0.00","0.00","0.00","0.00","0.00","0.00","0.00","0.00","0.00","0.00","0.00","0.00","0.00","0.00","0.00","0.00","0.00","0.00","0.00","0.00","0.00","0.00","0.00","0.00","F",,"1","2023-03-14","2023-08-10","15:28:04","18:15:22","ADMIN","ADMIN"
"487","620.210","03",,"SPR CL","PERLENGKAPAN KANTOR",,"PERLENGKAPAN KANTOR","620.210/SPR CL/PERLENGKAPAN KANTOR/CL","CL","600","600","620.210",,"01","Aktifitas Operasi   ","Laba Rugi","Debet","F","F","T",,"0.00","0.00","0.00","0.00","0.00","0.00","0.00","0.00","0.00","0.00","0.00","0.00","0.00","0.00","0.00","0.00","0.00","0.00","0.00","0.00","0.00","0.00","0.00","0.00","0.00","0.00","0.00","0.00","0.00","0.00","0.00","0.00","0.00","0.00","0.00","0.00","0.00","0.00","0.00","0.00","0.00","0.00","0.00","0.00","0.00","0.00","0.00","0.00","0.00","0.00","0.00","0.00","0.00","0.00","0.00","0.00","0.00","0.00","0.00","0.00","0.00","0.00","0.00","0.00","0.00","0.00","F",,"1","2023-03-14","2023-08-10","15:34:31","18:01:37","ADMIN","ADMIN"
"488","620.230","02",,"SPR CL","BEBAN PENYUSUTAN ASET TETAP",,"BEBAN PENYUSUTAN AT","620.230/SPR CL/BEBAN PENYUSUTAN AT/CL","CL","600","600","620.230",,"01","Aktifitas Operasi   ","Laba Rugi","Debet","F","F","F",,"0.00","0.00","0.00","0.00","0.00","0.00","0.00","0.00","0.00","0.00","0.00","0.00","0.00","0.00","0.00","0.00","0.00","0.00","0.00","0.00","0.00","0.00","0.00","0.00","0.00","0.00","0.00","0.00","0.00","0.00","0.00","0.00","0.00","0.00","0.00","0.00","0.00","0.00","0.00","0.00","0.00","0.00","0.00","0.00","0.00","0.00","0.00","0.00","0.00","0.00","0.00","0.00","0.00","0.00","0.00","0.00","0.00","0.00","0.00","0.00","0.00","0.00","0.00","0.00","0.00","0.00","F",,"1","2023-03-14","2023-03-14","15:35:34","15:35:34","ADMIN","ADMIN"
"489","620.231","03",,"SPR CL","DEPRESIASI INVENTARIS KANTOR",,"DEPR INVENTARIS KANTOR","620.231/SPR CL/DEPR INVENTARIS KANTOR/CL","CL","600","600","620.230",,"01","Aktifitas Operasi   ","Laba Rugi","Debet","F","F","T",,"0.00","0.00","0.00","0.00","0.00","0.00","0.00","0.00","0.00","0.00","0.00","0.00","0.00","0.00","0.00","0.00","0.00","0.00","0.00","0.00","0.00","0.00","0.00","0.00","0.00","0.00","0.00","0.00","0.00","0.00","0.00","0.00","0.00","0.00","0.00","0.00","0.00","0.00","0.00","0.00","0.00","0.00","0.00","0.00","0.00","0.00","0.00","0.00","0.00","0.00","0.00","0.00","0.00","0.00","0.00","0.00","0.00","0.00","0.00","0.00","0.00","0.00","0.00","0.00","0.00","0.00","F",,"1","2023-03-14","2023-08-10","15:36:52","18:16:27","ADMIN","ADMIN"
"490","700.000","01",,"SPR CL","PENDAPATAN LAIN-LAIN",,"PENDAPATAN LAIN","700.000/SPR CL/PENDAPATAN LAIN/CL","CL","700","700","700.000",,"01","Aktifitas Operasi   ","Laba Rugi","Kredit","F","F","F",,"0.00","0.00","0.00","0.00","0.00","0.00","0.00","0.00","0.00","0.00","0.00","0.00","0.00","0.00","0.00","0.00","0.00","0.00","0.00","0.00","0.00","0.00","0.00","0.00","0.00","0.00","0.00","0.00","0.00","0.00","0.00","0.00","0.00","0.00","0.00","0.00","0.00","0.00","0.00","0.00","0.00","0.00","0.00","0.00","0.00","0.00","0.00","0.00","0.00","0.00","0.00","0.00","0.00","0.00","0.00","0.00","0.00","0.00","0.00","0.00","0.00","0.00","0.00","0.00","0.00","0.00","F",,"1","2023-03-14","2023-03-14","15:38:18","15:39:24","ADMIN","ADMIN"
"491","700.100","03",,"SPR CL","JASA GIRO",,"JASA GIRO","700.100/SPR CL/JASA GIRO/CL","CL","700","700","700.000",,"01","Aktifitas Operasi   ","Laba Rugi","Kredit","F","F","T",,"0.00","0.00","0.00","0.00","0.00","0.00","0.00","0.00","0.00","0.00","0.00","0.00","0.00","0.00","0.00","0.00","0.00","0.00","0.00","0.00","0.00","0.00","0.00","0.00","0.00","0.00","0.00","0.00","0.00","0.00","0.00","0.00","0.00","0.00","0.00","0.00","0.00","0.00","0.00","0.00","0.00","0.00","0.00","0.00","0.00","0.00","0.00","0.00","0.00","0.00","0.00","0.00","0.00","0.00","0.00","0.00","0.00","0.00","0.00","0.00","0.00","0.00","0.00","0.00","0.00","0.00","F",,"1","2023-03-14","2023-08-10","15:39:09","17:42:52","ADMIN","ADMIN"
"492","700.400","02",,"SPR CL","PENDAPATAN LAIN-LAIN",,"PENDAPATAN LAIN","700.400/SPR CL/PENDAPATAN LAIN/CL","CL","700","700","700.400",,"01","Aktifitas Operasi   ","Laba Rugi","Kredit","F","F","F",,"0.00","0.00","0.00","0.00","0.00","0.00","0.00","0.00","0.00","0.00","0.00","0.00","0.00","0.00","0.00","0.00","0.00","0.00","0.00","0.00","0.00","0.00","0.00","0.00","0.00","0.00","0.00","0.00","0.00","0.00","0.00","0.00","0.00","0.00","0.00","0.00","0.00","0.00","0.00","0.00","0.00","0.00","0.00","0.00","0.00","0.00","0.00","0.00","0.00","0.00","0.00","0.00","0.00","0.00","0.00","0.00","0.00","0.00","0.00","0.00","0.00","0.00","0.00","0.00","0.00","0.00","F",,"1","2023-03-14","2023-03-14","15:40:29","15:40:29","ADMIN","ADMIN"
"493","700.410","03",,"SPR CL","PENDAPATAN LAIN-LAINNYA",,"PENDAPATAN LAIN","700.410/SPR CL/PENDAPATAN LAIN/CL","CL","700","700","700.400",,"01","Aktifitas Operasi   ","Laba Rugi","Kredit","F","F","T",,"0.00","0.00","0.00","0.00","0.00","0.00","0.00","0.00","0.00","0.00","0.00","0.00","0.00","0.00","0.00","0.00","0.00","0.00","0.00","0.00","0.00","0.00","0.00","0.00","0.00","0.00","0.00","0.00","0.00","0.00","0.00","0.00","0.00","0.00","0.00","0.00","0.00","0.00","0.00","0.00","0.00","0.00","0.00","0.00","0.00","0.00","0.00","0.00","0.00","0.00","0.00","0.00","0.00","0.00","0.00","0.00","0.00","0.00","0.00","0.00","0.00","0.00","0.00","0.00","0.00","0.00","F",,"1","2023-03-14","2023-08-10","15:42:00","17:43:44","ADMIN","ADMIN"
"494","800.000","01",,"SPR CL","BEBAN LAIN-LAIN",,"BEBAN LAIN","800.000/SPR CL/BEBAN LAIN/CL","CL","800","800","800.000",,"01","Aktifitas Operasi   ","Laba Rugi","Debet","F","F","T",,"0.00","0.00","0.00","0.00","0.00","0.00","0.00","0.00","0.00","0.00","0.00","0.00","0.00","0.00","0.00","0.00","0.00","0.00","0.00","0.00","0.00","0.00","0.00","0.00","0.00","0.00","0.00","0.00","0.00","0.00","0.00","0.00","0.00","0.00","0.00","0.00","0.00","0.00","0.00","0.00","0.00","0.00","0.00","0.00","0.00","0.00","0.00","0.00","0.00","0.00","0.00","0.00","0.00","0.00","0.00","0.00","0.00","0.00","0.00","0.00","0.00","0.00","0.00","0.00","0.00","0.00","F",,"1","2023-03-14","2023-07-21","15:42:46","11:34:32","ADMIN","ADMIN"
"495","800.100","03",,"SPR CL","ADMINISTRASI UMUM",,"ADM BANK","800.100/SPR CL/ADM BANK/CL","CL","800","800","800.000",,"01","Aktifitas Operasi   ","Laba Rugi","Debet","F","F","T",,"0.00","0.00","0.00","0.00","0.00","0.00","0.00","0.00","0.00","0.00","0.00","0.00","0.00","0.00","0.00","0.00","0.00","0.00","0.00","0.00","0.00","0.00","0.00","0.00","0.00","0.00","0.00","0.00","0.00","0.00","0.00","0.00","0.00","0.00","0.00","0.00","0.00","0.00","0.00","0.00","0.00","0.00","0.00","0.00","0.00","0.00","0.00","0.00","0.00","0.00","0.00","0.00","0.00","0.00","0.00","0.00","0.00","0.00","0.00","0.00","0.00","0.00","0.00","0.00","0.00","0.00","F",,"1","2023-03-14","2023-08-10","15:43:57","17:44:05","ADMIN","ADMIN"
"496","800.200","03",,"SPR CL","METERAI BANK",,"METERAI BANK","800.200/SPR CL/METERAI BANK/CL","CL","800","800","800.000",,"01","Aktifitas Operasi   ","Laba Rugi","Debet","F","F","T",,"0.00","0.00","0.00","0.00","0.00","0.00","0.00","0.00","0.00","0.00","0.00","0.00","0.00","0.00","0.00","0.00","0.00","0.00","0.00","0.00","0.00","0.00","0.00","0.00","0.00","0.00","0.00","0.00","0.00","0.00","0.00","0.00","0.00","0.00","0.00","0.00","0.00","0.00","0.00","0.00","0.00","0.00","0.00","0.00","0.00","0.00","0.00","0.00","0.00","0.00","0.00","0.00","0.00","0.00","0.00","0.00","0.00","0.00","0.00","0.00","0.00","0.00","0.00","0.00","0.00","0.00","F",,"1","2023-03-14","2023-07-21","15:44:28","11:37:12","ADMIN","ADMIN"
"497","800.300","03",,"SPR CL","PAJAK JASA GIRO",,"PJK JASA GIRO","800.300/SPR CL/PBB/CL","CL","800","800","800.000",,"01","Aktifitas Operasi   ","Laba Rugi","Debet","F","F","T",,"0.00","0.00","0.00","0.00","0.00","0.00","0.00","0.00","0.00","0.00","0.00","0.00","0.00","0.00","0.00","0.00","0.00","0.00","0.00","0.00","0.00","0.00","0.00","0.00","0.00","0.00","0.00","0.00","0.00","0.00","0.00","0.00","0.00","0.00","0.00","0.00","0.00","0.00","0.00","0.00","0.00","0.00","0.00","0.00","0.00","0.00","0.00","0.00","0.00","0.00","0.00","0.00","0.00","0.00","0.00","0.00","0.00","0.00","0.00","0.00","0.00","0.00","0.00","0.00","0.00","0.00","F","PJG","1","2023-03-14","2023-07-21","15:45:00","11:37:38","ADMIN","ADMIN"
"498","800.400","02",,"SPR CL","BEBAN LAIN-LAIN",,"LAIN","800.400/SPR CL/SELISIH KURS/CL","CL","800","800","800.000",,"01","Aktifitas Operasi   ","Laba Rugi","Debet","F","F","F",,"0.00","0.00","0.00","0.00","0.00","0.00","0.00","0.00","0.00","0.00","0.00","0.00","0.00","0.00","0.00","0.00","0.00","0.00","0.00","0.00","0.00","0.00","0.00","0.00","0.00","0.00","0.00","0.00","0.00","0.00","0.00","0.00","0.00","0.00","0.00","0.00","0.00","0.00","0.00","0.00","0.00","0.00","0.00","0.00","0.00","0.00","0.00","0.00","0.00","0.00","0.00","0.00","0.00","0.00","0.00","0.00","0.00","0.00","0.00","0.00","0.00","0.00","0.00","0.00","0.00","0.00","F",,"1","2023-03-14","2023-03-16","15:45:39","11:40:52","ADMIN","ADMIN"
"499","300.110","03",,"SPR CL","SARANA PEMBANGUNAN RIAU",,"SPR","300.110/SPR CL/SPR/CL","CL","300","300","300.100",,"03","Aktifitas Pendanaan ","Neraca","Kredit","F","F","F",,"0.00","0.00","0.00","0.00","0.00","0.00","0.00","0.00","0.00","0.00","0.00","0.00","0.00","0.00","0.00","0.00","0.00","0.00","0.00","0.00","0.00","0.00","0.00","0.00","0.00","0.00","0.00","0.00","0.00","0.00","0.00","0.00","0.00","0.00","0.00","0.00","0.00","0.00","0.00","0.00","0.00","0.00","0.00","0.00","0.00","0.00","0.00","0.00","0.00","0.00","0.00","0.00","0.00","0.00","0.00","0.00","0.00","0.00","0.00","0.00","0.00","0.00","0.00","0.00","0.00","0.00","F",,"1","2023-03-16","2023-10-02","09:37:37","11:21:49","ADMIN","ADMIN"
"500","300.120","03",,"SPR CL","SARANA PEMBANGUNAN RIAU TRADA",,"SPR TRADA","300.120/SPR CL/SPR TRADA/CL","CL","300","300","300.100",,"03","Aktifitas Pendanaan ","Neraca","Kredit","F","F","F",,"0.00","0.00","0.00","0.00","0.00","0.00","0.00","0.00","0.00","0.00","0.00","0.00","0.00","0.00","0.00","0.00","0.00","0.00","0.00","0.00","0.00","0.00","0.00","0.00","0.00","0.00","0.00","0.00","0.00","0.00","0.00","0.00","0.00","0.00","0.00","0.00","0.00","0.00","0.00","0.00","0.00","0.00","0.00","0.00","0.00","0.00","0.00","0.00","0.00","0.00","0.00","0.00","0.00","0.00","0.00","0.00","0.00","0.00","0.00","0.00","0.00","0.00","0.00","0.00","0.00","0.00","F",,"1","2023-03-16","2023-10-02","09:38:12","11:43:56","ADMIN","ADMIN"
"502","113.100","01",,"SPR CL","BIAYA PRA OPERASI",,"BIAYA PRA OPERASI","113.100/SPR CL/BIAYA PRA OPERASI/CL","CL","110","100","113.100",,"02","Aktifitas Investasi ","Neraca","Debet","F","F","F",,"0.00","0.00","0.00","0.00","0.00","0.00","0.00","0.00","0.00","0.00","0.00","0.00","0.00","0.00","0.00","0.00","0.00","0.00","0.00","0.00","0.00","0.00","0.00","0.00","0.00","0.00","0.00","0.00","0.00","0.00","0.00","0.00","0.00","0.00","0.00","0.00","0.00","0.00","0.00","0.00","0.00","0.00","0.00","0.00","0.00","0.00","0.00","0.00","0.00","0.00","0.00","0.00","0.00","0.00","0.00","0.00","0.00","0.00","0.00","0.00","0.00","0.00","0.00","0.00","0.00","0.00","F",,"1","2023-03-16","2023-05-29","09:49:29","10:38:43","ADMIN","ADMIN"
"510","101.201","03",,"SPR CL","BANK RIAU KEPRI SYARIAH AC. NO. 1070801032",,"BRKS","101.201/SPR CL/BRKS/CL","CL","100","100","101.200",,,"                    ","Neraca","Debet","T","T","T","1070801032","275765225.00","0.00","0.00","0.00","0.00","0.00","0.00","0.00","0.00","0.00","0.00","0.00","0.00","0.00","0.00","0.00","0.00","0.00","0.00","0.00","0.00","0.00","0.00","0.00","0.00","0.00","0.00","0.00","0.00","0.00","0.00","0.00","0.00","0.00","0.00","0.00","0.00","0.00","0.00","0.00","0.00","0.00","0.00","0.00","0.00","0.00","0.00","0.00","0.00","0.00","0.00","0.00","0.00","0.00","0.00","0.00","0.00","0.00","0.00","0.00","0.00","0.00","0.00","0.00","0.00","0.00","F",,"1","2023-03-16","2024-03-04","10:03:23","09:19:41","ADMIN","ADMIN"
"511","101.100","02",,"SPR CL","KAS",,"KAS","101.100/SPR CL/KAS/CL","CL","100","100","101.000",,,"                    ","Neraca","Debet","T","F","T",,"0.00","0.00","0.00","0.00","0.00","0.00","0.00","0.00","0.00","0.00","0.00","0.00","0.00","0.00","0.00","0.00","0.00","0.00","0.00","0.00","0.00","0.00","0.00","0.00","0.00","0.00","0.00","0.00","0.00","0.00","0.00","0.00","0.00","0.00","0.00","0.00","0.00","0.00","0.00","0.00","0.00","0.00","0.00","0.00","0.00","0.00","0.00","0.00","0.00","0.00","0.00","0.00","0.00","0.00","0.00","0.00","0.00","0.00","0.00","0.00","0.00","0.00","0.00","0.00","0.00","0.00","F",,"1","2023-03-16","2023-03-16","10:09:37","10:09:37","ADMIN","ADMIN"
"513","113.101","03",,"SPR CL","BIAYA GAJI & TUNJANGAN",,"BEBAN GAJI & TUNJANGAN","113.101/SPR CL/BEBAN GAJI & TUNJANGAN/CL","CL","110","100","113.100",,"02","Aktifitas Investasi","Neraca","Debet","F","F","F",,"0.00","0.00","0.00","0.00","0.00","0.00","0.00","0.00","0.00","0.00","0.00","0.00","0.00","0.00","0.00","0.00","0.00","0.00","0.00","0.00","0.00","0.00","0.00","0.00","0.00","0.00","0.00","0.00","0.00","0.00","0.00","0.00","0.00","0.00","0.00","0.00","0.00","0.00","0.00","0.00","0.00","0.00","0.00","0.00","0.00","0.00","0.00","0.00","0.00","0.00","0.00","0.00","0.00","0.00","0.00","0.00","0.00","0.00","0.00","0.00","0.00","0.00","0.00","0.00","0.00","0.00","F",,"1","2023-03-16","2023-03-16","10:34:57","10:34:57","ADMIN","ADMIN"
"514","113.102","03",,"SPR CL","BEBAN IT",,"BEBAN IT","113.102/SPR CL/BEBAN IT/CL","CL","110","100","113.100",,"02","Aktifitas Investasi","Neraca","Debet","F","F","F",,"0.00","0.00","0.00","0.00","0.00","0.00","0.00","0.00","0.00","0.00","0.00","0.00","0.00","0.00","0.00","0.00","0.00","0.00","0.00","0.00","0.00","0.00","0.00","0.00","0.00","0.00","0.00","0.00","0.00","0.00","0.00","0.00","0.00","0.00","0.00","0.00","0.00","0.00","0.00","0.00","0.00","0.00","0.00","0.00","0.00","0.00","0.00","0.00","0.00","0.00","0.00","0.00","0.00","0.00","0.00","0.00","0.00","0.00","0.00","0.00","0.00","0.00","0.00","0.00","0.00","0.00","F",,"1","2023-03-16","2023-03-16","10:36:08","10:36:08","ADMIN","ADMIN"
"515","113.103","03",,"SPR CL","BEBAN KANTOR/ALAT TULIS",,"BEBAN KANTOR/ATK","113.103/SPR CL/BEBAN KANTOR/ATK/CL","CL","110","100","113.100",,"02","Aktifitas Investasi","Neraca","Debet","F","F","F",,"0.00","0.00","0.00","0.00","0.00","0.00","0.00","0.00","0.00","0.00","0.00","0.00","0.00","0.00","0.00","0.00","0.00","0.00","0.00","0.00","0.00","0.00","0.00","0.00","0.00","0.00","0.00","0.00","0.00","0.00","0.00","0.00","0.00","0.00","0.00","0.00","0.00","0.00","0.00","0.00","0.00","0.00","0.00","0.00","0.00","0.00","0.00","0.00","0.00","0.00","0.00","0.00","0.00","0.00","0.00","0.00","0.00","0.00","0.00","0.00","0.00","0.00","0.00","0.00","0.00","0.00","F",,"1","2023-03-16","2023-03-16","10:37:04","10:37:04","ADMIN","ADMIN"
"516","113.104","03",,"SPR CL","BEBAN LISTRIK",,"LISTRIK","113.104/SPR CL/LISTRIK/CL","CL","110","100","113.100",,"02","Aktifitas Investasi","Neraca","Debet","F","F","F",,"0.00","0.00","0.00","0.00","0.00","0.00","0.00","0.00","0.00","0.00","0.00","0.00","0.00","0.00","0.00","0.00","0.00","0.00","0.00","0.00","0.00","0.00","0.00","0.00","0.00","0.00","0.00","0.00","0.00","0.00","0.00","0.00","0.00","0.00","0.00","0.00","0.00","0.00","0.00","0.00","0.00","0.00","0.00","0.00","0.00","0.00","0.00","0.00","0.00","0.00","0.00","0.00","0.00","0.00","0.00","0.00","0.00","0.00","0.00","0.00","0.00","0.00","0.00","0.00","0.00","0.00","F",,"1","2023-03-16","2023-03-16","10:39:36","10:39:36","ADMIN","ADMIN"
"517","113.105","03",,"SPR CL","BEBAN PERAWATAN BANGUNAN & INVENTARIS",,"PERAWATAN BGNAN & INV","113.105/SPR CL/PERAWATAN BGNAN & INV/CL","CL","110","100","113.100",,"02","Aktifitas Investasi","Neraca","Debet","F","F","F",,"0.00","0.00","0.00","0.00","0.00","0.00","0.00","0.00","0.00","0.00","0.00","0.00","0.00","0.00","0.00","0.00","0.00","0.00","0.00","0.00","0.00","0.00","0.00","0.00","0.00","0.00","0.00","0.00","0.00","0.00","0.00","0.00","0.00","0.00","0.00","0.00","0.00","0.00","0.00","0.00","0.00","0.00","0.00","0.00","0.00","0.00","0.00","0.00","0.00","0.00","0.00","0.00","0.00","0.00","0.00","0.00","0.00","0.00","0.00","0.00","0.00","0.00","0.00","0.00","0.00","0.00","F",,"1","2023-03-16","2023-03-16","10:41:23","10:41:23","ADMIN","ADMIN"
"518","113.106","03",,"SPR CL","BEBAN PERJALANAN DINAS",,"PERJALANAN DINAS","113.106/SPR CL/PERJALANAN DINAS/CL","CL","110","100","113.100",,"02","Aktifitas Investasi ","Neraca","Debet","F","F","F",,"0.00","0.00","0.00","0.00","0.00","0.00","0.00","0.00","0.00","0.00","0.00","0.00","0.00","0.00","0.00","0.00","0.00","0.00","0.00","0.00","0.00","0.00","0.00","0.00","0.00","0.00","0.00","0.00","0.00","0.00","0.00","0.00","0.00","0.00","0.00","0.00","0.00","0.00","0.00","0.00","0.00","0.00","0.00","0.00","0.00","0.00","0.00","0.00","0.00","0.00","0.00","0.00","0.00","0.00","0.00","0.00","0.00","0.00","0.00","0.00","0.00","0.00","0.00","0.00","0.00","0.00","F",,"1","2023-03-16","2023-10-02","10:43:06","11:00:23","ADMIN","ADMIN"
"521","113.109","03",,"SPR CL","BEBAN KONSUMSI & UMUM",,"KONSUMSI & UMUM","113.109/SPR CL/KONSUMSI & UMUM/CL","CL","110","100","113.100",,"02","Aktifitas Investasi","Neraca","Debet","F","F","F",,"0.00","0.00","0.00","0.00","0.00","0.00","0.00","0.00","0.00","0.00","0.00","0.00","0.00","0.00","0.00","0.00","0.00","0.00","0.00","0.00","0.00","0.00","0.00","0.00","0.00","0.00","0.00","0.00","0.00","0.00","0.00","0.00","0.00","0.00","0.00","0.00","0.00","0.00","0.00","0.00","0.00","0.00","0.00","0.00","0.00","0.00","0.00","0.00","0.00","0.00","0.00","0.00","0.00","0.00","0.00","0.00","0.00","0.00","0.00","0.00","0.00","0.00","0.00","0.00","0.00","0.00","F",,"1","2023-03-16","2023-03-16","10:47:18","10:47:18","ADMIN","ADMIN"
"522","113.110","03",,"SPR CL","BEBAN IMBALAN KERJA",,"BEBAN IMBALAN KERJA","113.110/SPR CL/BEBAN IMBALAN KERJA/CL","CL","110","100","113.100",,"02","Aktifitas Investasi","Neraca","Debet","F","F","F",,"0.00","0.00","0.00","0.00","0.00","0.00","0.00","0.00","0.00","0.00","0.00","0.00","0.00","0.00","0.00","0.00","0.00","0.00","0.00","0.00","0.00","0.00","0.00","0.00","0.00","0.00","0.00","0.00","0.00","0.00","0.00","0.00","0.00","0.00","0.00","0.00","0.00","0.00","0.00","0.00","0.00","0.00","0.00","0.00","0.00","0.00","0.00","0.00","0.00","0.00","0.00","0.00","0.00","0.00","0.00","0.00","0.00","0.00","0.00","0.00","0.00","0.00","0.00","0.00","0.00","0.00","F",,"1","2023-03-16","2023-03-16","10:48:28","10:48:28","ADMIN","ADMIN"
"523","113.111","03",,"SPR CL","BEBAN BBM & PEMELIHARAAN KENDARAAN",,"BBM & PEMLHRAAN KENDARAAN","113.111/SPR CL/BBM & PEMLHRAAN KENDARAAN/CL","CL","110","100","113.100",,"02","Aktifitas Investasi","Neraca","Debet","F","F","F",,"0.00","0.00","0.00","0.00","0.00","0.00","0.00","0.00","0.00","0.00","0.00","0.00","0.00","0.00","0.00","0.00","0.00","0.00","0.00","0.00","0.00","0.00","0.00","0.00","0.00","0.00","0.00","0.00","0.00","0.00","0.00","0.00","0.00","0.00","0.00","0.00","0.00","0.00","0.00","0.00","0.00","0.00","0.00","0.00","0.00","0.00","0.00","0.00","0.00","0.00","0.00","0.00","0.00","0.00","0.00","0.00","0.00","0.00","0.00","0.00","0.00","0.00","0.00","0.00","0.00","0.00","F",,"1","2023-03-16","2023-03-16","10:49:37","10:49:37","ADMIN","ADMIN"
"524","113.107","03",,"SPR CL","BEBAN PENGEMBANGAN USAHA",,"PENGEMBANGAN USAHA","113.107/SPR CL/PENGEMBANGAN USAHA/CL","CL","110","100","113.100",,"02","Aktifitas Investasi ","Neraca","Debet","F","F","F",,"0.00","0.00","0.00","0.00","0.00","0.00","0.00","0.00","0.00","0.00","0.00","0.00","0.00","0.00","0.00","0.00","0.00","0.00","0.00","0.00","0.00","0.00","0.00","0.00","0.00","0.00","0.00","0.00","0.00","0.00","0.00","0.00","0.00","0.00","0.00","0.00","0.00","0.00","0.00","0.00","0.00","0.00","0.00","0.00","0.00","0.00","0.00","0.00","0.00","0.00","0.00","0.00","0.00","0.00","0.00","0.00","0.00","0.00","0.00","0.00","0.00","0.00","0.00","0.00","0.00","0.00","F",,"1","2023-03-16","2023-03-16","10:54:02","10:54:02","ADMIN","ADMIN"
"525","113.108","03",,"SPR CL","BEBAN JAMSOSTEK / ASURANSI",,"ASURANSI","113.108/SPR CL/ASURANSI/CL","CL","110","100","113.100",,"02","Aktifitas Investasi ","Neraca","Debet","F","F","F",,"0.00","0.00","0.00","0.00","0.00","0.00","0.00","0.00","0.00","0.00","0.00","0.00","0.00","0.00","0.00","0.00","0.00","0.00","0.00","0.00","0.00","0.00","0.00","0.00","0.00","0.00","0.00","0.00","0.00","0.00","0.00","0.00","0.00","0.00","0.00","0.00","0.00","0.00","0.00","0.00","0.00","0.00","0.00","0.00","0.00","0.00","0.00","0.00","0.00","0.00","0.00","0.00","0.00","0.00","0.00","0.00","0.00","0.00","0.00","0.00","0.00","0.00","0.00","0.00","0.00","0.00","F",,"1","2023-03-16","2023-03-16","10:54:52","10:54:52","ADMIN","ADMIN"
"526","210.300","03",,"KANTOR PUSAT","HUTANG IMBALAN KERJA",,"HTG IMBALAN KERJA","210.300/KANTOR PUSAT/HTG IMBALAN KERJA/KP","KP","210","200","210.300",,"01","Aktifitas Operasi   ","Neraca","Kredit","F","F","T",,"0.00","0.00","0.00","0.00","0.00","0.00","0.00","0.00","0.00","0.00","0.00","0.00","0.00","0.00","0.00","0.00","0.00","0.00","0.00","0.00","0.00","0.00","0.00","0.00","0.00","0.00","0.00","0.00","0.00","0.00","0.00","0.00","0.00","0.00","0.00","0.00","0.00","0.00","0.00","0.00","0.00","0.00","0.00","0.00","0.00","0.00","0.00","0.00","0.00","0.00","0.00","0.00","0.00","0.00","0.00","0.00","0.00","0.00","0.00","0.00","0.00","0.00","0.00","0.00","0.00","0.00","F",,"1","2023-03-16","2023-08-07","11:06:40","16:25:36","ADMIN","ADMIN"
"527","210.300","03",,"SPR CL","KEWAJIBAN IMBALAN KERJA",,"HTG IMBALAN KERJA","210.300/SPR CL/HTG IMBALAN KERJA/CL","CL","210","200","210.300",,"01","Aktifitas Operasi   ","Neraca","Kredit","F","F","F",,"0.00","0.00","0.00","0.00","0.00","0.00","0.00","0.00","0.00","0.00","0.00","0.00","0.00","0.00","0.00","0.00","0.00","0.00","0.00","0.00","0.00","0.00","0.00","0.00","0.00","0.00","0.00","0.00","0.00","0.00","0.00","0.00","0.00","0.00","0.00","0.00","0.00","0.00","0.00","0.00","0.00","0.00","0.00","0.00","0.00","0.00","0.00","0.00","0.00","0.00","0.00","0.00","0.00","0.00","0.00","0.00","0.00","0.00","0.00","0.00","0.00","0.00","0.00","0.00","0.00","0.00","F",,"1","2023-03-16","2023-03-16","11:10:11","11:10:11","ADMIN","ADMIN"
"528","800.401","03",,"SPR CL","SELISIH KURS",,"SELISIH KURS","800.401/SPR CL/SELISIH KURS/CL","CL","800","800","800.000",,"01","Aktifitas Operasi   ","Laba Rugi","Debet","F","F","T",,"0.00","0.00","0.00","0.00","0.00","0.00","0.00","0.00","0.00","0.00","0.00","0.00","0.00","0.00","0.00","0.00","0.00","0.00","0.00","0.00","0.00","0.00","0.00","0.00","0.00","0.00","0.00","0.00","0.00","0.00","0.00","0.00","0.00","0.00","0.00","0.00","0.00","0.00","0.00","0.00","0.00","0.00","0.00","0.00","0.00","0.00","0.00","0.00","0.00","0.00","0.00","0.00","0.00","0.00","0.00","0.00","0.00","0.00","0.00","0.00","0.00","0.00","0.00","0.00","0.00","0.00","F",,"1","2023-03-16","2023-08-10","11:40:15","17:44:45","ADMIN","ADMIN"
"529","800.402","03",,"SPR CL","LAIN-LAIN",,"LAIN","800.402/SPR CL/LAIN/CL","CL","800","800","800.000",,"01","Aktifitas Operasi   ","Laba Rugi","Debet","F","F","F",,"0.00","0.00","0.00","0.00","0.00","0.00","0.00","0.00","0.00","0.00","0.00","0.00","0.00","0.00","0.00","0.00","0.00","0.00","0.00","0.00","0.00","0.00","0.00","0.00","0.00","0.00","0.00","0.00","0.00","0.00","0.00","0.00","0.00","0.00","0.00","0.00","0.00","0.00","0.00","0.00","0.00","0.00","0.00","0.00","0.00","0.00","0.00","0.00","0.00","0.00","0.00","0.00","0.00","0.00","0.00","0.00","0.00","0.00","0.00","0.00","0.00","0.00","0.00","0.00","0.00","0.00","F",,"1","2023-03-16","2023-03-16","11:41:50","11:41:50","ADMIN","ADMIN"
"530","600.000","01",,"SPR TRADA","BEBAN OPERASIONAL",,"BEBAN OPERASIONAL","600.000/SPR TRADA/BEBAN OPERASIONAL/TR","TR","600","600","600.000",,"01","Aktifitas Operasi","Laba Rugi","Debet","F","F","T",,"0.00","0.00","0.00","0.00","0.00","0.00","0.00","0.00","0.00","0.00","0.00","0.00","0.00","0.00","0.00","0.00","0.00","0.00","0.00","0.00","0.00","0.00","0.00","0.00","0.00","0.00","0.00","0.00","0.00","0.00","0.00","0.00","0.00","0.00","0.00","0.00","0.00","0.00","0.00","0.00","0.00","0.00","0.00","0.00","0.00","0.00","0.00","0.00","0.00","0.00","0.00","0.00","0.00","0.00","0.00","0.00","0.00","0.00","0.00","0.00","0.00","0.00","0.00","0.00","0.00","0.00","F",,"1","2023-05-08","2023-05-08","12:11:31","12:11:31","ADMIN","ADMIN"
"531","620.000","02",,"SPR TRADA","BEBAN ADMONISTRASI & UMUM",,"BEBAN ADMINISTRASI","620.000/SPR TRADA/BEBAN ADMINISTRASI/TR","TR","600","600","620.000",,"01","Aktifitas Operasi","Laba Rugi","Debet","F","F","T",,"0.00","0.00","0.00","0.00","0.00","0.00","0.00","0.00","0.00","0.00","0.00","0.00","0.00","0.00","0.00","0.00","0.00","0.00","0.00","0.00","0.00","0.00","0.00","0.00","0.00","0.00","0.00","0.00","0.00","0.00","0.00","0.00","0.00","0.00","0.00","0.00","0.00","0.00","0.00","0.00","0.00","0.00","0.00","0.00","0.00","0.00","0.00","0.00","0.00","0.00","0.00","0.00","0.00","0.00","0.00","0.00","0.00","0.00","0.00","0.00","0.00","0.00","0.00","0.00","0.00","0.00","F",,"1","2023-05-08","2023-05-08","13:18:57","13:18:57","ADMIN","ADMIN"
"532","620.010","02",,"SPR TRADA","BEBAN GAJI DAN TUNJANGAN",,"BEBAN GAJI & TUNJANGAN","620.010/SPR TRADA/BEBAN GAJI & TUNJANGAN/TR","TR","600","600","620.010",,"01","Aktifitas Operasi","Laba Rugi","Debet","F","F","T",,"0.00","0.00","0.00","0.00","0.00","0.00","0.00","0.00","0.00","0.00","0.00","0.00","0.00","0.00","0.00","0.00","0.00","0.00","0.00","0.00","0.00","0.00","0.00","0.00","0.00","0.00","0.00","0.00","0.00","0.00","0.00","0.00","0.00","0.00","0.00","0.00","0.00","0.00","0.00","0.00","0.00","0.00","0.00","0.00","0.00","0.00","0.00","0.00","0.00","0.00","0.00","0.00","0.00","0.00","0.00","0.00","0.00","0.00","0.00","0.00","0.00","0.00","0.00","0.00","0.00","0.00","F",,"1","2023-05-08","2023-05-08","14:28:29","14:28:29","ADMIN","ADMIN"
"533","620.011","03",,"SPR TRADA","GAJI DIREKSI & KOMISARIS",,"GAJI BOD","620.011/SPR TRADA/GAJI BOD/TR","TR","600","600","620.010",,"01","Aktifitas Operasi   ","Laba Rugi","Debet","F","F","T",,"0.00","0.00","0.00","0.00","0.00","0.00","0.00","0.00","0.00","0.00","0.00","0.00","0.00","0.00","0.00","0.00","0.00","0.00","0.00","0.00","0.00","0.00","0.00","0.00","0.00","0.00","0.00","0.00","0.00","0.00","0.00","0.00","0.00","0.00","0.00","0.00","0.00","0.00","0.00","0.00","0.00","0.00","0.00","0.00","0.00","0.00","0.00","0.00","0.00","0.00","0.00","0.00","0.00","0.00","0.00","0.00","0.00","0.00","0.00","0.00","0.00","0.00","0.00","0.00","0.00","0.00","F",,"1","2023-05-08","2023-05-08","14:42:10","14:45:50","ADMIN","ADMIN"
"534","620.012","03",,"SPR TRADA","THR/TUNJANGAN",,"THR/TUNJ","620.012/SPR TRADA/THR/TUNJ/TR","TR","600","600","620.010",,"01","Aktifitas Operasi   ","Neraca","Debet","F","F","T",,"0.00","0.00","0.00","0.00","0.00","0.00","0.00","0.00","0.00","0.00","0.00","0.00","0.00","0.00","0.00","0.00","0.00","0.00","0.00","0.00","0.00","0.00","0.00","0.00","0.00","0.00","0.00","0.00","0.00","0.00","0.00","0.00","0.00","0.00","0.00","0.00","0.00","0.00","0.00","0.00","0.00","0.00","0.00","0.00","0.00","0.00","0.00","0.00","0.00","0.00","0.00","0.00","0.00","0.00","0.00","0.00","0.00","0.00","0.00","0.00","0.00","0.00","0.00","0.00","0.00","0.00","F",,"1","2023-05-08","2023-05-08","15:06:17","15:06:17","ADMIN","ADMIN"
"535","620.013","03",,"SPR TRADA","BONUS",,"BONUS","620.013/SPR TRADA/BONUS/TR","TR","600","600","620.010",,"01","Aktifitas Operasi   ","Laba Rugi","Debet","F","F","T",,"0.00","0.00","0.00","0.00","0.00","0.00","0.00","0.00","0.00","0.00","0.00","0.00","0.00","0.00","0.00","0.00","0.00","0.00","0.00","0.00","0.00","0.00","0.00","0.00","0.00","0.00","0.00","0.00","0.00","0.00","0.00","0.00","0.00","0.00","0.00","0.00","0.00","0.00","0.00","0.00","0.00","0.00","0.00","0.00","0.00","0.00","0.00","0.00","0.00","0.00","0.00","0.00","0.00","0.00","0.00","0.00","0.00","0.00","0.00","0.00","0.00","0.00","0.00","0.00","0.00","0.00","F",,"1","2023-05-08","2023-05-08","15:19:19","15:19:19","ADMIN","ADMIN"
"536","620.014","03",,"SPR TRADA","LEMBUR",,"LEMBUR","620.014/SPR TRADA/LEMBUR/TR","TR","600","600","620.010",,"01","Aktifitas Operasi   ","Laba Rugi","Debet","F","F","T",,"0.00","0.00","0.00","0.00","0.00","0.00","0.00","0.00","0.00","0.00","0.00","0.00","0.00","0.00","0.00","0.00","0.00","0.00","0.00","0.00","0.00","0.00","0.00","0.00","0.00","0.00","0.00","0.00","0.00","0.00","0.00","0.00","0.00","0.00","0.00","0.00","0.00","0.00","0.00","0.00","0.00","0.00","0.00","0.00","0.00","0.00","0.00","0.00","0.00","0.00","0.00","0.00","0.00","0.00","0.00","0.00","0.00","0.00","0.00","0.00","0.00","0.00","0.00","0.00","0.00","0.00","F",,"1","2023-05-08","2023-05-08","15:40:11","15:40:11","ADMIN","ADMIN"
"537","620.015","03",,"SPR TRADA","TUNJANGAN MAKAN",,"MAKAN","620.015/SPR TRADA/MAKAN/TR","TR","600","600","620.010",,"01","Aktifitas Operasi   ","Laba Rugi","Debet","F","F","T",,"0.00","0.00","0.00","0.00","0.00","0.00","0.00","0.00","0.00","0.00","0.00","0.00","0.00","0.00","0.00","0.00","0.00","0.00","0.00","0.00","0.00","0.00","0.00","0.00","0.00","0.00","0.00","0.00","0.00","0.00","0.00","0.00","0.00","0.00","0.00","0.00","0.00","0.00","0.00","0.00","0.00","0.00","0.00","0.00","0.00","0.00","0.00","0.00","0.00","0.00","0.00","0.00","0.00","0.00","0.00","0.00","0.00","0.00","0.00","0.00","0.00","0.00","0.00","0.00","0.00","0.00","F",,"1","2023-05-08","2023-05-08","15:42:28","15:42:28","ADMIN","ADMIN"
"538","620.016","03",,"SPR TRADA","TUNJANGAN CUTI",,"TUNJ CUTI","620.016/SPR TRADA/TUNJ CUTI/TR","TR","600","600","620.010",,"01","Aktifitas Operasi   ","Laba Rugi","Debet","F","F","T",,"0.00","0.00","0.00","0.00","0.00","0.00","0.00","0.00","0.00","0.00","0.00","0.00","0.00","0.00","0.00","0.00","0.00","0.00","0.00","0.00","0.00","0.00","0.00","0.00","0.00","0.00","0.00","0.00","0.00","0.00","0.00","0.00","0.00","0.00","0.00","0.00","0.00","0.00","0.00","0.00","0.00","0.00","0.00","0.00","0.00","0.00","0.00","0.00","0.00","0.00","0.00","0.00","0.00","0.00","0.00","0.00","0.00","0.00","0.00","0.00","0.00","0.00","0.00","0.00","0.00","0.00","F",,"1","2023-05-08","2023-05-08","15:46:24","15:46:24","ADMIN","ADMIN"
"539","620.017","03",,"SPR TRADA","TUNJANGAN PESANGON",,"PESANGON","620.017/SPR TRADA/PESANGON/TR","TR","600","600","620.010",,"01","Aktifitas Operasi   ","Laba Rugi","Debet","F","F","T",,"0.00","0.00","0.00","0.00","0.00","0.00","0.00","0.00","0.00","0.00","0.00","0.00","0.00","0.00","0.00","0.00","0.00","0.00","0.00","0.00","0.00","0.00","0.00","0.00","0.00","0.00","0.00","0.00","0.00","0.00","0.00","0.00","0.00","0.00","0.00","0.00","0.00","0.00","0.00","0.00","0.00","0.00","0.00","0.00","0.00","0.00","0.00","0.00","0.00","0.00","0.00","0.00","0.00","0.00","0.00","0.00","0.00","0.00","0.00","0.00","0.00","0.00","0.00","0.00","0.00","0.00","F",,"1","2023-05-08","2023-05-08","15:48:09","15:48:09","ADMIN","ADMIN"
"540","620.020","02",,"SPR TRADA","BEBAN IT",,"BEBAN IT","620.020/SPR TRADA/BEBAN IT/TR","TR","600","600","620.020",,"01","Aktifitas Operasi   ","Laba Rugi","Debet","F","F","T",,"0.00","0.00","0.00","0.00","0.00","0.00","0.00","0.00","0.00","0.00","0.00","0.00","0.00","0.00","0.00","0.00","0.00","0.00","0.00","0.00","0.00","0.00","0.00","0.00","0.00","0.00","0.00","0.00","0.00","0.00","0.00","0.00","0.00","0.00","0.00","0.00","0.00","0.00","0.00","0.00","0.00","0.00","0.00","0.00","0.00","0.00","0.00","0.00","0.00","0.00","0.00","0.00","0.00","0.00","0.00","0.00","0.00","0.00","0.00","0.00","0.00","0.00","0.00","0.00","0.00","0.00","F",,"1","2023-05-08","2023-05-08","15:57:17","15:57:17","ADMIN","ADMIN"
"541","620.021","03",,"SPR TRADA","COMPUTER SUPPPLIES",,"COMP SUPP","620.021/SPR TRADA/COMP SUPP/TR","TR","600","600","620.020",,"01","Aktifitas Operasi   ","Laba Rugi","Debet","F","F","T",,"0.00","0.00","0.00","0.00","0.00","0.00","0.00","0.00","0.00","0.00","0.00","0.00","0.00","0.00","0.00","0.00","0.00","0.00","0.00","0.00","0.00","0.00","0.00","0.00","0.00","0.00","0.00","0.00","0.00","0.00","0.00","0.00","0.00","0.00","0.00","0.00","0.00","0.00","0.00","0.00","0.00","0.00","0.00","0.00","0.00","0.00","0.00","0.00","0.00","0.00","0.00","0.00","0.00","0.00","0.00","0.00","0.00","0.00","0.00","0.00","0.00","0.00","0.00","0.00","0.00","0.00","F",,"1","2023-05-08","2023-05-08","15:58:59","15:58:59","ADMIN","ADMIN"
"542","620.022","03",,"SPR TRADA","SEWA IT",,"SEWA IT","620.022/SPR TRADA/SEWA IT/TR","TR","600","600","620.020",,"01","Aktifitas Operasi   ","Laba Rugi","Debet","F","F","T",,"0.00","0.00","0.00","0.00","0.00","0.00","0.00","0.00","0.00","0.00","0.00","0.00","0.00","0.00","0.00","0.00","0.00","0.00","0.00","0.00","0.00","0.00","0.00","0.00","0.00","0.00","0.00","0.00","0.00","0.00","0.00","0.00","0.00","0.00","0.00","0.00","0.00","0.00","0.00","0.00","0.00","0.00","0.00","0.00","0.00","0.00","0.00","0.00","0.00","0.00","0.00","0.00","0.00","0.00","0.00","0.00","0.00","0.00","0.00","0.00","0.00","0.00","0.00","0.00","0.00","0.00","F",,"1","2023-05-08","2023-05-08","15:59:57","15:59:57","ADMIN","ADMIN"
"543","620.030","02",,"SPR TRADA","BEBAN KANTOR/ATK",,"BEBAN KANTOR/ATK","620.030/SPR TRADA/BEBAN KANTOR/ATK/TR","TR","600","600","620.030",,"01","Aktifitas Operasi","Laba Rugi","Debet","F","F","T",,"0.00","0.00","0.00","0.00","0.00","0.00","0.00","0.00","0.00","0.00","0.00","0.00","0.00","0.00","0.00","0.00","0.00","0.00","0.00","0.00","0.00","0.00","0.00","0.00","0.00","0.00","0.00","0.00","0.00","0.00","0.00","0.00","0.00","0.00","0.00","0.00","0.00","0.00","0.00","0.00","0.00","0.00","0.00","0.00","0.00","0.00","0.00","0.00","0.00","0.00","0.00","0.00","0.00","0.00","0.00","0.00","0.00","0.00","0.00","0.00","0.00","0.00","0.00","0.00","0.00","0.00","F",,"1","2023-05-09","2023-05-09","12:04:35","12:04:35","ADMIN","ADMIN"
"544","620.031","03",,"SPR TRADA","ALAT TULIS KANTOR",,"ATK","620.031/SPR TRADA/ATK/TR","TR","600","600","620.030",,"01","Aktifitas Operasi","Laba Rugi","Debet","F","F","T",,"0.00","0.00","0.00","0.00","0.00","0.00","0.00","0.00","0.00","0.00","0.00","0.00","0.00","0.00","0.00","0.00","0.00","0.00","0.00","0.00","0.00","0.00","0.00","0.00","0.00","0.00","0.00","0.00","0.00","0.00","0.00","0.00","0.00","0.00","0.00","0.00","0.00","0.00","0.00","0.00","0.00","0.00","0.00","0.00","0.00","0.00","0.00","0.00","0.00","0.00","0.00","0.00","0.00","0.00","0.00","0.00","0.00","0.00","0.00","0.00","0.00","0.00","0.00","0.00","0.00","0.00","F",,"1","2023-05-09","2023-05-09","12:10:59","12:10:59","ADMIN","ADMIN"
"545","620.032","03",,"SPR TRADA","BALIHO",,"BALIHO","620.032/SPR TRADA/BALIHO/TR","TR","600","600","620.030",,"01","Aktifitas Operasi","Laba Rugi","Debet","F","F","T",,"0.00","0.00","0.00","0.00","0.00","0.00","0.00","0.00","0.00","0.00","0.00","0.00","0.00","0.00","0.00","0.00","0.00","0.00","0.00","0.00","0.00","0.00","0.00","0.00","0.00","0.00","0.00","0.00","0.00","0.00","0.00","0.00","0.00","0.00","0.00","0.00","0.00","0.00","0.00","0.00","0.00","0.00","0.00","0.00","0.00","0.00","0.00","0.00","0.00","0.00","0.00","0.00","0.00","0.00","0.00","0.00","0.00","0.00","0.00","0.00","0.00","0.00","0.00","0.00","0.00","0.00","F",,"1","2023-05-09","2023-05-09","12:12:26","12:12:26","ADMIN","ADMIN"
"546","620.032","02",,"SPR TRADA","BARANG CETAKAN",,"CETAKAN","620.032/SPR TRADA/CETAKAN/TR","TR","600","600","620.032",,"01","Aktifitas Operasi","Laba Rugi","Debet","F","F","T",,"0.00","0.00","0.00","0.00","0.00","0.00","0.00","0.00","0.00","0.00","0.00","0.00","0.00","0.00","0.00","0.00","0.00","0.00","0.00","0.00","0.00","0.00","0.00","0.00","0.00","0.00","0.00","0.00","0.00","0.00","0.00","0.00","0.00","0.00","0.00","0.00","0.00","0.00","0.00","0.00","0.00","0.00","0.00","0.00","0.00","0.00","0.00","0.00","0.00","0.00","0.00","0.00","0.00","0.00","0.00","0.00","0.00","0.00","0.00","0.00","0.00","0.00","0.00","0.00","0.00","0.00","F",,"1","2023-05-09","2023-05-09","12:16:08","12:16:08","ADMIN","ADMIN"
"547","620.032","03",,"SPR TRADA","CETAKAN LAINNYA",,"CETAKAN LAINNYA","620.032/SPR TRADA/CETAKAN LAINNYA/TR","TR","600","600","620.032",,"01","Aktifitas Operasi","Laba Rugi","Debet","F","F","T",,"0.00","0.00","0.00","0.00","0.00","0.00","0.00","0.00","0.00","0.00","0.00","0.00","0.00","0.00","0.00","0.00","0.00","0.00","0.00","0.00","0.00","0.00","0.00","0.00","0.00","0.00","0.00","0.00","0.00","0.00","0.00","0.00","0.00","0.00","0.00","0.00","0.00","0.00","0.00","0.00","0.00","0.00","0.00","0.00","0.00","0.00","0.00","0.00","0.00","0.00","0.00","0.00","0.00","0.00","0.00","0.00","0.00","0.00","0.00","0.00","0.00","0.00","0.00","0.00","0.00","0.00","F",,"1","2023-05-09","2023-05-09","12:18:43","12:18:43","ADMIN","ADMIN"
"548","620.032","03",,"SPR TRADA","PLAKAT",,"PLAKAT","620.032/SPR TRADA/PLAKAT/TR","TR","600","600","620.032",,"01","Aktifitas Operasi","Laba Rugi","Debet","F","F","T",,"0.00","0.00","0.00","0.00","0.00","0.00","0.00","0.00","0.00","0.00","0.00","0.00","0.00","0.00","0.00","0.00","0.00","0.00","0.00","0.00","0.00","0.00","0.00","0.00","0.00","0.00","0.00","0.00","0.00","0.00","0.00","0.00","0.00","0.00","0.00","0.00","0.00","0.00","0.00","0.00","0.00","0.00","0.00","0.00","0.00","0.00","0.00","0.00","0.00","0.00","0.00","0.00","0.00","0.00","0.00","0.00","0.00","0.00","0.00","0.00","0.00","0.00","0.00","0.00","0.00","0.00","F",,"1","2023-05-09","2023-05-09","12:35:08","12:35:08","ADMIN","ADMIN"
"549","620.033","03",,"SPR TRADA","BEBAN FOTOCOPY",,"FOTOCOPY","620.033/SPR TRADA/FOTOCOPY/TR","TR","600","600","620.032",,"01","Aktifitas Operasi","Laba Rugi","Debet","F","F","T",,"0.00","0.00","0.00","0.00","0.00","0.00","0.00","0.00","0.00","0.00","0.00","0.00","0.00","0.00","0.00","0.00","0.00","0.00","0.00","0.00","0.00","0.00","0.00","0.00","0.00","0.00","0.00","0.00","0.00","0.00","0.00","0.00","0.00","0.00","0.00","0.00","0.00","0.00","0.00","0.00","0.00","0.00","0.00","0.00","0.00","0.00","0.00","0.00","0.00","0.00","0.00","0.00","0.00","0.00","0.00","0.00","0.00","0.00","0.00","0.00","0.00","0.00","0.00","0.00","0.00","0.00","F",,"1","2023-05-09","2023-05-09","12:36:28","12:36:28","ADMIN","ADMIN"
"550","620.040","03",,"SPR TRADA","BEBAN LISTRIK",,"LISTRIK","620.040/SPR TRADA/LISTRIK/TR","TR","600","600","620.032",,"01","Aktifitas Operasi","Laba Rugi","Debet","F","F","T",,"0.00","0.00","0.00","0.00","0.00","0.00","0.00","0.00","0.00","0.00","0.00","0.00","0.00","0.00","0.00","0.00","0.00","0.00","0.00","0.00","0.00","0.00","0.00","0.00","0.00","0.00","0.00","0.00","0.00","0.00","0.00","0.00","0.00","0.00","0.00","0.00","0.00","0.00","0.00","0.00","0.00","0.00","0.00","0.00","0.00","0.00","0.00","0.00","0.00","0.00","0.00","0.00","0.00","0.00","0.00","0.00","0.00","0.00","0.00","0.00","0.00","0.00","0.00","0.00","0.00","0.00","F",,"1","2023-05-09","2023-05-09","12:39:30","12:39:30","ADMIN","ADMIN"
"551","620.050","03",,"SPR TRADA","BEBAN TELEPON/FAX/KOMUNIKASI",,"TELEPON","620.050/SPR TRADA/TELEPON/TR","TR","600","600","620.032",,"01","Aktifitas Operasi","Laba Rugi","Debet","F","F","T",,"0.00","0.00","0.00","0.00","0.00","0.00","0.00","0.00","0.00","0.00","0.00","0.00","0.00","0.00","0.00","0.00","0.00","0.00","0.00","0.00","0.00","0.00","0.00","0.00","0.00","0.00","0.00","0.00","0.00","0.00","0.00","0.00","0.00","0.00","0.00","0.00","0.00","0.00","0.00","0.00","0.00","0.00","0.00","0.00","0.00","0.00","0.00","0.00","0.00","0.00","0.00","0.00","0.00","0.00","0.00","0.00","0.00","0.00","0.00","0.00","0.00","0.00","0.00","0.00","0.00","0.00","F",,"1","2023-05-09","2023-05-09","12:41:28","12:41:28","ADMIN","ADMIN"
"552","620.060","02",,"SPR TRADA","BEBAN PERAWATAN BANGUNAN & INVENTARIS",,"PERAWATAN BGNAN & INV","620.060/SPR TRADA/PERAWATAN BGNAN & INV/TR","TR","600","600","620.060",,"01","Aktifitas Operasi","Laba Rugi","Debet","F","F","T",,"0.00","0.00","0.00","0.00","0.00","0.00","0.00","0.00","0.00","0.00","0.00","0.00","0.00","0.00","0.00","0.00","0.00","0.00","0.00","0.00","0.00","0.00","0.00","0.00","0.00","0.00","0.00","0.00","0.00","0.00","0.00","0.00","0.00","0.00","0.00","0.00","0.00","0.00","0.00","0.00","0.00","0.00","0.00","0.00","0.00","0.00","0.00","0.00","0.00","0.00","0.00","0.00","0.00","0.00","0.00","0.00","0.00","0.00","0.00","0.00","0.00","0.00","0.00","0.00","0.00","0.00","F",,"1","2023-05-09","2023-05-09","12:47:29","12:47:29","ADMIN","ADMIN"
"553","620.061","03",,"SPR TRADA","BEBAN PEMELIHARAAN BANGUNAN",,"PEM BANGUNAN","620.061/SPR TRADA/PEM BANGUNAN/TR","TR","600","600","620.060",,"01","Aktifitas Operasi","Laba Rugi","Debet","F","F","T",,"0.00","0.00","0.00","0.00","0.00","0.00","0.00","0.00","0.00","0.00","0.00","0.00","0.00","0.00","0.00","0.00","0.00","0.00","0.00","0.00","0.00","0.00","0.00","0.00","0.00","0.00","0.00","0.00","0.00","0.00","0.00","0.00","0.00","0.00","0.00","0.00","0.00","0.00","0.00","0.00","0.00","0.00","0.00","0.00","0.00","0.00","0.00","0.00","0.00","0.00","0.00","0.00","0.00","0.00","0.00","0.00","0.00","0.00","0.00","0.00","0.00","0.00","0.00","0.00","0.00","0.00","F",,"1","2023-05-09","2023-05-09","12:51:02","12:51:02","ADMIN","ADMIN"
"554","620.062","03",,"SPR TRADA","BEBAN PEMELIHARAAN INVENTARIS",,"PEM INVENTARIS","620.062/SPR TRADA/PEM INVENTARIS/TR","TR","600","600","620.060",,"01","Aktifitas Operasi","Laba Rugi","Debet","F","F","T",,"0.00","0.00","0.00","0.00","0.00","0.00","0.00","0.00","0.00","0.00","0.00","0.00","0.00","0.00","0.00","0.00","0.00","0.00","0.00","0.00","0.00","0.00","0.00","0.00","0.00","0.00","0.00","0.00","0.00","0.00","0.00","0.00","0.00","0.00","0.00","0.00","0.00","0.00","0.00","0.00","0.00","0.00","0.00","0.00","0.00","0.00","0.00","0.00","0.00","0.00","0.00","0.00","0.00","0.00","0.00","0.00","0.00","0.00","0.00","0.00","0.00","0.00","0.00","0.00","0.00","0.00","F",,"1","2023-05-09","2023-05-09","12:54:47","12:54:47","ADMIN","ADMIN"
"555","620.070","03",,"SPR TRADA","BEBAN PERJALANAN DINAS",,"PERJALANAN DINAS","620.070/SPR TRADA/PERJALANAN DINAS/TR","TR","600","600","620.060",,"01","Aktifitas Operasi","Laba Rugi","Debet","F","F","T",,"0.00","0.00","0.00","0.00","0.00","0.00","0.00","0.00","0.00","0.00","0.00","0.00","0.00","0.00","0.00","0.00","0.00","0.00","0.00","0.00","0.00","0.00","0.00","0.00","0.00","0.00","0.00","0.00","0.00","0.00","0.00","0.00","0.00","0.00","0.00","0.00","0.00","0.00","0.00","0.00","0.00","0.00","0.00","0.00","0.00","0.00","0.00","0.00","0.00","0.00","0.00","0.00","0.00","0.00","0.00","0.00","0.00","0.00","0.00","0.00","0.00","0.00","0.00","0.00","0.00","0.00","F",,"1","2023-05-09","2023-05-09","12:56:53","12:56:53","ADMIN","ADMIN"
"556","620.080","02",,"SPR TRADA","BEBAN PENGEMBANGAN USAHA",,"PENGEMBANGAN USAHA","620.080/SPR TRADA/PENGEMBANGAN USAHA/TR","TR","600","600","620.080",,"01","Aktifitas Operasi","Laba Rugi","Debet","F","F","T",,"0.00","0.00","0.00","0.00","0.00","0.00","0.00","0.00","0.00","0.00","0.00","0.00","0.00","0.00","0.00","0.00","0.00","0.00","0.00","0.00","0.00","0.00","0.00","0.00","0.00","0.00","0.00","0.00","0.00","0.00","0.00","0.00","0.00","0.00","0.00","0.00","0.00","0.00","0.00","0.00","0.00","0.00","0.00","0.00","0.00","0.00","0.00","0.00","0.00","0.00","0.00","0.00","0.00","0.00","0.00","0.00","0.00","0.00","0.00","0.00","0.00","0.00","0.00","0.00","0.00","0.00","F",,"1","2023-05-09","2023-05-09","13:02:18","13:02:18","ADMIN","ADMIN"
"557","620.081","03",,"SPR TRADA","BEBAN PERIZINAN",,"IZIN","620.081/SPR TRADA/IZIN/TR","TR","600","600","620.080",,"01","Aktifitas Operasi","Laba Rugi","Debet","F","F","T",,"0.00","0.00","0.00","0.00","0.00","0.00","0.00","0.00","0.00","0.00","0.00","0.00","0.00","0.00","0.00","0.00","0.00","0.00","0.00","0.00","0.00","0.00","0.00","0.00","0.00","0.00","0.00","0.00","0.00","0.00","0.00","0.00","0.00","0.00","0.00","0.00","0.00","0.00","0.00","0.00","0.00","0.00","0.00","0.00","0.00","0.00","0.00","0.00","0.00","0.00","0.00","0.00","0.00","0.00","0.00","0.00","0.00","0.00","0.00","0.00","0.00","0.00","0.00","0.00","0.00","0.00","F",,"1","2023-05-09","2023-05-09","14:40:22","14:40:22","ADMIN","ADMIN"
"558","620.082","03",,"SPR TRADA","BEBAN KONSULTAN",,"KONSULTAN","620.082/SPR TRADA/KONSULTAN/TR","TR","600","600","620.080",,"01","Aktifitas Operasi","Laba Rugi","Debet","F","F","T",,"0.00","0.00","0.00","0.00","0.00","0.00","0.00","0.00","0.00","0.00","0.00","0.00","0.00","0.00","0.00","0.00","0.00","0.00","0.00","0.00","0.00","0.00","0.00","0.00","0.00","0.00","0.00","0.00","0.00","0.00","0.00","0.00","0.00","0.00","0.00","0.00","0.00","0.00","0.00","0.00","0.00","0.00","0.00","0.00","0.00","0.00","0.00","0.00","0.00","0.00","0.00","0.00","0.00","0.00","0.00","0.00","0.00","0.00","0.00","0.00","0.00","0.00","0.00","0.00","0.00","0.00","F",,"1","2023-05-09","2023-05-09","14:41:59","14:41:59","ADMIN","ADMIN"
"559","620.083","03",,"SPR TRADA","BEBAN PENGEMBANGAN USAHA",,"PENGEMBANGAN USAHA","620.083/SPR TRADA/PENGEMBANGAN USAHA/TR","TR","600","600","620.080",,"01","Aktifitas Operasi","Laba Rugi","Debet","F","F","T",,"0.00","0.00","0.00","0.00","0.00","0.00","0.00","0.00","0.00","0.00","0.00","0.00","0.00","0.00","0.00","0.00","0.00","0.00","0.00","0.00","0.00","0.00","0.00","0.00","0.00","0.00","0.00","0.00","0.00","0.00","0.00","0.00","0.00","0.00","0.00","0.00","0.00","0.00","0.00","0.00","0.00","0.00","0.00","0.00","0.00","0.00","0.00","0.00","0.00","0.00","0.00","0.00","0.00","0.00","0.00","0.00","0.00","0.00","0.00","0.00","0.00","0.00","0.00","0.00","0.00","0.00","F",,"1","2023-05-09","2023-05-09","14:45:08","14:45:08","ADMIN","ADMIN"
"560","620.090","03",,"SPR TRADA","BEBAN ASURANSI",,"ASURANSI","620.090/SPR TRADA/ASURANSI/TR","TR","600","600","620.080",,"01","Aktifitas Operasi","Laba Rugi","Debet","F","F","T",,"0.00","0.00","0.00","0.00","0.00","0.00","0.00","0.00","0.00","0.00","0.00","0.00","0.00","0.00","0.00","0.00","0.00","0.00","0.00","0.00","0.00","0.00","0.00","0.00","0.00","0.00","0.00","0.00","0.00","0.00","0.00","0.00","0.00","0.00","0.00","0.00","0.00","0.00","0.00","0.00","0.00","0.00","0.00","0.00","0.00","0.00","0.00","0.00","0.00","0.00","0.00","0.00","0.00","0.00","0.00","0.00","0.00","0.00","0.00","0.00","0.00","0.00","0.00","0.00","0.00","0.00","F",,"1","2023-05-09","2023-05-09","14:48:46","14:48:46","ADMIN","ADMIN"
"561","620.100","02",,"SPR TRADA","BEBAN KONSUMSI & UMUM",,"KONSUMSI","620.100/SPR TRADA/KONSUMSI/TR","TR","600","600","620.100",,"01","Aktifitas Operasi","Laba Rugi","Debet","F","F","T",,"0.00","0.00","0.00","0.00","0.00","0.00","0.00","0.00","0.00","0.00","0.00","0.00","0.00","0.00","0.00","0.00","0.00","0.00","0.00","0.00","0.00","0.00","0.00","0.00","0.00","0.00","0.00","0.00","0.00","0.00","0.00","0.00","0.00","0.00","0.00","0.00","0.00","0.00","0.00","0.00","0.00","0.00","0.00","0.00","0.00","0.00","0.00","0.00","0.00","0.00","0.00","0.00","0.00","0.00","0.00","0.00","0.00","0.00","0.00","0.00","0.00","0.00","0.00","0.00","0.00","0.00","F",,"1","2023-05-09","2023-05-09","14:52:38","14:52:38","ADMIN","ADMIN"
"562","620.101","03",,"SPR TRADA","BEBAN KONSUMSI",,"KONSUMSI","620.101/SPR TRADA/KONSUMSI/TR","TR","600","600","620.100",,"01","Aktifitas Operasi","Laba Rugi","Debet","F","F","T",,"0.00","0.00","0.00","0.00","0.00","0.00","0.00","0.00","0.00","0.00","0.00","0.00","0.00","0.00","0.00","0.00","0.00","0.00","0.00","0.00","0.00","0.00","0.00","0.00","0.00","0.00","0.00","0.00","0.00","0.00","0.00","0.00","0.00","0.00","0.00","0.00","0.00","0.00","0.00","0.00","0.00","0.00","0.00","0.00","0.00","0.00","0.00","0.00","0.00","0.00","0.00","0.00","0.00","0.00","0.00","0.00","0.00","0.00","0.00","0.00","0.00","0.00","0.00","0.00","0.00","0.00","F",,"1","2023-05-09","2023-05-09","15:14:48","15:14:48","ADMIN","ADMIN"
"563","620.102","03",,"SPR TRADA","BEBAN PENDIDIKAN & LATIHAN",,"PENDIDIKAN & LATIHAN","620.102/SPR TRADA/PENDIDIKAN & LATIHAN/TR","TR","600","600","620.100",,"01","Aktifitas Operasi","Laba Rugi","Debet","F","F","T",,"0.00","0.00","0.00","0.00","0.00","0.00","0.00","0.00","0.00","0.00","0.00","0.00","0.00","0.00","0.00","0.00","0.00","0.00","0.00","0.00","0.00","0.00","0.00","0.00","0.00","0.00","0.00","0.00","0.00","0.00","0.00","0.00","0.00","0.00","0.00","0.00","0.00","0.00","0.00","0.00","0.00","0.00","0.00","0.00","0.00","0.00","0.00","0.00","0.00","0.00","0.00","0.00","0.00","0.00","0.00","0.00","0.00","0.00","0.00","0.00","0.00","0.00","0.00","0.00","0.00","0.00","F",,"1","2023-05-09","2023-05-09","15:40:11","15:40:11","ADMIN","ADMIN"
"566","620.103","02",,"SPR TRADA","BEBAN POS & CURRIER",,"POS","620.103/SPR TRADA/POS/TR","TR","600","600","620.103",,"01","Aktifitas Operasi   ","Laba Rugi","Debet","F","F","T",,"0.00","0.00","0.00","0.00","0.00","0.00","0.00","0.00","0.00","0.00","0.00","0.00","0.00","0.00","0.00","0.00","0.00","0.00","0.00","0.00","0.00","0.00","0.00","0.00","0.00","0.00","0.00","0.00","0.00","0.00","0.00","0.00","0.00","0.00","0.00","0.00","0.00","0.00","0.00","0.00","0.00","0.00","0.00","0.00","0.00","0.00","0.00","0.00","0.00","0.00","0.00","0.00","0.00","0.00","0.00","0.00","0.00","0.00","0.00","0.00","0.00","0.00","0.00","0.00","0.00","0.00","F",,"1","2023-05-09","2023-05-09","16:28:23","16:28:23","ADMIN","ADMIN"
"567","620.103","03",,"SPR TRADA","BEBAN MATERAI",,"METERAI","620.103/SPR TRADA/METERAI/TR","TR","600","600","620.103",,"01","Aktifitas Operasi   ","Laba Rugi","Debet","F","F","T",,"0.00","0.00","0.00","0.00","0.00","0.00","0.00","0.00","0.00","0.00","0.00","0.00","0.00","0.00","0.00","0.00","0.00","0.00","0.00","0.00","0.00","0.00","0.00","0.00","0.00","0.00","0.00","0.00","0.00","0.00","0.00","0.00","0.00","0.00","0.00","0.00","0.00","0.00","0.00","0.00","0.00","0.00","0.00","0.00","0.00","0.00","0.00","0.00","0.00","0.00","0.00","0.00","0.00","0.00","0.00","0.00","0.00","0.00","0.00","0.00","0.00","0.00","0.00","0.00","0.00","0.00","F",,"1","2023-05-09","2023-05-09","17:03:52","17:03:52","ADMIN","ADMIN"
"568","620.103","03",,"SPR TRADA","BEBAN PENGIRIMAN DOKUMEN",,"PENGIRIMAN DOKUMEN","620.103/SPR TRADA/PENGIRIMAN DOKUMEN/TR","TR","600","600","620.103",,"01","Aktifitas Operasi   ","Laba Rugi","Debet","F","F","T",,"0.00","0.00","0.00","0.00","0.00","0.00","0.00","0.00","0.00","0.00","0.00","0.00","0.00","0.00","0.00","0.00","0.00","0.00","0.00","0.00","0.00","0.00","0.00","0.00","0.00","0.00","0.00","0.00","0.00","0.00","0.00","0.00","0.00","0.00","0.00","0.00","0.00","0.00","0.00","0.00","0.00","0.00","0.00","0.00","0.00","0.00","0.00","0.00","0.00","0.00","0.00","0.00","0.00","0.00","0.00","0.00","0.00","0.00","0.00","0.00","0.00","0.00","0.00","0.00","0.00","0.00","F",,"1","2023-05-09","2023-05-09","17:05:08","17:05:08","ADMIN","ADMIN"
"569","620.104","03",,"SPR TRADA","BEBAN MAJALAH & KORAN",,"MAJALAH & KORAN","620.104/SPR TRADA/MAJALAH & KORAN/TR","TR","600","600","620.100",,"01","Aktifitas Operasi   ","Laba Rugi","Debet","F","F","T",,"0.00","0.00","0.00","0.00","0.00","0.00","0.00","0.00","0.00","0.00","0.00","0.00","0.00","0.00","0.00","0.00","0.00","0.00","0.00","0.00","0.00","0.00","0.00","0.00","0.00","0.00","0.00","0.00","0.00","0.00","0.00","0.00","0.00","0.00","0.00","0.00","0.00","0.00","0.00","0.00","0.00","0.00","0.00","0.00","0.00","0.00","0.00","0.00","0.00","0.00","0.00","0.00","0.00","0.00","0.00","0.00","0.00","0.00","0.00","0.00","0.00","0.00","0.00","0.00","0.00","0.00","F",,"1","2023-05-09","2023-05-09","17:06:10","17:06:10","ADMIN","ADMIN"
"570","620.105","03",,"SPR TRADA","BEBAN TRANSPORTASI",,"TRANSPORT","620.105/SPR TRADA/TRANSPORT/TR","TR","600","600","620.100",,"01","Aktifitas Operasi   ","Laba Rugi","Debet","F","F","T",,"0.00","0.00","0.00","0.00","0.00","0.00","0.00","0.00","0.00","0.00","0.00","0.00","0.00","0.00","0.00","0.00","0.00","0.00","0.00","0.00","0.00","0.00","0.00","0.00","0.00","0.00","0.00","0.00","0.00","0.00","0.00","0.00","0.00","0.00","0.00","0.00","0.00","0.00","0.00","0.00","0.00","0.00","0.00","0.00","0.00","0.00","0.00","0.00","0.00","0.00","0.00","0.00","0.00","0.00","0.00","0.00","0.00","0.00","0.00","0.00","0.00","0.00","0.00","0.00","0.00","0.00","F",,"1","2023-05-09","2023-05-09","17:07:13","17:07:13","ADMIN","ADMIN"
"571","620.106","03",,"SPR TRADA","BEBAN ENTERTAINMENT",,"ENTERTAINT","620.106/SPR TRADA/ENTERTAINT/TR","TR","600","600","620.100",,"01","Aktifitas Operasi   ","Laba Rugi","Debet","F","F","T",,"0.00","0.00","0.00","0.00","0.00","0.00","0.00","0.00","0.00","0.00","0.00","0.00","0.00","0.00","0.00","0.00","0.00","0.00","0.00","0.00","0.00","0.00","0.00","0.00","0.00","0.00","0.00","0.00","0.00","0.00","0.00","0.00","0.00","0.00","0.00","0.00","0.00","0.00","0.00","0.00","0.00","0.00","0.00","0.00","0.00","0.00","0.00","0.00","0.00","0.00","0.00","0.00","0.00","0.00","0.00","0.00","0.00","0.00","0.00","0.00","0.00","0.00","0.00","0.00","0.00","0.00","F",,"1","2023-05-09","2023-05-09","17:08:51","17:08:51","ADMIN","ADMIN"
"572","620.107","03",,"SPR TRADA","SUMBANGAN",,"SUMBANGAN","620.107/SPR TRADA/SUMBANGAN/TR","TR","600","600","620.100",,"01","Aktifitas Operasi   ","Laba Rugi","Debet","F","F","T",,"0.00","0.00","0.00","0.00","0.00","0.00","0.00","0.00","0.00","0.00","0.00","0.00","0.00","0.00","0.00","0.00","0.00","0.00","0.00","0.00","0.00","0.00","0.00","0.00","0.00","0.00","0.00","0.00","0.00","0.00","0.00","0.00","0.00","0.00","0.00","0.00","0.00","0.00","0.00","0.00","0.00","0.00","0.00","0.00","0.00","0.00","0.00","0.00","0.00","0.00","0.00","0.00","0.00","0.00","0.00","0.00","0.00","0.00","0.00","0.00","0.00","0.00","0.00","0.00","0.00","0.00","F",,"1","2023-05-09","2023-05-09","17:13:02","17:13:02","ADMIN","ADMIN"
"573","620.108","03",,"SPR TRADA","PARKIR & TOLL",,"PARKIR","620.108/SPR TRADA/PARKIR/TR","TR","600","600","620.100",,"01","Aktifitas Operasi   ","Laba Rugi","Debet","F","F","T",,"0.00","0.00","0.00","0.00","0.00","0.00","0.00","0.00","0.00","0.00","0.00","0.00","0.00","0.00","0.00","0.00","0.00","0.00","0.00","0.00","0.00","0.00","0.00","0.00","0.00","0.00","0.00","0.00","0.00","0.00","0.00","0.00","0.00","0.00","0.00","0.00","0.00","0.00","0.00","0.00","0.00","0.00","0.00","0.00","0.00","0.00","0.00","0.00","0.00","0.00","0.00","0.00","0.00","0.00","0.00","0.00","0.00","0.00","0.00","0.00","0.00","0.00","0.00","0.00","0.00","0.00","F",,"1","2023-05-09","2023-05-09","17:13:52","17:13:52","ADMIN","ADMIN"
"574","620.109","03",,"SPR TRADA","BEBAN RAPAT",,"RAPAT","620.109/SPR TRADA/RAPAT/TR","TR","600","600","620.100",,"01","Aktifitas Operasi   ","Laba Rugi","Debet","F","F","T",,"0.00","0.00","0.00","0.00","0.00","0.00","0.00","0.00","0.00","0.00","0.00","0.00","0.00","0.00","0.00","0.00","0.00","0.00","0.00","0.00","0.00","0.00","0.00","0.00","0.00","0.00","0.00","0.00","0.00","0.00","0.00","0.00","0.00","0.00","0.00","0.00","0.00","0.00","0.00","0.00","0.00","0.00","0.00","0.00","0.00","0.00","0.00","0.00","0.00","0.00","0.00","0.00","0.00","0.00","0.00","0.00","0.00","0.00","0.00","0.00","0.00","0.00","0.00","0.00","0.00","0.00","F",,"1","2023-05-09","2023-05-09","17:15:49","17:15:49","ADMIN","ADMIN"
"575","602.110","03",,"SPR TRADA","IKLAN & PROMOSI",,"IKLAN","602.110/SPR TRADA/IKLAN/TR","TR","600","600","620.100",,"01","Aktifitas Operasi   ","Laba Rugi","Debet","F","F","T",,"0.00","0.00","0.00","0.00","0.00","0.00","0.00","0.00","0.00","0.00","0.00","0.00","0.00","0.00","0.00","0.00","0.00","0.00","0.00","0.00","0.00","0.00","0.00","0.00","0.00","0.00","0.00","0.00","0.00","0.00","0.00","0.00","0.00","0.00","0.00","0.00","0.00","0.00","0.00","0.00","0.00","0.00","0.00","0.00","0.00","0.00","0.00","0.00","0.00","0.00","0.00","0.00","0.00","0.00","0.00","0.00","0.00","0.00","0.00","0.00","0.00","0.00","0.00","0.00","0.00","0.00","F",,"1","2023-05-09","2023-05-09","17:17:32","17:17:32","ADMIN","ADMIN"
"576","620.111","03",,"SPR TRADA","BUAH TANGAN",,"BUAH TANGAN","620.111/SPR TRADA/BUAH TANGAN/TR","TR","600","600","620.100",,"01","Aktifitas Operasi   ","Laba Rugi","Debet","F","F","T",,"0.00","0.00","0.00","0.00","0.00","0.00","0.00","0.00","0.00","0.00","0.00","0.00","0.00","0.00","0.00","0.00","0.00","0.00","0.00","0.00","0.00","0.00","0.00","0.00","0.00","0.00","0.00","0.00","0.00","0.00","0.00","0.00","0.00","0.00","0.00","0.00","0.00","0.00","0.00","0.00","0.00","0.00","0.00","0.00","0.00","0.00","0.00","0.00","0.00","0.00","0.00","0.00","0.00","0.00","0.00","0.00","0.00","0.00","0.00","0.00","0.00","0.00","0.00","0.00","0.00","0.00","F",,"1","2023-05-09","2023-05-09","17:18:30","17:18:30","ADMIN","ADMIN"
"577","620.111","03",,"SPR TRADA","HONOR MAGANG",,"HONOR MAGANG","620.111/SPR TRADA/HONOR MAGANG/TR","TR","600","600","620.100",,"01","Aktifitas Operasi   ","Laba Rugi","Debet","F","F","T",,"0.00","0.00","0.00","0.00","0.00","0.00","0.00","0.00","0.00","0.00","0.00","0.00","0.00","0.00","0.00","0.00","0.00","0.00","0.00","0.00","0.00","0.00","0.00","0.00","0.00","0.00","0.00","0.00","0.00","0.00","0.00","0.00","0.00","0.00","0.00","0.00","0.00","0.00","0.00","0.00","0.00","0.00","0.00","0.00","0.00","0.00","0.00","0.00","0.00","0.00","0.00","0.00","0.00","0.00","0.00","0.00","0.00","0.00","0.00","0.00","0.00","0.00","0.00","0.00","0.00","0.00","F",,"1","2023-05-09","2023-05-09","17:19:57","17:19:57","ADMIN","ADMIN"
"578","620.111","02",,"SPR TRADA","BIAYA UMUM LAINNYA",,"LAIN","620.111/SPR TRADA/LAIN/TR","TR","600","600","620.100",,"01","Aktifitas Operasi   ","Laba Rugi","Debet","F","F","T",,"0.00","0.00","0.00","0.00","0.00","0.00","0.00","0.00","0.00","0.00","0.00","0.00","0.00","0.00","0.00","0.00","0.00","0.00","0.00","0.00","0.00","0.00","0.00","0.00","0.00","0.00","0.00","0.00","0.00","0.00","0.00","0.00","0.00","0.00","0.00","0.00","0.00","0.00","0.00","0.00","0.00","0.00","0.00","0.00","0.00","0.00","0.00","0.00","0.00","0.00","0.00","0.00","0.00","0.00","0.00","0.00","0.00","0.00","0.00","0.00","0.00","0.00","0.00","0.00","0.00","0.00","F",,"1","2023-05-09","2023-05-09","17:22:15","17:22:15","ADMIN","ADMIN"
"579","620.111","03",,"SPR TRADA","PAPAN BUNGA",,"PAPAN BUNGA","620.111/SPR TRADA/PAPAN BUNGA/TR","TR","600","600","620.100",,"01","Aktifitas Operasi   ","Laba Rugi","Debet","F","F","T",,"0.00","0.00","0.00","0.00","0.00","0.00","0.00","0.00","0.00","0.00","0.00","0.00","0.00","0.00","0.00","0.00","0.00","0.00","0.00","0.00","0.00","0.00","0.00","0.00","0.00","0.00","0.00","0.00","0.00","0.00","0.00","0.00","0.00","0.00","0.00","0.00","0.00","0.00","0.00","0.00","0.00","0.00","0.00","0.00","0.00","0.00","0.00","0.00","0.00","0.00","0.00","0.00","0.00","0.00","0.00","0.00","0.00","0.00","0.00","0.00","0.00","0.00","0.00","0.00","0.00","0.00","F",,"1","2023-05-09","2023-05-09","17:24:54","17:24:54","ADMIN","ADMIN"
"580","620.111","03",,"SPR TRADA","BEBAN UMUM LAIN - LAIN",,"UMUM LAIN","620.111/SPR TRADA/UMUM LAIN/TR","TR","600","600","620.111",,"01","Aktifitas Operasi   ","Laba Rugi","Debet","F","F","T",,"0.00","0.00","0.00","0.00","0.00","0.00","0.00","0.00","0.00","0.00","0.00","0.00","0.00","0.00","0.00","0.00","0.00","0.00","0.00","0.00","0.00","0.00","0.00","0.00","0.00","0.00","0.00","0.00","0.00","0.00","0.00","0.00","0.00","0.00","0.00","0.00","0.00","0.00","0.00","0.00","0.00","0.00","0.00","0.00","0.00","0.00","0.00","0.00","0.00","0.00","0.00","0.00","0.00","0.00","0.00","0.00","0.00","0.00","0.00","0.00","0.00","0.00","0.00","0.00","0.00","0.00","F",,"1","2023-05-09","2023-05-09","17:26:24","17:26:24","ADMIN","ADMIN"
"581","620.112","03",,"SPR TRADA","BEBAN AIR",,"AIR","620.112/SPR TRADA/AIR/TR","TR","600","600","620.111",,"01","Aktifitas Operasi   ","Laba Rugi","Debet","F","F","T",,"0.00","0.00","0.00","0.00","0.00","0.00","0.00","0.00","0.00","0.00","0.00","0.00","0.00","0.00","0.00","0.00","0.00","0.00","0.00","0.00","0.00","0.00","0.00","0.00","0.00","0.00","0.00","0.00","0.00","0.00","0.00","0.00","0.00","0.00","0.00","0.00","0.00","0.00","0.00","0.00","0.00","0.00","0.00","0.00","0.00","0.00","0.00","0.00","0.00","0.00","0.00","0.00","0.00","0.00","0.00","0.00","0.00","0.00","0.00","0.00","0.00","0.00","0.00","0.00","0.00","0.00","F",,"1","2023-05-09","2023-05-09","17:29:17","17:29:17","ADMIN","ADMIN"
"582","620.113","03",,"SPR TRADA","GAS",,"GAS","620.113/SPR TRADA/GAS/TR","TR","600","600","620.111",,"01","Aktifitas Operasi   ","Laba Rugi","Debet","F","F","T",,"0.00","0.00","0.00","0.00","0.00","0.00","0.00","0.00","0.00","0.00","0.00","0.00","0.00","0.00","0.00","0.00","0.00","0.00","0.00","0.00","0.00","0.00","0.00","0.00","0.00","0.00","0.00","0.00","0.00","0.00","0.00","0.00","0.00","0.00","0.00","0.00","0.00","0.00","0.00","0.00","0.00","0.00","0.00","0.00","0.00","0.00","0.00","0.00","0.00","0.00","0.00","0.00","0.00","0.00","0.00","0.00","0.00","0.00","0.00","0.00","0.00","0.00","0.00","0.00","0.00","0.00","F",,"1","2023-05-09","2023-05-09","17:32:57","17:32:57","ADMIN","ADMIN"
"583","620.113","02",,"SPR TRADA","KEAMANAN DAN KEBERSIHAN",,"KEAMANAN & KEBERSIHAN","620.113/SPR TRADA/KEAMANAN & KEBERSIHAN/TR","TR","600","600","620.113",,"01","Aktifitas Operasi   ","Laba Rugi","Debet","F","F","T",,"0.00","0.00","0.00","0.00","0.00","0.00","0.00","0.00","0.00","0.00","0.00","0.00","0.00","0.00","0.00","0.00","0.00","0.00","0.00","0.00","0.00","0.00","0.00","0.00","0.00","0.00","0.00","0.00","0.00","0.00","0.00","0.00","0.00","0.00","0.00","0.00","0.00","0.00","0.00","0.00","0.00","0.00","0.00","0.00","0.00","0.00","0.00","0.00","0.00","0.00","0.00","0.00","0.00","0.00","0.00","0.00","0.00","0.00","0.00","0.00","0.00","0.00","0.00","0.00","0.00","0.00","F",,"1","2023-05-09","2023-05-09","17:39:03","17:39:03","ADMIN","ADMIN"
"584","620.113","03",,"SPR TRADA","PERLENGKAPAN KEBERSIHAN",,"PERLENGKAPAN KEBERSIHAN","620.113/SPR TRADA/PERLENGKAPAN KEBERSIHAN/TR","TR","600","600","620.113",,"01","Aktifitas Operasi   ","Laba Rugi","Debet","F","F","T",,"0.00","0.00","0.00","0.00","0.00","0.00","0.00","0.00","0.00","0.00","0.00","0.00","0.00","0.00","0.00","0.00","0.00","0.00","0.00","0.00","0.00","0.00","0.00","0.00","0.00","0.00","0.00","0.00","0.00","0.00","0.00","0.00","0.00","0.00","0.00","0.00","0.00","0.00","0.00","0.00","0.00","0.00","0.00","0.00","0.00","0.00","0.00","0.00","0.00","0.00","0.00","0.00","0.00","0.00","0.00","0.00","0.00","0.00","0.00","0.00","0.00","0.00","0.00","0.00","0.00","0.00","F",,"1","2023-05-09","2023-05-09","17:42:15","17:42:15","ADMIN","ADMIN"
"585","620.113","03",,"SPR TRADA","POTONG RUMPUT",,"POTONG RUMPUT","620.113/SPR TRADA/POTONG RUMPUT/TR","TR","600","600","620.113",,"01","Aktifitas Operasi   ","Laba Rugi","Debet","F","F","T",,"0.00","0.00","0.00","0.00","0.00","0.00","0.00","0.00","0.00","0.00","0.00","0.00","0.00","0.00","0.00","0.00","0.00","0.00","0.00","0.00","0.00","0.00","0.00","0.00","0.00","0.00","0.00","0.00","0.00","0.00","0.00","0.00","0.00","0.00","0.00","0.00","0.00","0.00","0.00","0.00","0.00","0.00","0.00","0.00","0.00","0.00","0.00","0.00","0.00","0.00","0.00","0.00","0.00","0.00","0.00","0.00","0.00","0.00","0.00","0.00","0.00","0.00","0.00","0.00","0.00","0.00","F",,"1","2023-05-09","2023-05-09","17:45:13","17:45:13","ADMIN","ADMIN"
"586","620.113","03",,"SPR TRADA","PENGOBATAN",,"PENGOBATAN","620.113/SPR TRADA/PENGOBATAN/TR","TR","600","600","620.113",,"01","Aktifitas Operasi   ","Laba Rugi","Debet","F","F","T",,"0.00","0.00","0.00","0.00","0.00","0.00","0.00","0.00","0.00","0.00","0.00","0.00","0.00","0.00","0.00","0.00","0.00","0.00","0.00","0.00","0.00","0.00","0.00","0.00","0.00","0.00","0.00","0.00","0.00","0.00","0.00","0.00","0.00","0.00","0.00","0.00","0.00","0.00","0.00","0.00","0.00","0.00","0.00","0.00","0.00","0.00","0.00","0.00","0.00","0.00","0.00","0.00","0.00","0.00","0.00","0.00","0.00","0.00","0.00","0.00","0.00","0.00","0.00","0.00","0.00","0.00","F",,"1","2023-05-09","2023-05-09","17:50:11","17:50:11","ADMIN","ADMIN"
"587","620.130","03",,"SPR TRADA","BEBAN UKK",,"UKK","620.130/SPR TRADA/UKK/TR","TR","600","600","620.113",,"01","Aktifitas Operasi   ","Laba Rugi","Debet","F","F","T",,"0.00","0.00","0.00","0.00","0.00","0.00","0.00","0.00","0.00","0.00","0.00","0.00","0.00","0.00","0.00","0.00","0.00","0.00","0.00","0.00","0.00","0.00","0.00","0.00","0.00","0.00","0.00","0.00","0.00","0.00","0.00","0.00","0.00","0.00","0.00","0.00","0.00","0.00","0.00","0.00","0.00","0.00","0.00","0.00","0.00","0.00","0.00","0.00","0.00","0.00","0.00","0.00","0.00","0.00","0.00","0.00","0.00","0.00","0.00","0.00","0.00","0.00","0.00","0.00","0.00","0.00","F",,"1","2023-05-09","2023-05-09","17:51:17","17:51:17","ADMIN","ADMIN"
"588","620.140","03",,"SPR TRADA","BEBAN HES",,"HES","620.140/SPR TRADA/HES/TR","TR","600","600","620.113",,"01","Aktifitas Operasi   ","Laba Rugi","Debet","F","F","T",,"0.00","0.00","0.00","0.00","0.00","0.00","0.00","0.00","0.00","0.00","0.00","0.00","0.00","0.00","0.00","0.00","0.00","0.00","0.00","0.00","0.00","0.00","0.00","0.00","0.00","0.00","0.00","0.00","0.00","0.00","0.00","0.00","0.00","0.00","0.00","0.00","0.00","0.00","0.00","0.00","0.00","0.00","0.00","0.00","0.00","0.00","0.00","0.00","0.00","0.00","0.00","0.00","0.00","0.00","0.00","0.00","0.00","0.00","0.00","0.00","0.00","0.00","0.00","0.00","0.00","0.00","F",,"1","2023-05-09","2023-05-09","17:53:31","17:53:31","ADMIN","ADMIN"
"589","620.150","03",,"SPR TRADA","BEBAN CSR",,"CSR","620.150/SPR TRADA/CSR/TR","TR","600","600","620.113",,"01","Aktifitas Operasi   ","Laba Rugi","Debet","F","F","T",,"0.00","0.00","0.00","0.00","0.00","0.00","0.00","0.00","0.00","0.00","0.00","0.00","0.00","0.00","0.00","0.00","0.00","0.00","0.00","0.00","0.00","0.00","0.00","0.00","0.00","0.00","0.00","0.00","0.00","0.00","0.00","0.00","0.00","0.00","0.00","0.00","0.00","0.00","0.00","0.00","0.00","0.00","0.00","0.00","0.00","0.00","0.00","0.00","0.00","0.00","0.00","0.00","0.00","0.00","0.00","0.00","0.00","0.00","0.00","0.00","0.00","0.00","0.00","0.00","0.00","0.00","F",,"1","2023-05-09","2023-05-09","17:55:18","17:55:18","ADMIN","ADMIN"
"590","620.160","03",,"SPR TRADA","BEBAN PPID",,"PPID","620.160/SPR TRADA/PPID/TR","TR","600","600","620.113",,"01","Aktifitas Operasi   ","Laba Rugi","Debet","F","F","T",,"0.00","0.00","0.00","0.00","0.00","0.00","0.00","0.00","0.00","0.00","0.00","0.00","0.00","0.00","0.00","0.00","0.00","0.00","0.00","0.00","0.00","0.00","0.00","0.00","0.00","0.00","0.00","0.00","0.00","0.00","0.00","0.00","0.00","0.00","0.00","0.00","0.00","0.00","0.00","0.00","0.00","0.00","0.00","0.00","0.00","0.00","0.00","0.00","0.00","0.00","0.00","0.00","0.00","0.00","0.00","0.00","0.00","0.00","0.00","0.00","0.00","0.00","0.00","0.00","0.00","0.00","F",,"1","2023-05-09","2023-05-09","17:57:12","17:57:12","ADMIN","ADMIN"
"591","620.170","03",,"SPR TRADA","BEBAN IMBALAN KERJA",,"BEBAN IMBALAN KERJA","620.170/SPR TRADA/BEBAN IMBALAN KERJA/TR","TR","600","600","620.113",,"01","Aktifitas Operasi   ","Laba Rugi","Debet","F","F","T",,"0.00","0.00","0.00","0.00","0.00","0.00","0.00","0.00","0.00","0.00","0.00","0.00","0.00","0.00","0.00","0.00","0.00","0.00","0.00","0.00","0.00","0.00","0.00","0.00","0.00","0.00","0.00","0.00","0.00","0.00","0.00","0.00","0.00","0.00","0.00","0.00","0.00","0.00","0.00","0.00","0.00","0.00","0.00","0.00","0.00","0.00","0.00","0.00","0.00","0.00","0.00","0.00","0.00","0.00","0.00","0.00","0.00","0.00","0.00","0.00","0.00","0.00","0.00","0.00","0.00","0.00","F",,"1","2023-05-09","2023-05-09","17:58:37","17:58:37","ADMIN","ADMIN"
"592","620.180","02",,"SPR TRADA","BBM & PEMELIHARAAN KENDARAAN",,"BBM & PEMLHRAAN KENDARAAN","620.180/SPR TRADA/BBM & PEMLHRAAN KENDARAAN/TR","TR","600","600","620.180",,"01","Aktifitas Operasi   ","Laba Rugi","Debet","F","F","T",,"0.00","0.00","0.00","0.00","0.00","0.00","0.00","0.00","0.00","0.00","0.00","0.00","0.00","0.00","0.00","0.00","0.00","0.00","0.00","0.00","0.00","0.00","0.00","0.00","0.00","0.00","0.00","0.00","0.00","0.00","0.00","0.00","0.00","0.00","0.00","0.00","0.00","0.00","0.00","0.00","0.00","0.00","0.00","0.00","0.00","0.00","0.00","0.00","0.00","0.00","0.00","0.00","0.00","0.00","0.00","0.00","0.00","0.00","0.00","0.00","0.00","0.00","0.00","0.00","0.00","0.00","F",,"1","2023-05-09","2023-05-09","18:01:24","18:01:24","ADMIN","ADMIN"
"593","620.181","03",,"SPR TRADA","BEBAN BBM",,"BBM","620.181/SPR TRADA/BBM/TR","TR","600","600","620.180",,"01","Aktifitas Operasi   ","Laba Rugi","Debet","F","F","T",,"0.00","0.00","0.00","0.00","0.00","0.00","0.00","0.00","0.00","0.00","0.00","0.00","0.00","0.00","0.00","0.00","0.00","0.00","0.00","0.00","0.00","0.00","0.00","0.00","0.00","0.00","0.00","0.00","0.00","0.00","0.00","0.00","0.00","0.00","0.00","0.00","0.00","0.00","0.00","0.00","0.00","0.00","0.00","0.00","0.00","0.00","0.00","0.00","0.00","0.00","0.00","0.00","0.00","0.00","0.00","0.00","0.00","0.00","0.00","0.00","0.00","0.00","0.00","0.00","0.00","0.00","F",,"1","2023-05-09","2023-05-09","18:02:30","18:02:30","ADMIN","ADMIN"
"594","620.182","03",,"SPR TRADA","PEMELIHARAAN KENDARAAN",,"PEMELIHARAAN KENDARAAN","620.182/SPR TRADA/PEMELIHARAAN KENDARAAN/TR","TR","600","600","620.180",,"01","Aktifitas Operasi   ","Laba Rugi","Debet","F","F","T",,"0.00","0.00","0.00","0.00","0.00","0.00","0.00","0.00","0.00","0.00","0.00","0.00","0.00","0.00","0.00","0.00","0.00","0.00","0.00","0.00","0.00","0.00","0.00","0.00","0.00","0.00","0.00","0.00","0.00","0.00","0.00","0.00","0.00","0.00","0.00","0.00","0.00","0.00","0.00","0.00","0.00","0.00","0.00","0.00","0.00","0.00","0.00","0.00","0.00","0.00","0.00","0.00","0.00","0.00","0.00","0.00","0.00","0.00","0.00","0.00","0.00","0.00","0.00","0.00","0.00","0.00","F",,"1","2023-05-09","2023-05-09","18:05:16","18:05:16","ADMIN","ADMIN"
"595","620.190","02",,"SPR TRADA","BEBAN PAJAK",,"BEBAN PAJAK","620.190/SPR TRADA/BEBAN PAJAK/TR","TR","600","600","620.190",,"01","Aktifitas Operasi   ","Laba Rugi","Debet","F","F","T",,"0.00","0.00","0.00","0.00","0.00","0.00","0.00","0.00","0.00","0.00","0.00","0.00","0.00","0.00","0.00","0.00","0.00","0.00","0.00","0.00","0.00","0.00","0.00","0.00","0.00","0.00","0.00","0.00","0.00","0.00","0.00","0.00","0.00","0.00","0.00","0.00","0.00","0.00","0.00","0.00","0.00","0.00","0.00","0.00","0.00","0.00","0.00","0.00","0.00","0.00","0.00","0.00","0.00","0.00","0.00","0.00","0.00","0.00","0.00","0.00","0.00","0.00","0.00","0.00","0.00","0.00","F",,"1","2023-05-09","2023-05-09","18:06:48","18:06:48","ADMIN","ADMIN"
"596","620.191","03",,"SPR TRADA","PPH PASAL 21",,"PPH 21","620.191/SPR TRADA/PPH 21/TR","TR","600","600","620.190",,"01","Aktifitas Operasi   ","Laba Rugi","Debet","F","F","T",,"0.00","0.00","0.00","0.00","0.00","0.00","0.00","0.00","0.00","0.00","0.00","0.00","0.00","0.00","0.00","0.00","0.00","0.00","0.00","0.00","0.00","0.00","0.00","0.00","0.00","0.00","0.00","0.00","0.00","0.00","0.00","0.00","0.00","0.00","0.00","0.00","0.00","0.00","0.00","0.00","0.00","0.00","0.00","0.00","0.00","0.00","0.00","0.00","0.00","0.00","0.00","0.00","0.00","0.00","0.00","0.00","0.00","0.00","0.00","0.00","0.00","0.00","0.00","0.00","0.00","0.00","F",,"1","2023-05-09","2023-05-09","18:13:51","18:13:51","ADMIN","ADMIN"
"597","620.192","03",,"SPR TRADA","PPH PAJAK 23",,"PPH 23","620.192/SPR TRADA/PPH 23/TR","TR","600","600","620.190",,"01","Aktifitas Operasi   ","Laba Rugi","Debet","F","F","T",,"0.00","0.00","0.00","0.00","0.00","0.00","0.00","0.00","0.00","0.00","0.00","0.00","0.00","0.00","0.00","0.00","0.00","0.00","0.00","0.00","0.00","0.00","0.00","0.00","0.00","0.00","0.00","0.00","0.00","0.00","0.00","0.00","0.00","0.00","0.00","0.00","0.00","0.00","0.00","0.00","0.00","0.00","0.00","0.00","0.00","0.00","0.00","0.00","0.00","0.00","0.00","0.00","0.00","0.00","0.00","0.00","0.00","0.00","0.00","0.00","0.00","0.00","0.00","0.00","0.00","0.00","F",,"1","2023-05-09","2023-05-09","18:41:49","18:41:49","ADMIN","ADMIN"
"598","620.193","03",,"SPR TRADA","PAJAK BUMI DAN BANGUNAN",,"PBB","620.193/SPR TRADA/PBB/TR","TR","600","600","620.190",,"01","Aktifitas Operasi   ","Laba Rugi","Debet","F","F","T",,"0.00","0.00","0.00","0.00","0.00","0.00","0.00","0.00","0.00","0.00","0.00","0.00","0.00","0.00","0.00","0.00","0.00","0.00","0.00","0.00","0.00","0.00","0.00","0.00","0.00","0.00","0.00","0.00","0.00","0.00","0.00","0.00","0.00","0.00","0.00","0.00","0.00","0.00","0.00","0.00","0.00","0.00","0.00","0.00","0.00","0.00","0.00","0.00","0.00","0.00","0.00","0.00","0.00","0.00","0.00","0.00","0.00","0.00","0.00","0.00","0.00","0.00","0.00","0.00","0.00","0.00","F",,"1","2023-05-09","2023-05-09","18:43:33","18:43:33","ADMIN","ADMIN"
"599","620.195","03",,"SPR TRADA","PAJAK PERTAMBAHAN NILAI",,"PPN","620.195/SPR TRADA/PPN/TR","TR","600","600","620.190",,"01","Aktifitas Operasi   ","Laba Rugi","Debet","F","F","T",,"0.00","0.00","0.00","0.00","0.00","0.00","0.00","0.00","0.00","0.00","0.00","0.00","0.00","0.00","0.00","0.00","0.00","0.00","0.00","0.00","0.00","0.00","0.00","0.00","0.00","0.00","0.00","0.00","0.00","0.00","0.00","0.00","0.00","0.00","0.00","0.00","0.00","0.00","0.00","0.00","0.00","0.00","0.00","0.00","0.00","0.00","0.00","0.00","0.00","0.00","0.00","0.00","0.00","0.00","0.00","0.00","0.00","0.00","0.00","0.00","0.00","0.00","0.00","0.00","0.00","0.00","F",,"1","2023-05-09","2023-05-09","18:45:24","18:45:24","ADMIN","ADMIN"
"600","620.195","03",,"SPR TRADA","DENDA PAJAK",,"DENDA PAJAK","620.195/SPR TRADA/DENDA PAJAK/TR","TR","600","600","620.190",,"01","Aktifitas Operasi   ","Laba Rugi","Debet","F","F","T",,"0.00","0.00","0.00","0.00","0.00","0.00","0.00","0.00","0.00","0.00","0.00","0.00","0.00","0.00","0.00","0.00","0.00","0.00","0.00","0.00","0.00","0.00","0.00","0.00","0.00","0.00","0.00","0.00","0.00","0.00","0.00","0.00","0.00","0.00","0.00","0.00","0.00","0.00","0.00","0.00","0.00","0.00","0.00","0.00","0.00","0.00","0.00","0.00","0.00","0.00","0.00","0.00","0.00","0.00","0.00","0.00","0.00","0.00","0.00","0.00","0.00","0.00","0.00","0.00","0.00","0.00","F",,"1","2023-05-09","2023-05-09","18:46:55","18:46:55","ADMIN","ADMIN"
"601","620.210","03",,"SPR TRADA","PERLENGKAPAN KANTOR",,"PERLENGKAPAN KANTOR","620.210/SPR TRADA/PERLENGKAPAN KANTOR/TR","TR","600","600","620.190",,"01","Aktifitas Operasi   ","Laba Rugi","Debet","F","F","T",,"0.00","0.00","0.00","0.00","0.00","0.00","0.00","0.00","0.00","0.00","0.00","0.00","0.00","0.00","0.00","0.00","0.00","0.00","0.00","0.00","0.00","0.00","0.00","0.00","0.00","0.00","0.00","0.00","0.00","0.00","0.00","0.00","0.00","0.00","0.00","0.00","0.00","0.00","0.00","0.00","0.00","0.00","0.00","0.00","0.00","0.00","0.00","0.00","0.00","0.00","0.00","0.00","0.00","0.00","0.00","0.00","0.00","0.00","0.00","0.00","0.00","0.00","0.00","0.00","0.00","0.00","F",,"1","2023-05-09","2023-05-09","18:49:27","18:49:27","ADMIN","ADMIN"
"602","620.220","03",,"SPR TRADA","BEBAN TANGGAP COVID 19",,"COVID-19","620.220/SPR TRADA/COVID-19/TR","TR","600","600","620.190",,"01","Aktifitas Operasi   ","Laba Rugi","Debet","F","F","T",,"0.00","0.00","0.00","0.00","0.00","0.00","0.00","0.00","0.00","0.00","0.00","0.00","0.00","0.00","0.00","0.00","0.00","0.00","0.00","0.00","0.00","0.00","0.00","0.00","0.00","0.00","0.00","0.00","0.00","0.00","0.00","0.00","0.00","0.00","0.00","0.00","0.00","0.00","0.00","0.00","0.00","0.00","0.00","0.00","0.00","0.00","0.00","0.00","0.00","0.00","0.00","0.00","0.00","0.00","0.00","0.00","0.00","0.00","0.00","0.00","0.00","0.00","0.00","0.00","0.00","0.00","F",,"1","2023-05-09","2023-05-09","18:51:06","18:51:06","ADMIN","ADMIN"
"603","620.230","02",,"SPR TRADA","BEBAN PENYUSUTAN ASET TETAP",,"BEBAN PENYUSUTAN AT","620.230/SPR TRADA/BEBAN PENYUSUTAN AT/TR","TR","600","600","620.230",,"01","Aktifitas Operasi   ","Laba Rugi","Debet","F","F","T",,"0.00","0.00","0.00","0.00","0.00","0.00","0.00","0.00","0.00","0.00","0.00","0.00","0.00","0.00","0.00","0.00","0.00","0.00","0.00","0.00","0.00","0.00","0.00","0.00","0.00","0.00","0.00","0.00","0.00","0.00","0.00","0.00","0.00","0.00","0.00","0.00","0.00","0.00","0.00","0.00","0.00","0.00","0.00","0.00","0.00","0.00","0.00","0.00","0.00","0.00","0.00","0.00","0.00","0.00","0.00","0.00","0.00","0.00","0.00","0.00","0.00","0.00","0.00","0.00","0.00","0.00","F",,"1","2023-05-09","2023-05-09","18:55:36","18:55:36","ADMIN","ADMIN"
"604","620.231","03",,"SPR TRADA","DEPRESIASI BANGUNAN",,"DEPR BANGUNAN","620.231/SPR TRADA/DEPR BANGUNAN/TR","TR","600","600","620.230",,"01","Aktifitas Operasi   ","Laba Rugi","Debet","F","F","T",,"0.00","0.00","0.00","0.00","0.00","0.00","0.00","0.00","0.00","0.00","0.00","0.00","0.00","0.00","0.00","0.00","0.00","0.00","0.00","0.00","0.00","0.00","0.00","0.00","0.00","0.00","0.00","0.00","0.00","0.00","0.00","0.00","0.00","0.00","0.00","0.00","0.00","0.00","0.00","0.00","0.00","0.00","0.00","0.00","0.00","0.00","0.00","0.00","0.00","0.00","0.00","0.00","0.00","0.00","0.00","0.00","0.00","0.00","0.00","0.00","0.00","0.00","0.00","0.00","0.00","0.00","F",,"1","2023-05-09","2023-05-09","18:57:40","18:57:40","ADMIN","ADMIN"
"605","620.232","03",,"SPR TRADA","DEPRESIASI KENDARAAN",,"DEPR KENDARAAN","620.232/SPR TRADA/DEPR KENDARAAN/TR","TR","600","600","620.230",,"01","Aktifitas Operasi   ","Laba Rugi","Debet","F","F","T",,"0.00","0.00","0.00","0.00","0.00","0.00","0.00","0.00","0.00","0.00","0.00","0.00","0.00","0.00","0.00","0.00","0.00","0.00","0.00","0.00","0.00","0.00","0.00","0.00","0.00","0.00","0.00","0.00","0.00","0.00","0.00","0.00","0.00","0.00","0.00","0.00","0.00","0.00","0.00","0.00","0.00","0.00","0.00","0.00","0.00","0.00","0.00","0.00","0.00","0.00","0.00","0.00","0.00","0.00","0.00","0.00","0.00","0.00","0.00","0.00","0.00","0.00","0.00","0.00","0.00","0.00","F",,"1","2023-05-09","2023-05-09","18:59:40","18:59:40","ADMIN","ADMIN"
"606","620.233","03",,"SPR TRADA","DEPRESIASI INVENTARIS KANTOR",,"DEPR INVENTARIS KANTOR","620.233/SPR TRADA/DEPR INVENTARIS KANTOR/TR","TR","600","600","620.230",,"01","Aktifitas Operasi   ","Laba Rugi","Debet","F","F","T",,"0.00","0.00","0.00","0.00","0.00","0.00","0.00","0.00","0.00","0.00","0.00","0.00","0.00","0.00","0.00","0.00","0.00","0.00","0.00","0.00","0.00","0.00","0.00","0.00","0.00","0.00","0.00","0.00","0.00","0.00","0.00","0.00","0.00","0.00","0.00","0.00","0.00","0.00","0.00","0.00","0.00","0.00","0.00","0.00","0.00","0.00","0.00","0.00","0.00","0.00","0.00","0.00","0.00","0.00","0.00","0.00","0.00","0.00","0.00","0.00","0.00","0.00","0.00","0.00","0.00","0.00","F",,"1","2023-05-09","2023-05-09","19:02:43","19:02:43","ADMIN","ADMIN"
"607","700.000","01",,"SPR TRADA","PENDAPATAN LAIN-LAIN",,"PENDAPATAN LAIN","700.000/SPR TRADA/PENDAPATAN LAIN/TR","TR","700","700","700.000",,"01","Aktifitas Operasi","Laba Rugi","Kredit","F","F","T",,"0.00","0.00","0.00","0.00","0.00","0.00","0.00","0.00","0.00","0.00","0.00","0.00","0.00","0.00","0.00","0.00","0.00","0.00","0.00","0.00","0.00","0.00","0.00","0.00","0.00","0.00","0.00","0.00","0.00","0.00","0.00","0.00","0.00","0.00","0.00","0.00","0.00","0.00","0.00","0.00","0.00","0.00","0.00","0.00","0.00","0.00","0.00","0.00","0.00","0.00","0.00","0.00","0.00","0.00","0.00","0.00","0.00","0.00","0.00","0.00","0.00","0.00","0.00","0.00","0.00","0.00","F",,"1","2023-05-27","2023-05-27","14:55:08","14:55:08","ADMIN","ADMIN"
"608","700.100","03",,"SPR TRADA","FEE KERJASAMA",,"FEE KERJASAMA","700.100/SPR TRADA/FEE KERJASAMA/TR","TR","700","700","700.000",,"01","Aktifitas Operasi","Laba Rugi","Kredit","F","F","T",,"0.00","0.00","0.00","0.00","0.00","0.00","0.00","0.00","0.00","0.00","0.00","0.00","0.00","0.00","0.00","0.00","0.00","0.00","0.00","0.00","0.00","0.00","0.00","0.00","0.00","0.00","0.00","0.00","0.00","0.00","0.00","0.00","0.00","0.00","0.00","0.00","0.00","0.00","0.00","0.00","0.00","0.00","0.00","0.00","0.00","0.00","0.00","0.00","0.00","0.00","0.00","0.00","0.00","0.00","0.00","0.00","0.00","0.00","0.00","0.00","0.00","0.00","0.00","0.00","0.00","0.00","F",,"1","2023-05-27","2023-05-27","15:03:26","15:03:26","ADMIN","ADMIN"
"609","700.200","03",,"SPR TRADA","JASA GIRO",,"JASA GIRO","700.200/SPR TRADA/JASA GIRO/TR","TR","700","700","700.000",,"01","Aktifitas Operasi","Laba Rugi","Kredit","F","F","T",,"0.00","0.00","0.00","0.00","0.00","0.00","0.00","0.00","0.00","0.00","0.00","0.00","0.00","0.00","0.00","0.00","0.00","0.00","0.00","0.00","0.00","0.00","0.00","0.00","0.00","0.00","0.00","0.00","0.00","0.00","0.00","0.00","0.00","0.00","0.00","0.00","0.00","0.00","0.00","0.00","0.00","0.00","0.00","0.00","0.00","0.00","0.00","0.00","0.00","0.00","0.00","0.00","0.00","0.00","0.00","0.00","0.00","0.00","0.00","0.00","0.00","0.00","0.00","0.00","0.00","0.00","F",,"1","2023-05-27","2023-05-27","15:05:50","15:05:50","ADMIN","ADMIN"
"610","700.400","02",,"SPR TRADA","PENDAPATAN LAIN-LAIN",,"PENDAPATAN LAIN","700.400/SPR TRADA/PENDAPATAN LAIN/TR","TR","700","700","700.400",,"01","Aktifitas Operasi","Laba Rugi","Kredit","F","F","T",,"0.00","0.00","0.00","0.00","0.00","0.00","0.00","0.00","0.00","0.00","0.00","0.00","0.00","0.00","0.00","0.00","0.00","0.00","0.00","0.00","0.00","0.00","0.00","0.00","0.00","0.00","0.00","0.00","0.00","0.00","0.00","0.00","0.00","0.00","0.00","0.00","0.00","0.00","0.00","0.00","0.00","0.00","0.00","0.00","0.00","0.00","0.00","0.00","0.00","0.00","0.00","0.00","0.00","0.00","0.00","0.00","0.00","0.00","0.00","0.00","0.00","0.00","0.00","0.00","0.00","0.00","F",,"1","2023-05-27","2023-05-27","15:13:19","15:13:19","ADMIN","ADMIN"
"611","700.410","03",,"SPR TRADA","PENDAPATAN SELISIH KURS",,"SELISIH KURS","700.410/SPR TRADA/SELISIH KURS/TR","TR","700","700","700.400",,"01","Aktifitas Operasi","Laba Rugi","Kredit","F","F","T",,"0.00","0.00","0.00","0.00","0.00","0.00","0.00","0.00","0.00","0.00","0.00","0.00","0.00","0.00","0.00","0.00","0.00","0.00","0.00","0.00","0.00","0.00","0.00","0.00","0.00","0.00","0.00","0.00","0.00","0.00","0.00","0.00","0.00","0.00","0.00","0.00","0.00","0.00","0.00","0.00","0.00","0.00","0.00","0.00","0.00","0.00","0.00","0.00","0.00","0.00","0.00","0.00","0.00","0.00","0.00","0.00","0.00","0.00","0.00","0.00","0.00","0.00","0.00","0.00","0.00","0.00","F",,"1","2023-05-27","2023-05-27","15:23:23","15:23:23","ADMIN","ADMIN"
"612","700.430","03",,"SPR TRADA","PENDAPATAN LAIN-LAINNYA",,"LAIN","700.430/SPR TRADA/LAIN/TR","TR","700","700","700.400",,"01","Aktifitas Operasi","Laba Rugi","Kredit","F","F","T",,"0.00","0.00","0.00","0.00","0.00","0.00","0.00","0.00","0.00","0.00","0.00","0.00","0.00","0.00","0.00","0.00","0.00","0.00","0.00","0.00","0.00","0.00","0.00","0.00","0.00","0.00","0.00","0.00","0.00","0.00","0.00","0.00","0.00","0.00","0.00","0.00","0.00","0.00","0.00","0.00","0.00","0.00","0.00","0.00","0.00","0.00","0.00","0.00","0.00","0.00","0.00","0.00","0.00","0.00","0.00","0.00","0.00","0.00","0.00","0.00","0.00","0.00","0.00","0.00","0.00","0.00","F",,"1","2023-05-27","2023-05-27","15:33:38","15:33:38","ADMIN","ADMIN"
"613","800.000","01",,"SPR TRADA","BEBAN LAIN-LAIN",,"BEBAN LAIN","800.000/SPR TRADA/BEBAN LAIN/TR","TR","800","800","800.000",,"01","Aktifitas Operasi","Laba Rugi","Debet","F","F","T",,"0.00","0.00","0.00","0.00","0.00","0.00","0.00","0.00","0.00","0.00","0.00","0.00","0.00","0.00","0.00","0.00","0.00","0.00","0.00","0.00","0.00","0.00","0.00","0.00","0.00","0.00","0.00","0.00","0.00","0.00","0.00","0.00","0.00","0.00","0.00","0.00","0.00","0.00","0.00","0.00","0.00","0.00","0.00","0.00","0.00","0.00","0.00","0.00","0.00","0.00","0.00","0.00","0.00","0.00","0.00","0.00","0.00","0.00","0.00","0.00","0.00","0.00","0.00","0.00","0.00","0.00","F",,"1","2023-05-27","2023-05-27","15:37:53","15:37:53","ADMIN","ADMIN"
"614","800.100","03",,"SPR TRADA","ADMINISTRASI UMUM",,"ADM BANK","800.100/SPR TRADA/ADM BANK/TR","TR","800","800","800.000",,"01","Aktifitas Operasi","Laba Rugi","Debet","F","F","T",,"0.00","0.00","0.00","0.00","0.00","0.00","0.00","0.00","0.00","0.00","0.00","0.00","0.00","0.00","0.00","0.00","0.00","0.00","0.00","0.00","0.00","0.00","0.00","0.00","0.00","0.00","0.00","0.00","0.00","0.00","0.00","0.00","0.00","0.00","0.00","0.00","0.00","0.00","0.00","0.00","0.00","0.00","0.00","0.00","0.00","0.00","0.00","0.00","0.00","0.00","0.00","0.00","0.00","0.00","0.00","0.00","0.00","0.00","0.00","0.00","0.00","0.00","0.00","0.00","0.00","0.00","F",,"1","2023-05-27","2023-05-27","15:41:33","15:41:33","ADMIN","ADMIN"
"615","800.200","03",,"SPR TRADA","MATERAI BANK",,"METERAI BANK","800.200/SPR TRADA/METERAI BANK/TR","TR","800","800","800.000",,"01","Aktifitas Operasi","Laba Rugi","Debet","F","F","T",,"0.00","0.00","0.00","0.00","0.00","0.00","0.00","0.00","0.00","0.00","0.00","0.00","0.00","0.00","0.00","0.00","0.00","0.00","0.00","0.00","0.00","0.00","0.00","0.00","0.00","0.00","0.00","0.00","0.00","0.00","0.00","0.00","0.00","0.00","0.00","0.00","0.00","0.00","0.00","0.00","0.00","0.00","0.00","0.00","0.00","0.00","0.00","0.00","0.00","0.00","0.00","0.00","0.00","0.00","0.00","0.00","0.00","0.00","0.00","0.00","0.00","0.00","0.00","0.00","0.00","0.00","F",,"1","2023-05-27","2023-05-27","15:45:06","15:45:06","ADMIN","ADMIN"
"616","800.300","03",,"SPR TRADA","PAJAK JASA GIRO",,"PJK JASA GIRO","800.300/SPR TRADA/PJK JASA GIRO/TR","TR","800","800","800.000",,"01","Aktifitas Operasi","Laba Rugi","Debet","F","F","T",,"0.00","0.00","0.00","0.00","0.00","0.00","0.00","0.00","0.00","0.00","0.00","0.00","0.00","0.00","0.00","0.00","0.00","0.00","0.00","0.00","0.00","0.00","0.00","0.00","0.00","0.00","0.00","0.00","0.00","0.00","0.00","0.00","0.00","0.00","0.00","0.00","0.00","0.00","0.00","0.00","0.00","0.00","0.00","0.00","0.00","0.00","0.00","0.00","0.00","0.00","0.00","0.00","0.00","0.00","0.00","0.00","0.00","0.00","0.00","0.00","0.00","0.00","0.00","0.00","0.00","0.00","F","PJG","1","2023-05-27","2023-05-27","15:55:34","15:55:34","ADMIN","ADMIN"
"619","800.400","02",,"SPR TRADA","BEBAN LAIN-LAINNYA",,"LAIN","800.400/SPR TRADA/LAIN/TR","TR","800","800","800.000",,"01","Aktifitas Operasi   ","Laba Rugi","Debet","F","F","T",,"0.00","0.00","0.00","0.00","0.00","0.00","0.00","0.00","0.00","0.00","0.00","0.00","0.00","0.00","0.00","0.00","0.00","0.00","0.00","0.00","0.00","0.00","0.00","0.00","0.00","0.00","0.00","0.00","0.00","0.00","0.00","0.00","0.00","0.00","0.00","0.00","0.00","0.00","0.00","0.00","0.00","0.00","0.00","0.00","0.00","0.00","0.00","0.00","0.00","0.00","0.00","0.00","0.00","0.00","0.00","0.00","0.00","0.00","0.00","0.00","0.00","0.00","0.00","0.00","0.00","0.00","F",,"1","2023-05-27","2023-05-27","16:45:06","16:45:06","ADMIN","ADMIN"
"620","800.410","03",,"SPR TRADA","SELISIH KURS",,"SELISIH KURS","800.410/SPR TRADA/SELISIH KURS/TR","TR","800","800","800.000",,"01","Aktifitas Operasi   ","Laba Rugi","Debet","F","F","T",,"0.00","0.00","0.00","0.00","0.00","0.00","0.00","0.00","0.00","0.00","0.00","0.00","0.00","0.00","0.00","0.00","0.00","0.00","0.00","0.00","0.00","0.00","0.00","0.00","0.00","0.00","0.00","0.00","0.00","0.00","0.00","0.00","0.00","0.00","0.00","0.00","0.00","0.00","0.00","0.00","0.00","0.00","0.00","0.00","0.00","0.00","0.00","0.00","0.00","0.00","0.00","0.00","0.00","0.00","0.00","0.00","0.00","0.00","0.00","0.00","0.00","0.00","0.00","0.00","0.00","0.00","F",,"1","2023-05-27","2023-05-27","16:46:25","16:46:25","ADMIN","ADMIN"
"621","800.420","03",,"SPR TRADA","LAIN-LAIN",,"LAIN","800.420/SPR TRADA/LAIN/TR","TR","800","800","800.000",,"01","Aktifitas Operasi   ","Laba Rugi","Debet","F","F","T",,"0.00","0.00","0.00","0.00","0.00","0.00","0.00","0.00","0.00","0.00","0.00","0.00","0.00","0.00","0.00","0.00","0.00","0.00","0.00","0.00","0.00","0.00","0.00","0.00","0.00","0.00","0.00","0.00","0.00","0.00","0.00","0.00","0.00","0.00","0.00","0.00","0.00","0.00","0.00","0.00","0.00","0.00","0.00","0.00","0.00","0.00","0.00","0.00","0.00","0.00","0.00","0.00","0.00","0.00","0.00","0.00","0.00","0.00","0.00","0.00","0.00","0.00","0.00","0.00","0.00","0.00","F",,"1","2023-05-27","2023-05-27","16:47:42","16:47:42","ADMIN","ADMIN"
"622","210.300","03",,"SPR TRADA","KEWAJIBAN IMBALAN KERJA",,"HTG IMBALAN KERJA","210.300/SPR TRADA/HTG IMBALAN KERJA/TR","TR","210","200","210.300",,"01","Aktifitas Operasi   ","Neraca","Kredit","F","F","T",,"0.00","0.00","0.00","0.00","0.00","0.00","0.00","0.00","0.00","0.00","0.00","0.00","0.00","0.00","0.00","0.00","0.00","0.00","0.00","0.00","0.00","0.00","0.00","0.00","0.00","0.00","0.00","0.00","0.00","0.00","0.00","0.00","0.00","0.00","0.00","0.00","0.00","0.00","0.00","0.00","0.00","0.00","0.00","0.00","0.00","0.00","0.00","0.00","0.00","0.00","0.00","0.00","0.00","0.00","0.00","0.00","0.00","0.00","0.00","0.00","0.00","0.00","0.00","0.00","0.00","0.00","F",,"1","2023-05-27","2023-11-02","17:55:54","23:05:50","ADMIN","ADMIN"
"623","101.215","03",,"KANTOR PUSAT","BANK SYARIAH AC NO. 7219450049",,"BSI SPAM","101.215/KANTOR PUSAT/BSI SPAM/KP","KP","100","100","101.200",,," ","Neraca","Debet","T","T","T","7219450049","0.00","0.00","0.00","0.00","0.00","0.00","0.00","0.00","0.00","0.00","0.00","0.00","0.00","0.00","0.00","0.00","0.00","0.00","0.00","0.00","0.00","0.00","0.00","0.00","0.00","0.00","0.00","0.00","0.00","0.00","0.00","0.00","0.00","0.00","0.00","0.00","0.00","0.00","0.00","0.00","0.00","0.00","0.00","0.00","0.00","0.00","0.00","0.00","0.00","0.00","0.00","0.00","0.00","0.00","0.00","0.00","0.00","0.00","0.00","0.00","0.00","0.00","0.00","0.00","0.00","0.00","F",,"1","2023-06-12","2023-06-12","17:41:51","17:41:51","ADMIN","ADMIN"
"624","300.130","03",,"KANTOR PUSAT","MODAL BELUM DIAKTEKAN",,"BLM AKTE","300.130/KANTOR PUSAT/BLM AKTE/KP","KP","300","300","300.100",,"03","Aktifitas Pendanaan ","Neraca","Kredit","F","F","T",,"0.00","0.00","0.00","0.00","0.00","0.00","0.00","0.00","0.00","0.00","0.00","0.00","0.00","0.00","0.00","0.00","0.00","0.00","0.00","0.00","0.00","0.00","0.00","0.00","0.00","0.00","0.00","0.00","0.00","0.00","0.00","0.00","0.00","0.00","0.00","0.00","0.00","0.00","0.00","0.00","0.00","0.00","0.00","0.00","0.00","0.00","0.00","0.00","0.00","0.00","0.00","0.00","0.00","0.00","0.00","0.00","0.00","0.00","0.00","0.00","0.00","0.00","0.00","0.00","0.00","0.00","F",,"1","2023-06-13","2023-06-13","10:31:56","10:31:56","ADMIN","ADMIN"
"625","620.011","03",,"SPR TRADA","BEBAN GAJI KARYAWAN",,"GAJI KARY","620.011/SPR TRADA/GAJI KARY/TR","TR","600","600","620.010",,"01","Aktifitas Operasi   ","Laba Rugi","Debet","F","F","T",,"0.00","0.00","0.00","0.00","0.00","0.00","0.00","0.00","0.00","0.00","0.00","0.00","0.00","0.00","0.00","0.00","0.00","0.00","0.00","0.00","0.00","0.00","0.00","0.00","0.00","0.00","0.00","0.00","0.00","0.00","0.00","0.00","0.00","0.00","0.00","0.00","0.00","0.00","0.00","0.00","0.00","0.00","0.00","0.00","0.00","0.00","0.00","0.00","0.00","0.00","0.00","0.00","0.00","0.00","0.00","0.00","0.00","0.00","0.00","0.00","0.00","0.00","0.00","0.00","0.00","0.00","F",,"1","2023-06-13","2023-06-13","20:16:24","20:16:24","ADMIN","ADMIN"
"626","203.003","03",,"SPR TRADA","GAJI KARYAWAN",,"GAJI KARY","203.003/SPR TRADA/GAJI KARY/TR","TR","200","200","203.000",,"01","Aktifitas Operasi   ","Neraca","Kredit","F","F","T",,"0.00","0.00","0.00","0.00","0.00","0.00","0.00","0.00","0.00","0.00","0.00","0.00","0.00","0.00","0.00","0.00","0.00","0.00","0.00","0.00","0.00","0.00","0.00","0.00","0.00","0.00","0.00","0.00","0.00","0.00","0.00","0.00","0.00","0.00","0.00","0.00","0.00","0.00","0.00","0.00","0.00","0.00","0.00","0.00","0.00","0.00","0.00","0.00","0.00","0.00","0.00","0.00","0.00","0.00","0.00","0.00","0.00","0.00","0.00","0.00","0.00","0.00","0.00","0.00","0.00","0.00","F",,"1","2023-06-13","2023-11-03","20:34:47","17:59:51","ADMIN","ADMIN"
"627","108.205","03",,"SPR TRADA","PANJAR KERJA KARY. LAIN",,"PANJAR","108.205/SPR TRADA/PANJAR/TR","TR","100","100","108.100",,"01","Aktifitas Operasi   ","Neraca","Debet","F","F","T",,"0.00","0.00","0.00","0.00","0.00","0.00","0.00","0.00","0.00","0.00","0.00","0.00","0.00","0.00","0.00","0.00","0.00","0.00","0.00","0.00","0.00","0.00","0.00","0.00","0.00","0.00","0.00","0.00","0.00","0.00","0.00","0.00","0.00","0.00","0.00","0.00","0.00","0.00","0.00","0.00","0.00","0.00","0.00","0.00","0.00","0.00","0.00","0.00","0.00","0.00","0.00","0.00","0.00","0.00","0.00","0.00","0.00","0.00","0.00","0.00","0.00","0.00","0.00","0.00","0.00","0.00","F",,"1","2023-06-15","2023-06-15","11:47:12","11:48:36","ADMIN","ADMIN"
"629","400.210","03",,"SPR TRADA","PENJUALAN CABE",,"CABE","400.210/SPR TRADA/CABE/TR","TR","400","400","400.200",,"01","Aktifitas Operasi   ","Laba Rugi","Kredit","F","F","T",,"0.00","0.00","0.00","0.00","0.00","0.00","0.00","0.00","0.00","0.00","0.00","0.00","0.00","0.00","0.00","0.00","0.00","0.00","0.00","0.00","0.00","0.00","0.00","0.00","0.00","0.00","0.00","0.00","0.00","0.00","0.00","0.00","0.00","0.00","0.00","0.00","0.00","0.00","0.00","0.00","0.00","0.00","0.00","0.00","0.00","0.00","0.00","0.00","0.00","0.00","0.00","0.00","0.00","0.00","0.00","0.00","0.00","0.00","0.00","0.00","0.00","0.00","0.00","0.00","0.00","0.00","F",,"1","2023-06-20","2023-06-20","11:40:40","12:15:35","ADMIN","ADMIN"
"630","400.200","02",,"SPR TRADA","PENDAPATAN KOMODITAS PANGAN STRATEGIS",,"KOMODITAS PANGAN","400.200/SPR TRADA/KOMODITAS PANGAN/TR","TR","400","400","400.000",,"01","Aktifitas Operasi   ","Laba Rugi","Kredit","F","F","T",,"0.00","0.00","0.00","0.00","0.00","0.00","0.00","0.00","0.00","0.00","0.00","0.00","0.00","0.00","0.00","0.00","0.00","0.00","0.00","0.00","0.00","0.00","0.00","0.00","0.00","0.00","0.00","0.00","0.00","0.00","0.00","0.00","0.00","0.00","0.00","0.00","0.00","0.00","0.00","0.00","0.00","0.00","0.00","0.00","0.00","0.00","0.00","0.00","0.00","0.00","0.00","0.00","0.00","0.00","0.00","0.00","0.00","0.00","0.00","0.00","0.00","0.00","0.00","0.00","0.00","0.00","F",,"1","2023-06-20","2023-06-20","12:06:16","12:06:16","ADMIN","ADMIN"
"631","400.220","03",,"SPR TRADA","PENJUALAN BAWANG",,"BAWANG","400.220/SPR TRADA/BAWANG/TR","TR","400","400","400.200",,"01","Aktifitas Operasi   ","Laba Rugi","Kredit","F","F","T",,"0.00","0.00","0.00","0.00","0.00","0.00","0.00","0.00","0.00","0.00","0.00","0.00","0.00","0.00","0.00","0.00","0.00","0.00","0.00","0.00","0.00","0.00","0.00","0.00","0.00","0.00","0.00","0.00","0.00","0.00","0.00","0.00","0.00","0.00","0.00","0.00","0.00","0.00","0.00","0.00","0.00","0.00","0.00","0.00","0.00","0.00","0.00","0.00","0.00","0.00","0.00","0.00","0.00","0.00","0.00","0.00","0.00","0.00","0.00","0.00","0.00","0.00","0.00","0.00","0.00","0.00","F",,"1","2023-06-20","2023-06-20","12:17:49","12:17:49","ADMIN","ADMIN"
"632","400.230","03",,"SPR TRADA","PENJUALAN BERAS",,"BERAS","400.230/SPR TRADA/BERAS/TR","TR","400","400","400.200",,"01","Aktifitas Operasi   ","Laba Rugi","Kredit","F","F","T",,"0.00","0.00","0.00","0.00","0.00","0.00","0.00","0.00","0.00","0.00","0.00","0.00","0.00","0.00","0.00","0.00","0.00","0.00","0.00","0.00","0.00","0.00","0.00","0.00","0.00","0.00","0.00","0.00","0.00","0.00","0.00","0.00","0.00","0.00","0.00","0.00","0.00","0.00","0.00","0.00","0.00","0.00","0.00","0.00","0.00","0.00","0.00","0.00","0.00","0.00","0.00","0.00","0.00","0.00","0.00","0.00","0.00","0.00","0.00","0.00","0.00","0.00","0.00","0.00","0.00","0.00","F",,"1","2023-06-20","2023-06-20","13:46:51","13:46:51","ADMIN","ADMIN"
"633","400.240","03",,"SPR TRADA","PENJUALAN MINYAK GORENG",,"MINYAK GORENG","400.240/SPR TRADA/MINYAK GORENG/TR","TR","400","400","400.200",,"01","Aktifitas Operasi   ","Laba Rugi","Kredit","F","F","T",,"0.00","0.00","0.00","0.00","0.00","0.00","0.00","0.00","0.00","0.00","0.00","0.00","0.00","0.00","0.00","0.00","0.00","0.00","0.00","0.00","0.00","0.00","0.00","0.00","0.00","0.00","0.00","0.00","0.00","0.00","0.00","0.00","0.00","0.00","0.00","0.00","0.00","0.00","0.00","0.00","0.00","0.00","0.00","0.00","0.00","0.00","0.00","0.00","0.00","0.00","0.00","0.00","0.00","0.00","0.00","0.00","0.00","0.00","0.00","0.00","0.00","0.00","0.00","0.00","0.00","0.00","F",,"1","2023-06-20","2023-06-20","14:06:40","14:06:40","ADMIN","ADMIN"
"635","500.200","02",,"SPR TRADA","BIAYA BAHAN BAKU",,"KOMODITAS PANGAN","500.200/SPR TRADA/KOMODITAS PANGAN/TR","TR","500","500","500.000",,"01","Aktifitas Operasi   ","Laba Rugi","Debet","F","F","T",,"0.00","0.00","0.00","0.00","0.00","0.00","0.00","0.00","0.00","0.00","0.00","0.00","0.00","0.00","0.00","0.00","0.00","0.00","0.00","0.00","0.00","0.00","0.00","0.00","0.00","0.00","0.00","0.00","0.00","0.00","0.00","0.00","0.00","0.00","0.00","0.00","0.00","0.00","0.00","0.00","0.00","0.00","0.00","0.00","0.00","0.00","0.00","0.00","0.00","0.00","0.00","0.00","0.00","0.00","0.00","0.00","0.00","0.00","0.00","0.00","0.00","0.00","0.00","0.00","0.00","0.00","F",,"1","2023-06-21","2023-06-21","14:01:36","14:01:36","ADMIN","ADMIN"
"636","500.410","02",,"SPR TRADA","BIAYA BAHAN BAKU",,"KOMODITAS PANGAN","500.410/SPR TRADA/KOMODITAS PANGAN/TR","TR","500","500","500.400",,"01","Aktifitas Operasi","Laba Rugi","Debet","F","F","T",,"0.00","0.00","0.00","0.00","0.00","0.00","0.00","0.00","0.00","0.00","0.00","0.00","0.00","0.00","0.00","0.00","0.00","0.00","0.00","0.00","0.00","0.00","0.00","0.00","0.00","0.00","0.00","0.00","0.00","0.00","0.00","0.00","0.00","0.00","0.00","0.00","0.00","0.00","0.00","0.00","0.00","0.00","0.00","0.00","0.00","0.00","0.00","0.00","0.00","0.00","0.00","0.00","0.00","0.00","0.00","0.00","0.00","0.00","0.00","0.00","0.00","0.00","0.00","0.00","0.00","0.00","F",,"1","2023-06-21","2023-06-21","14:12:05","14:12:05","ADMIN","ADMIN"
"637","500.411","03",,"SPR TRADA","PEMBELIAN CABE",,"CABE","500.411/SPR TRADA/CABE/TR","TR","500","500","500.400",,"01","Aktifitas Operasi","Laba Rugi","Debet","F","F","T",,"0.00","0.00","0.00","0.00","0.00","0.00","0.00","0.00","0.00","0.00","0.00","0.00","0.00","0.00","0.00","0.00","0.00","0.00","0.00","0.00","0.00","0.00","0.00","0.00","0.00","0.00","0.00","0.00","0.00","0.00","0.00","0.00","0.00","0.00","0.00","0.00","0.00","0.00","0.00","0.00","0.00","0.00","0.00","0.00","0.00","0.00","0.00","0.00","0.00","0.00","0.00","0.00","0.00","0.00","0.00","0.00","0.00","0.00","0.00","0.00","0.00","0.00","0.00","0.00","0.00","0.00","F",,"1","2023-06-21","2023-06-21","14:12:56","14:12:56","ADMIN","ADMIN"
"638","500.412","03",,"SPR TRADA","PEMBELIAN BAWANG",,"BAWANG","500.412/SPR TRADA/BAWANG/TR","TR","500","500","500.400",,"01","Aktifitas Operasi","Laba Rugi","Debet","F","F","T",,"0.00","0.00","0.00","0.00","0.00","0.00","0.00","0.00","0.00","0.00","0.00","0.00","0.00","0.00","0.00","0.00","0.00","0.00","0.00","0.00","0.00","0.00","0.00","0.00","0.00","0.00","0.00","0.00","0.00","0.00","0.00","0.00","0.00","0.00","0.00","0.00","0.00","0.00","0.00","0.00","0.00","0.00","0.00","0.00","0.00","0.00","0.00","0.00","0.00","0.00","0.00","0.00","0.00","0.00","0.00","0.00","0.00","0.00","0.00","0.00","0.00","0.00","0.00","0.00","0.00","0.00","F",,"1","2023-06-21","2023-06-21","14:13:32","14:13:32","ADMIN","ADMIN"
"639","400.250","03",,"SPR TRADA","PENDAPATAN KOMODITAS PANGAN LAINNYA",,"LAIN","400.250/SPR TRADA/LAIN/TR","TR","400","400","400.200",,"01","Aktifitas Operasi","Laba Rugi","Kredit","F","F","T",,"0.00","0.00","0.00","0.00","0.00","0.00","0.00","0.00","0.00","0.00","0.00","0.00","0.00","0.00","0.00","0.00","0.00","0.00","0.00","0.00","0.00","0.00","0.00","0.00","0.00","0.00","0.00","0.00","0.00","0.00","0.00","0.00","0.00","0.00","0.00","0.00","0.00","0.00","0.00","0.00","0.00","0.00","0.00","0.00","0.00","0.00","0.00","0.00","0.00","0.00","0.00","0.00","0.00","0.00","0.00","0.00","0.00","0.00","0.00","0.00","0.00","0.00","0.00","0.00","0.00","0.00","F",,"1","2023-06-21","2023-06-21","14:21:37","14:21:37","ADMIN","ADMIN"
"640","500.413","03",,"SPR TRADA","PEMBELIAN BERAS",,"BERAS","500.413/SPR TRADA/BERAS/TR","TR","500","500","500.400",,"01","Aktifitas Operasi   ","Laba Rugi","Debet","F","F","T",,"0.00","0.00","0.00","0.00","0.00","0.00","0.00","0.00","0.00","0.00","0.00","0.00","0.00","0.00","0.00","0.00","0.00","0.00","0.00","0.00","0.00","0.00","0.00","0.00","0.00","0.00","0.00","0.00","0.00","0.00","0.00","0.00","0.00","0.00","0.00","0.00","0.00","0.00","0.00","0.00","0.00","0.00","0.00","0.00","0.00","0.00","0.00","0.00","0.00","0.00","0.00","0.00","0.00","0.00","0.00","0.00","0.00","0.00","0.00","0.00","0.00","0.00","0.00","0.00","0.00","0.00","F",,"1","2023-06-21","2023-06-21","14:26:16","14:26:16","ADMIN","ADMIN"
"641","500.414","03",,"SPR TRADA","PEMBELIAN MINYAK GORENG",,"MINYAK GORENG","500.414/SPR TRADA/MINYAK GORENG/TR","TR","500","500","500.400",,"01","Aktifitas Operasi   ","Laba Rugi","Debet","F","F","T",,"0.00","0.00","0.00","0.00","0.00","0.00","0.00","0.00","0.00","0.00","0.00","0.00","0.00","0.00","0.00","0.00","0.00","0.00","0.00","0.00","0.00","0.00","0.00","0.00","0.00","0.00","0.00","0.00","0.00","0.00","0.00","0.00","0.00","0.00","0.00","0.00","0.00","0.00","0.00","0.00","0.00","0.00","0.00","0.00","0.00","0.00","0.00","0.00","0.00","0.00","0.00","0.00","0.00","0.00","0.00","0.00","0.00","0.00","0.00","0.00","0.00","0.00","0.00","0.00","0.00","0.00","F",,"1","2023-06-21","2023-06-21","14:26:52","14:26:52","ADMIN","ADMIN"
"642","500.415","03",,"SPR TRADA","PEMBELIAN BAHAN LAINNYA",,"LAIN","500.415/SPR TRADA/LAIN/TR","TR","500","500","500.400",,"01","Aktifitas Operasi   ","Laba Rugi","Debet","F","F","T",,"0.00","0.00","0.00","0.00","0.00","0.00","0.00","0.00","0.00","0.00","0.00","0.00","0.00","0.00","0.00","0.00","0.00","0.00","0.00","0.00","0.00","0.00","0.00","0.00","0.00","0.00","0.00","0.00","0.00","0.00","0.00","0.00","0.00","0.00","0.00","0.00","0.00","0.00","0.00","0.00","0.00","0.00","0.00","0.00","0.00","0.00","0.00","0.00","0.00","0.00","0.00","0.00","0.00","0.00","0.00","0.00","0.00","0.00","0.00","0.00","0.00","0.00","0.00","0.00","0.00","0.00","F",,"1","2023-06-21","2023-06-21","14:28:22","14:28:22","ADMIN","ADMIN"
"643","500.420","03",,"SPR TRADA","BIAYA TENAGA KERJA",,"KOMODITAS PANGAN","500.420/SPR TRADA/KOMODITAS PANGAN/TR","TR","500","500","500.400",,"01","Aktifitas Operasi   ","Laba Rugi","Debet","F","F","T",,"0.00","0.00","0.00","0.00","0.00","0.00","0.00","0.00","0.00","0.00","0.00","0.00","0.00","0.00","0.00","0.00","0.00","0.00","0.00","0.00","0.00","0.00","0.00","0.00","0.00","0.00","0.00","0.00","0.00","0.00","0.00","0.00","0.00","0.00","0.00","0.00","0.00","0.00","0.00","0.00","0.00","0.00","0.00","0.00","0.00","0.00","0.00","0.00","0.00","0.00","0.00","0.00","0.00","0.00","0.00","0.00","0.00","0.00","0.00","0.00","0.00","0.00","0.00","0.00","0.00","0.00","F",,"1","2023-06-21","2023-06-21","14:31:25","14:31:25","ADMIN","ADMIN"
"644","500.430","03",,"SPR TRADA","BIAYA OVERHEAD LAINNYA",,"KOMODITAS PANGAN","500.430/SPR TRADA/KOMODITAS PANGAN/TR","TR","500","500","500.400",,"01","Aktifitas Operasi   ","Laba Rugi","Debet","F","F","T",,"0.00","0.00","0.00","0.00","0.00","0.00","0.00","0.00","0.00","0.00","0.00","0.00","0.00","0.00","0.00","0.00","0.00","0.00","0.00","0.00","0.00","0.00","0.00","0.00","0.00","0.00","0.00","0.00","0.00","0.00","0.00","0.00","0.00","0.00","0.00","0.00","0.00","0.00","0.00","0.00","0.00","0.00","0.00","0.00","0.00","0.00","0.00","0.00","0.00","0.00","0.00","0.00","0.00","0.00","0.00","0.00","0.00","0.00","0.00","0.00","0.00","0.00","0.00","0.00","0.00","0.00","F",,"1","2023-06-21","2023-06-21","14:32:39","14:32:39","ADMIN","ADMIN"
"645","204.008","03",,"TRADA","HUTANG PPH 4(2)",,"PPH 4 (2)","204.008/TRADA/PPH 4 (2)/TR","TR","200","200","204",,"01","Aktifitas Operasi   ","Neraca","Kredit","F","F","T",,"0.00","0.00","0.00","0.00","0.00","0.00","0.00","0.00","0.00","0.00","0.00","0.00","0.00","0.00","0.00","0.00","0.00","0.00","0.00","0.00","0.00","0.00","0.00","0.00","0.00","0.00","0.00","0.00","0.00","0.00","0.00","0.00","0.00","0.00","0.00","0.00","0.00","0.00","0.00","0.00","0.00","0.00","0.00","0.00","0.00","0.00","0.00","0.00","0.00","0.00","0.00","0.00","0.00","0.00","0.00","0.00","0.00","0.00","0.00","0.00","0.00","0.00","0.00","0.00","0.00","0.00","F",,"1","2023-07-24","2023-07-24","13:50:11","13:50:11","ADMIN","ADMIN"
"646","101.101","03",,"RPC ROHIL","KAS BESAR RPC ROHIL",,"KBESAR","101.101/RPC ROHIL/KBESAR/KP","KP","100","100","101.100",,," ","Neraca","Debet","T","F","T","KAS RPC ROHIL","0.00","0.00","0.00","0.00","0.00","0.00","0.00","0.00","0.00","0.00","0.00","0.00","0.00","0.00","0.00","0.00","0.00","0.00","0.00","0.00","0.00","0.00","0.00","0.00","0.00","0.00","0.00","0.00","0.00","0.00","0.00","0.00","0.00","0.00","0.00","0.00","0.00","0.00","0.00","0.00","0.00","0.00","0.00","0.00","0.00","0.00","0.00","0.00","0.00","0.00","0.00","0.00","0.00","0.00","0.00","0.00","0.00","0.00","0.00","0.00","0.00","0.00","0.00","0.00","0.00","0.00","F",,"1","2023-08-07","2023-08-07","11:55:54","11:55:54","ADMIN","ADMIN"
"647","210.101","03",,"KANTOR PUSAT","DANA PENDIDIKAN, KESEHATAN, JHT, DAN SOSIAL (PD SPR)",,"DANA PDDKAN, KES, JHT, & SOS","210.101/KANTOR PUSAT/DANA PDDKAN, KES, JHT, & SOS/KP","KP","210","200","210.100",,"01","Aktifitas Operasi   ","Neraca","Kredit","F","F","T",,"0.00","0.00","0.00","0.00","0.00","0.00","0.00","0.00","0.00","0.00","0.00","0.00","0.00","0.00","0.00","0.00","0.00","0.00","0.00","0.00","0.00","0.00","0.00","0.00","0.00","0.00","0.00","0.00","0.00","0.00","0.00","0.00","0.00","0.00","0.00","0.00","0.00","0.00","0.00","0.00","0.00","0.00","0.00","0.00","0.00","0.00","0.00","0.00","0.00","0.00","0.00","0.00","0.00","0.00","0.00","0.00","0.00","0.00","0.00","0.00","0.00","0.00","0.00","0.00","0.00","0.00","F",,"1","2023-08-07","2023-08-07","16:42:05","16:42:05","ADMIN","ADMIN"
"648","103.221","03",,"RPC ROHIL","PIUTANG RPR PD RPC INHIL",,"PIUT RPC INHIL","103.221/RPC ROHIL/PIUT RPC INHIL/KP","KP","100","100","103.200",,"01","Aktifitas Operasi   ","Neraca","Debet","F","F","T",,"0.00","0.00","0.00","0.00","0.00","0.00","0.00","0.00","0.00","0.00","0.00","0.00","0.00","0.00","0.00","0.00","0.00","0.00","0.00","0.00","0.00","0.00","0.00","0.00","0.00","0.00","0.00","0.00","0.00","0.00","0.00","0.00","0.00","0.00","0.00","0.00","0.00","0.00","0.00","0.00","0.00","0.00","0.00","0.00","0.00","0.00","0.00","0.00","0.00","0.00","0.00","0.00","0.00","0.00","0.00","0.00","0.00","0.00","0.00","0.00","0.00","0.00","0.00","0.00","0.00","0.00","F",,"1","2023-08-08","2023-08-29","10:21:33","18:20:18","ADMIN","ADMIN"
"651","300.611","03",,"RPC ROHIL","LABA/RUGI S/D TAHUN LALU RPR",,"LR THN LALU","300.611/RPC ROHIL/LR THN LALU/KP","KP","350","300","300.600",,"01","Aktifitas Operasi   ","Neraca","Debet","F","F","T",,"0.00","0.00","0.00","0.00","0.00","0.00","0.00","0.00","0.00","0.00","0.00","0.00","0.00","0.00","0.00","0.00","0.00","0.00","0.00","0.00","0.00","0.00","0.00","0.00","0.00","0.00","0.00","0.00","0.00","0.00","0.00","0.00","0.00","0.00","0.00","0.00","0.00","0.00","0.00","0.00","0.00","0.00","0.00","0.00","0.00","0.00","0.00","0.00","0.00","0.00","0.00","0.00","0.00","0.00","0.00","0.00","0.00","0.00","0.00","0.00","0.00","0.00","0.00","0.00","0.00","0.00","F",,"1","2023-08-08","2023-08-09","10:57:08","14:41:18","ADMIN","ADMIN"
"652","201.240","03",,"RPC ROHIL","HUTANG RPR PD KANTOR PUSAT",,"HTG KANTOR PUSAT","201.240/RPC ROHIL/HTG KANTOR PUSAT/KP","KP","200","200","201.200",,"01","Aktifitas Operasi   ","Neraca","Kredit","F","F","T",,"0.00","0.00","0.00","0.00","0.00","0.00","0.00","0.00","0.00","0.00","0.00","0.00","0.00","0.00","0.00","0.00","0.00","0.00","0.00","0.00","0.00","0.00","0.00","0.00","0.00","0.00","0.00","0.00","0.00","0.00","0.00","0.00","0.00","0.00","0.00","0.00","0.00","0.00","0.00","0.00","0.00","0.00","0.00","0.00","0.00","0.00","0.00","0.00","0.00","0.00","0.00","0.00","0.00","0.00","0.00","0.00","0.00","0.00","0.00","0.00","0.00","0.00","0.00","0.00","0.00","0.00","F",,"1","2023-08-08","2023-08-29","12:46:48","18:19:14","ADMIN","ADMIN"
"653","201.250","03",,"RPC INHIL","HUTANG RPI PD KANTOR PUSAT",,"HTG KANTOR PUSAT","201.250/RPC INHIL/HTG KANTOR PUSAT/KP","KP","200","200","201.200",,"01","Aktifitas Operasi   ","Neraca","Kredit","F","F","T",,"0.00","0.00","0.00","0.00","0.00","0.00","0.00","0.00","0.00","0.00","0.00","0.00","0.00","0.00","0.00","0.00","0.00","0.00","0.00","0.00","0.00","0.00","0.00","0.00","0.00","0.00","0.00","0.00","0.00","0.00","0.00","0.00","0.00","0.00","0.00","0.00","0.00","0.00","0.00","0.00","0.00","0.00","0.00","0.00","0.00","0.00","0.00","0.00","0.00","0.00","0.00","0.00","0.00","0.00","0.00","0.00","0.00","0.00","0.00","0.00","0.00","0.00","0.00","0.00","0.00","0.00","F",,"1","2023-08-08","2023-08-29","12:54:15","18:19:49","ADMIN","ADMIN"
"654","300.612","03",,"RPC INHIL","LABA/RUGI S/D TAHUN LALU RPI",,"LR THN LALU","300.612/RPC INHIL/LR THN LALU/KP","KP","350","300","300.600",,"03","Aktifitas Pendanaan ","Neraca","Debet","F","F","T",,"0.00","0.00","0.00","0.00","0.00","0.00","0.00","0.00","0.00","0.00","0.00","0.00","0.00","0.00","0.00","0.00","0.00","0.00","0.00","0.00","0.00","0.00","0.00","0.00","0.00","0.00","0.00","0.00","0.00","0.00","0.00","0.00","0.00","0.00","0.00","0.00","0.00","0.00","0.00","0.00","0.00","0.00","0.00","0.00","0.00","0.00","0.00","0.00","0.00","0.00","0.00","0.00","0.00","0.00","0.00","0.00","0.00","0.00","0.00","0.00","0.00","0.00","0.00","0.00","0.00","0.00","F",,"1","2023-08-09","2023-08-09","14:37:29","14:37:29","ADMIN","ADMIN"
"655","206.100","03",,"KANTOR PUSAT","HUTANG BANK RIAU KEPRI SYARIAH",,"BRKS","206.100/KANTOR PUSAT/BRKS/KP","KP","200","200","206.000",,"03","Aktifitas Pendanaan","Neraca","Kredit","F","F","T",,"0.00","0.00","0.00","0.00","0.00","0.00","0.00","0.00","0.00","0.00","0.00","0.00","0.00","0.00","0.00","0.00","0.00","0.00","0.00","0.00","0.00","0.00","0.00","0.00","0.00","0.00","0.00","0.00","0.00","0.00","0.00","0.00","0.00","0.00","0.00","0.00","0.00","0.00","0.00","0.00","0.00","0.00","0.00","0.00","0.00","0.00","0.00","0.00","0.00","0.00","0.00","0.00","0.00","0.00","0.00","0.00","0.00","0.00","0.00","0.00","0.00","0.00","0.00","0.00","0.00","0.00","F",,"1","2023-08-14","2023-08-14","13:11:35","13:11:35","ADMIN","ADMIN"
"657","103.110","03",,"RPC ROHIL","ARITONANG 59",,"ARITONANG","103.110/RPC ROHIL/ARITONANG/KP","KP","100","100","103.110",,"01","Aktifitas Operasi   ","Neraca","Debet","F","F","T",,"0.00","0.00","0.00","0.00","0.00","0.00","0.00","0.00","0.00","0.00","0.00","0.00","0.00","0.00","0.00","0.00","0.00","0.00","0.00","0.00","0.00","0.00","0.00","0.00","0.00","0.00","0.00","0.00","0.00","0.00","0.00","0.00","0.00","0.00","0.00","0.00","0.00","0.00","0.00","0.00","0.00","0.00","0.00","0.00","0.00","0.00","0.00","0.00","0.00","0.00","0.00","0.00","0.00","0.00","0.00","0.00","0.00","0.00","0.00","0.00","0.00","0.00","0.00","0.00","0.00","0.00","F",,"1","2023-08-18","2023-08-18","16:13:06","16:13:06","ADMIN","ADMIN"
"658","103.110","03",,"RPC ROHIL","ARIF BALAM KM 6",,"ARIF BLM","103.110/RPC ROHIL/ARIF BLM/KP","KP","100","100","103.110",,"01","Aktifitas Operasi   ","Neraca","Debet","F","F","T",,"0.00","0.00","0.00","0.00","0.00","0.00","0.00","0.00","0.00","0.00","0.00","0.00","0.00","0.00","0.00","0.00","0.00","0.00","0.00","0.00","0.00","0.00","0.00","0.00","0.00","0.00","0.00","0.00","0.00","0.00","0.00","0.00","0.00","0.00","0.00","0.00","0.00","0.00","0.00","0.00","0.00","0.00","0.00","0.00","0.00","0.00","0.00","0.00","0.00","0.00","0.00","0.00","0.00","0.00","0.00","0.00","0.00","0.00","0.00","0.00","0.00","0.00","0.00","0.00","0.00","0.00","F",,"1","2023-08-18","2023-08-18","16:15:45","16:15:45","ADMIN","ADMIN"
"659","103.110","03",,"RPC ROHIL","BELLA 44",,"BELLA","103.110/RPC ROHIL/BELLA/KP","KP","100","100","103.110",,"01","Aktifitas Operasi   ","Neraca","Debet","F","F","T",,"0.00","0.00","0.00","0.00","0.00","0.00","0.00","0.00","0.00","0.00","0.00","0.00","0.00","0.00","0.00","0.00","0.00","0.00","0.00","0.00","0.00","0.00","0.00","0.00","0.00","0.00","0.00","0.00","0.00","0.00","0.00","0.00","0.00","0.00","0.00","0.00","0.00","0.00","0.00","0.00","0.00","0.00","0.00","0.00","0.00","0.00","0.00","0.00","0.00","0.00","0.00","0.00","0.00","0.00","0.00","0.00","0.00","0.00","0.00","0.00","0.00","0.00","0.00","0.00","0.00","0.00","F",,"1","2023-08-18","2023-08-18","16:17:22","16:17:22","ADMIN","ADMIN"
"660","620.103","03",,"SPR CL","BEBAN METERAI",,"METERAI","620.103/SPR CL/METERAI/CL","CL","600","600","620.103",,"01","Aktifitas Operasi","Neraca","Debet","F","F","T",,"0.00","0.00","0.00","0.00","0.00","0.00","0.00","0.00","0.00","0.00","0.00","0.00","0.00","0.00","0.00","0.00","0.00","0.00","0.00","0.00","0.00","0.00","0.00","0.00","0.00","0.00","0.00","0.00","0.00","0.00","0.00","0.00","0.00","0.00","0.00","0.00","0.00","0.00","0.00","0.00","0.00","0.00","0.00","0.00","0.00","0.00","0.00","0.00","0.00","0.00","0.00","0.00","0.00","0.00","0.00","0.00","0.00","0.00","0.00","0.00","0.00","0.00","0.00","0.00","0.00","0.00","F",,"1","2023-08-18","2023-08-18","16:26:29","16:26:29","ADMIN","ADMIN"
"661","103.110","03",,"KANTOR PUSAT","EDI, TELUK BANO",,"EDI","103.110/KANTOR PUSAT/EDI/KP","KP","100","100","103.110",,"01","Aktifitas Operasi   ","Neraca","Debet","F","F","T",,"0.00","0.00","0.00","0.00","0.00","0.00","0.00","0.00","0.00","0.00","0.00","0.00","0.00","0.00","0.00","0.00","0.00","0.00","0.00","0.00","0.00","0.00","0.00","0.00","0.00","0.00","0.00","0.00","0.00","0.00","0.00","0.00","0.00","0.00","0.00","0.00","0.00","0.00","0.00","0.00","0.00","0.00","0.00","0.00","0.00","0.00","0.00","0.00","0.00","0.00","0.00","0.00","0.00","0.00","0.00","0.00","0.00","0.00","0.00","0.00","0.00","0.00","0.00","0.00","0.00","0.00","F",,"1","2023-08-18","2023-08-18","16:30:28","16:30:28","ADMIN","ADMIN"
"662","620.103","03",,"SPR CL","BEBAN PENGIRIMAN DOKUMEN",,"PENGIRIMAN DOKUMEN","620.103/SPR CL/PENGIRIMAN DOKUMEN/CL","CL","600","600","620.103",,"01","Aktifitas Operasi","Neraca","Debet","F","F","T",,"0.00","0.00","0.00","0.00","0.00","0.00","0.00","0.00","0.00","0.00","0.00","0.00","0.00","0.00","0.00","0.00","0.00","0.00","0.00","0.00","0.00","0.00","0.00","0.00","0.00","0.00","0.00","0.00","0.00","0.00","0.00","0.00","0.00","0.00","0.00","0.00","0.00","0.00","0.00","0.00","0.00","0.00","0.00","0.00","0.00","0.00","0.00","0.00","0.00","0.00","0.00","0.00","0.00","0.00","0.00","0.00","0.00","0.00","0.00","0.00","0.00","0.00","0.00","0.00","0.00","0.00","F",,"1","2023-08-18","2023-08-18","16:31:41","16:31:41","ADMIN","ADMIN"
"663","103.110","03",,"RPC ROHIL","HANIPAR 24",,"HANIPAR","103.110/RPC ROHIL/HANIPAR/KP","KP","100","100","103.110",,"01","Aktifitas Operasi   ","Neraca","Debet","F","F","T",,"0.00","0.00","0.00","0.00","0.00","0.00","0.00","0.00","0.00","0.00","0.00","0.00","0.00","0.00","0.00","0.00","0.00","0.00","0.00","0.00","0.00","0.00","0.00","0.00","0.00","0.00","0.00","0.00","0.00","0.00","0.00","0.00","0.00","0.00","0.00","0.00","0.00","0.00","0.00","0.00","0.00","0.00","0.00","0.00","0.00","0.00","0.00","0.00","0.00","0.00","0.00","0.00","0.00","0.00","0.00","0.00","0.00","0.00","0.00","0.00","0.00","0.00","0.00","0.00","0.00","0.00","F",,"1","2023-08-18","2023-08-18","16:32:06","16:32:06","ADMIN","ADMIN"
"664","103.110","03",,"RPC ROHIL","KORKIS/MIKO 52",,"KORKIS/MIKO","103.110/RPC ROHIL/KORKIS/MIKO/KP","KP","100","100","103.110",,"01","Aktifitas Operasi   ","Neraca","Debet","F","F","T",,"0.00","0.00","0.00","0.00","0.00","0.00","0.00","0.00","0.00","0.00","0.00","0.00","0.00","0.00","0.00","0.00","0.00","0.00","0.00","0.00","0.00","0.00","0.00","0.00","0.00","0.00","0.00","0.00","0.00","0.00","0.00","0.00","0.00","0.00","0.00","0.00","0.00","0.00","0.00","0.00","0.00","0.00","0.00","0.00","0.00","0.00","0.00","0.00","0.00","0.00","0.00","0.00","0.00","0.00","0.00","0.00","0.00","0.00","0.00","0.00","0.00","0.00","0.00","0.00","0.00","0.00","F",,"1","2023-08-18","2023-08-18","16:34:44","16:34:44","ADMIN","ADMIN"
"665","103.110","03",,"RPC ROHIL","MAK SITI 57",,"MAK SITI","103.110/RPC ROHIL/MAK SITI/KP","KP","100","100","103.110",,"01","Aktifitas Operasi   ","Neraca","Debet","F","F","T",,"0.00","0.00","0.00","0.00","0.00","0.00","0.00","0.00","0.00","0.00","0.00","0.00","0.00","0.00","0.00","0.00","0.00","0.00","0.00","0.00","0.00","0.00","0.00","0.00","0.00","0.00","0.00","0.00","0.00","0.00","0.00","0.00","0.00","0.00","0.00","0.00","0.00","0.00","0.00","0.00","0.00","0.00","0.00","0.00","0.00","0.00","0.00","0.00","0.00","0.00","0.00","0.00","0.00","0.00","0.00","0.00","0.00","0.00","0.00","0.00","0.00","0.00","0.00","0.00","0.00","0.00","F",,"1","2023-08-18","2023-08-18","16:35:32","16:35:32","ADMIN","ADMIN"
"666","103.110","03",,"RPC ROHIL","MANDRA, TELUK BANO",,"MANDRA","103.110/RPC ROHIL/MANDRA/KP","KP","100","100","103.110",,"01","Aktifitas Operasi   ","Neraca","Debet","F","F","T",,"0.00","0.00","0.00","0.00","0.00","0.00","0.00","0.00","0.00","0.00","0.00","0.00","0.00","0.00","0.00","0.00","0.00","0.00","0.00","0.00","0.00","0.00","0.00","0.00","0.00","0.00","0.00","0.00","0.00","0.00","0.00","0.00","0.00","0.00","0.00","0.00","0.00","0.00","0.00","0.00","0.00","0.00","0.00","0.00","0.00","0.00","0.00","0.00","0.00","0.00","0.00","0.00","0.00","0.00","0.00","0.00","0.00","0.00","0.00","0.00","0.00","0.00","0.00","0.00","0.00","0.00","F",,"1","2023-08-18","2023-08-18","16:40:27","16:40:27","ADMIN","ADMIN"
"667","103.110","03",,"RPC ROHIL","MARKETING (TUMPAL BOB SILABAN)",,"MAREKETING","103.110/RPC ROHIL/MAREKETING/KP","KP","100","100","103.110",,"01","Aktifitas Operasi   ","Neraca","Debet","F","F","T",,"0.00","0.00","0.00","0.00","0.00","0.00","0.00","0.00","0.00","0.00","0.00","0.00","0.00","0.00","0.00","0.00","0.00","0.00","0.00","0.00","0.00","0.00","0.00","0.00","0.00","0.00","0.00","0.00","0.00","0.00","0.00","0.00","0.00","0.00","0.00","0.00","0.00","0.00","0.00","0.00","0.00","0.00","0.00","0.00","0.00","0.00","0.00","0.00","0.00","0.00","0.00","0.00","0.00","0.00","0.00","0.00","0.00","0.00","0.00","0.00","0.00","0.00","0.00","0.00","0.00","0.00","F",,"1","2023-08-18","2023-08-18","16:41:37","16:41:37","ADMIN","ADMIN"
"668","103.110","03",,"RPC ROHIL","MITRA SEKAWAN 53",,"MITRA SKWN","103.110/RPC ROHIL/MITRA SKWN/KP","KP","100","100","103.110",,"01","Aktifitas Operasi   ","Neraca","Debet","F","F","T",,"0.00","0.00","0.00","0.00","0.00","0.00","0.00","0.00","0.00","0.00","0.00","0.00","0.00","0.00","0.00","0.00","0.00","0.00","0.00","0.00","0.00","0.00","0.00","0.00","0.00","0.00","0.00","0.00","0.00","0.00","0.00","0.00","0.00","0.00","0.00","0.00","0.00","0.00","0.00","0.00","0.00","0.00","0.00","0.00","0.00","0.00","0.00","0.00","0.00","0.00","0.00","0.00","0.00","0.00","0.00","0.00","0.00","0.00","0.00","0.00","0.00","0.00","0.00","0.00","0.00","0.00","F",,"1","2023-08-18","2023-08-18","16:42:25","16:42:25","ADMIN","ADMIN"
"669","103.110","03",,"RPC ROHIL","MUNTE 60",,"MUNTE","103.110/RPC ROHIL/MUNTE/KP","KP","100","100","103.110",,"01","Aktifitas Operasi   ","Neraca","Debet","F","F","T",,"0.00","0.00","0.00","0.00","0.00","0.00","0.00","0.00","0.00","0.00","0.00","0.00","0.00","0.00","0.00","0.00","0.00","0.00","0.00","0.00","0.00","0.00","0.00","0.00","0.00","0.00","0.00","0.00","0.00","0.00","0.00","0.00","0.00","0.00","0.00","0.00","0.00","0.00","0.00","0.00","0.00","0.00","0.00","0.00","0.00","0.00","0.00","0.00","0.00","0.00","0.00","0.00","0.00","0.00","0.00","0.00","0.00","0.00","0.00","0.00","0.00","0.00","0.00","0.00","0.00","0.00","F",,"1","2023-08-18","2023-08-18","16:43:07","16:43:07","ADMIN","ADMIN"
"670","103.110","03",,"RPC ROHIL","RIDWAN, BADNUR",,"RIDWAN","103.110/RPC ROHIL/RIDWAN/KP","KP","100","100","103.110",,"01","Aktifitas Operasi   ","Neraca","Debet","F","F","T",,"0.00","0.00","0.00","0.00","0.00","0.00","0.00","0.00","0.00","0.00","0.00","0.00","0.00","0.00","0.00","0.00","0.00","0.00","0.00","0.00","0.00","0.00","0.00","0.00","0.00","0.00","0.00","0.00","0.00","0.00","0.00","0.00","0.00","0.00","0.00","0.00","0.00","0.00","0.00","0.00","0.00","0.00","0.00","0.00","0.00","0.00","0.00","0.00","0.00","0.00","0.00","0.00","0.00","0.00","0.00","0.00","0.00","0.00","0.00","0.00","0.00","0.00","0.00","0.00","0.00","0.00","F",,"1","2023-08-18","2023-08-18","16:43:49","16:43:49","ADMIN","ADMIN"
"671","103.110","03",,"RPC ROHIL","RIZKI 7",,"RIZKI","103.110/RPC ROHIL/RIZKI/KP","KP","100","100","103.110",,"01","Aktifitas Operasi   ","Neraca","Debet","F","F","T",,"0.00","0.00","0.00","0.00","0.00","0.00","0.00","0.00","0.00","0.00","0.00","0.00","0.00","0.00","0.00","0.00","0.00","0.00","0.00","0.00","0.00","0.00","0.00","0.00","0.00","0.00","0.00","0.00","0.00","0.00","0.00","0.00","0.00","0.00","0.00","0.00","0.00","0.00","0.00","0.00","0.00","0.00","0.00","0.00","0.00","0.00","0.00","0.00","0.00","0.00","0.00","0.00","0.00","0.00","0.00","0.00","0.00","0.00","0.00","0.00","0.00","0.00","0.00","0.00","0.00","0.00","F",,"1","2023-08-18","2023-08-18","16:44:32","16:44:32","ADMIN","ADMIN"
"672","103.110","03",,"RPC ROHIL","RUDI, SIMPANG POROS",,"RUDI","103.110/RPC ROHIL/RUDI/KP","KP","100","100","103.110",,"01","Aktifitas Operasi   ","Neraca","Debet","F","F","T",,"0.00","0.00","0.00","0.00","0.00","0.00","0.00","0.00","0.00","0.00","0.00","0.00","0.00","0.00","0.00","0.00","0.00","0.00","0.00","0.00","0.00","0.00","0.00","0.00","0.00","0.00","0.00","0.00","0.00","0.00","0.00","0.00","0.00","0.00","0.00","0.00","0.00","0.00","0.00","0.00","0.00","0.00","0.00","0.00","0.00","0.00","0.00","0.00","0.00","0.00","0.00","0.00","0.00","0.00","0.00","0.00","0.00","0.00","0.00","0.00","0.00","0.00","0.00","0.00","0.00","0.00","F",,"1","2023-08-18","2023-08-18","16:45:13","16:45:13","ADMIN","ADMIN"
"673","103.110","03",,"RPC ROHIL","TAUFIK 1",,"TAUFIK","103.110/RPC ROHIL/TAUFIK/KP","KP","100","100","103.110",,"01","Aktifitas Operasi   ","Neraca","Debet","F","F","T",,"0.00","0.00","0.00","0.00","0.00","0.00","0.00","0.00","0.00","0.00","0.00","0.00","0.00","0.00","0.00","0.00","0.00","0.00","0.00","0.00","0.00","0.00","0.00","0.00","0.00","0.00","0.00","0.00","0.00","0.00","0.00","0.00","0.00","0.00","0.00","0.00","0.00","0.00","0.00","0.00","0.00","0.00","0.00","0.00","0.00","0.00","0.00","0.00","0.00","0.00","0.00","0.00","0.00","0.00","0.00","0.00","0.00","0.00","0.00","0.00","0.00","0.00","0.00","0.00","0.00","0.00","F",,"1","2023-08-18","2023-08-18","16:46:04","16:46:04","ADMIN","ADMIN"
"674","103.110","03",,"RPC ROHIL","WILSON 67",,"WILSON","103.110/RPC ROHIL/WILSON/KP","KP","100","100","103.110",,"01","Aktifitas Operasi   ","Neraca","Debet","F","F","T",,"0.00","0.00","0.00","0.00","0.00","0.00","0.00","0.00","0.00","0.00","0.00","0.00","0.00","0.00","0.00","0.00","0.00","0.00","0.00","0.00","0.00","0.00","0.00","0.00","0.00","0.00","0.00","0.00","0.00","0.00","0.00","0.00","0.00","0.00","0.00","0.00","0.00","0.00","0.00","0.00","0.00","0.00","0.00","0.00","0.00","0.00","0.00","0.00","0.00","0.00","0.00","0.00","0.00","0.00","0.00","0.00","0.00","0.00","0.00","0.00","0.00","0.00","0.00","0.00","0.00","0.00","F",,"1","2023-08-18","2023-08-18","16:46:45","16:46:45","ADMIN","ADMIN"
"675","103.110","03",,"RPC ROHIL","YUNUS, BANGKO",,"YUNUS","103.110/RPC ROHIL/YUNUS/KP","KP","100","100","103.110",,"01","Aktifitas Operasi   ","Neraca","Debet","F","F","T",,"0.00","0.00","0.00","0.00","0.00","0.00","0.00","0.00","0.00","0.00","0.00","0.00","0.00","0.00","0.00","0.00","0.00","0.00","0.00","0.00","0.00","0.00","0.00","0.00","0.00","0.00","0.00","0.00","0.00","0.00","0.00","0.00","0.00","0.00","0.00","0.00","0.00","0.00","0.00","0.00","0.00","0.00","0.00","0.00","0.00","0.00","0.00","0.00","0.00","0.00","0.00","0.00","0.00","0.00","0.00","0.00","0.00","0.00","0.00","0.00","0.00","0.00","0.00","0.00","0.00","0.00","F",,"1","2023-08-18","2023-08-18","16:48:53","16:48:53","ADMIN","ADMIN"
"676","103.150","03",,"RPC ROHIL","CADANGAN ARIF BALAM KM 6",,"CAD ARIF BLM","103.150/RPC ROHIL/CAD ARIF BLM/KP","KP","100","100","103.150",,"01","Aktifitas Operasi   ","Neraca","Kredit","F","F","T",,"0.00","0.00","0.00","0.00","0.00","0.00","0.00","0.00","0.00","0.00","0.00","0.00","0.00","0.00","0.00","0.00","0.00","0.00","0.00","0.00","0.00","0.00","0.00","0.00","0.00","0.00","0.00","0.00","0.00","0.00","0.00","0.00","0.00","0.00","0.00","0.00","0.00","0.00","0.00","0.00","0.00","0.00","0.00","0.00","0.00","0.00","0.00","0.00","0.00","0.00","0.00","0.00","0.00","0.00","0.00","0.00","0.00","0.00","0.00","0.00","0.00","0.00","0.00","0.00","0.00","0.00","F",,"1","2023-08-18","2023-08-18","16:53:08","16:53:08","ADMIN","ADMIN"
"677","103.150","03",,"RPC ROHIL","CADANGAN ARITONANG 59",,"CAD ARITONANG","103.150/RPC ROHIL/CAD ARITONANG/KP","KP","100","100","103.150",,"01","Aktifitas Operasi   ","Neraca","Kredit","F","F","T",,"0.00","0.00","0.00","0.00","0.00","0.00","0.00","0.00","0.00","0.00","0.00","0.00","0.00","0.00","0.00","0.00","0.00","0.00","0.00","0.00","0.00","0.00","0.00","0.00","0.00","0.00","0.00","0.00","0.00","0.00","0.00","0.00","0.00","0.00","0.00","0.00","0.00","0.00","0.00","0.00","0.00","0.00","0.00","0.00","0.00","0.00","0.00","0.00","0.00","0.00","0.00","0.00","0.00","0.00","0.00","0.00","0.00","0.00","0.00","0.00","0.00","0.00","0.00","0.00","0.00","0.00","F",,"1","2023-08-18","2023-08-18","16:53:54","16:53:54","ADMIN","ADMIN"
"678","103.150","03",,"RPC ROHIL","CADANGAN BELLA 44",,"CAD BELLA","103.150/RPC ROHIL/CAD BELLA/KP","KP","100","100","103.150",,"01","Aktifitas Operasi   ","Neraca","Kredit","F","F","T",,"0.00","0.00","0.00","0.00","0.00","0.00","0.00","0.00","0.00","0.00","0.00","0.00","0.00","0.00","0.00","0.00","0.00","0.00","0.00","0.00","0.00","0.00","0.00","0.00","0.00","0.00","0.00","0.00","0.00","0.00","0.00","0.00","0.00","0.00","0.00","0.00","0.00","0.00","0.00","0.00","0.00","0.00","0.00","0.00","0.00","0.00","0.00","0.00","0.00","0.00","0.00","0.00","0.00","0.00","0.00","0.00","0.00","0.00","0.00","0.00","0.00","0.00","0.00","0.00","0.00","0.00","F",,"1","2023-08-18","2023-08-18","16:54:42","16:54:42","ADMIN","ADMIN"
"679","103.150","03",,"RPC ROHIL","CADANGAN EDI, TELUK BANO",,"CAD EDI","103.150/RPC ROHIL/CAD EDI/KP","KP","100","100","103.150",,"01","Aktifitas Operasi   ","Neraca","Kredit","F","F","T",,"0.00","0.00","0.00","0.00","0.00","0.00","0.00","0.00","0.00","0.00","0.00","0.00","0.00","0.00","0.00","0.00","0.00","0.00","0.00","0.00","0.00","0.00","0.00","0.00","0.00","0.00","0.00","0.00","0.00","0.00","0.00","0.00","0.00","0.00","0.00","0.00","0.00","0.00","0.00","0.00","0.00","0.00","0.00","0.00","0.00","0.00","0.00","0.00","0.00","0.00","0.00","0.00","0.00","0.00","0.00","0.00","0.00","0.00","0.00","0.00","0.00","0.00","0.00","0.00","0.00","0.00","F",,"1","2023-08-18","2023-08-18","16:55:57","16:55:57","ADMIN","ADMIN"
"680","103.150","03",,"RPC ROHIL","CADANGAN HANIPAR 24",,"CAD HANIPAR","103.150/RPC ROHIL/CAD HANIPAR/KP","KP","100","100","103.150",,"01","Aktifitas Operasi   ","Neraca","Kredit","F","F","T",,"0.00","0.00","0.00","0.00","0.00","0.00","0.00","0.00","0.00","0.00","0.00","0.00","0.00","0.00","0.00","0.00","0.00","0.00","0.00","0.00","0.00","0.00","0.00","0.00","0.00","0.00","0.00","0.00","0.00","0.00","0.00","0.00","0.00","0.00","0.00","0.00","0.00","0.00","0.00","0.00","0.00","0.00","0.00","0.00","0.00","0.00","0.00","0.00","0.00","0.00","0.00","0.00","0.00","0.00","0.00","0.00","0.00","0.00","0.00","0.00","0.00","0.00","0.00","0.00","0.00","0.00","F",,"1","2023-08-18","2023-08-18","16:56:36","16:56:36","ADMIN","ADMIN"
"682","103.150","03",,"RPC ROHIL","CADANGAN MAK SITI 57",,"CAD MAK SITI","103.150/RPC ROHIL/CAD MAK SITI/KP","KP","100","100","103.150",,"01","Aktifitas Operasi   ","Neraca","Kredit","F","F","T",,"0.00","0.00","0.00","0.00","0.00","0.00","0.00","0.00","0.00","0.00","0.00","0.00","0.00","0.00","0.00","0.00","0.00","0.00","0.00","0.00","0.00","0.00","0.00","0.00","0.00","0.00","0.00","0.00","0.00","0.00","0.00","0.00","0.00","0.00","0.00","0.00","0.00","0.00","0.00","0.00","0.00","0.00","0.00","0.00","0.00","0.00","0.00","0.00","0.00","0.00","0.00","0.00","0.00","0.00","0.00","0.00","0.00","0.00","0.00","0.00","0.00","0.00","0.00","0.00","0.00","0.00","F",,"1","2023-08-18","2023-08-18","16:59:53","16:59:53","ADMIN","ADMIN"
"683","103.150","03",,"RPC ROHIL","CADANGAN MANDRA, TELUK BANO",,"CAD MANDRA","103.150/RPC ROHIL/CAD MANDRA/KP","KP","100","100","103.150",,"01","Aktifitas Operasi   ","Neraca","Kredit","F","F","T",,"0.00","0.00","0.00","0.00","0.00","0.00","0.00","0.00","0.00","0.00","0.00","0.00","0.00","0.00","0.00","0.00","0.00","0.00","0.00","0.00","0.00","0.00","0.00","0.00","0.00","0.00","0.00","0.00","0.00","0.00","0.00","0.00","0.00","0.00","0.00","0.00","0.00","0.00","0.00","0.00","0.00","0.00","0.00","0.00","0.00","0.00","0.00","0.00","0.00","0.00","0.00","0.00","0.00","0.00","0.00","0.00","0.00","0.00","0.00","0.00","0.00","0.00","0.00","0.00","0.00","0.00","F",,"1","2023-08-18","2023-08-18","17:00:42","17:00:42","ADMIN","ADMIN"
"684","103.150","03",,"RPC ROHIL","CADANGAN MITRA SEKAWAN 53",,"CAD MITRA SEKWN","103.150/RPC ROHIL/CAD MITRA SEKWN/KP","KP","100","100","103.150",,"01","Aktifitas Operasi   ","Neraca","Kredit","F","F","T",,"0.00","0.00","0.00","0.00","0.00","0.00","0.00","0.00","0.00","0.00","0.00","0.00","0.00","0.00","0.00","0.00","0.00","0.00","0.00","0.00","0.00","0.00","0.00","0.00","0.00","0.00","0.00","0.00","0.00","0.00","0.00","0.00","0.00","0.00","0.00","0.00","0.00","0.00","0.00","0.00","0.00","0.00","0.00","0.00","0.00","0.00","0.00","0.00","0.00","0.00","0.00","0.00","0.00","0.00","0.00","0.00","0.00","0.00","0.00","0.00","0.00","0.00","0.00","0.00","0.00","0.00","F",,"1","2023-08-18","2023-08-18","17:01:37","17:01:37","ADMIN","ADMIN"
"685","103.150","03",,"RPC ROHIL","CADANGAN MUNTE 60",,"CAD MUNTE","103.150/RPC ROHIL/CAD MUNTE/KP","KP","100","100","103.150",,"01","Aktifitas Operasi   ","Neraca","Kredit","F","F","T",,"0.00","0.00","0.00","0.00","0.00","0.00","0.00","0.00","0.00","0.00","0.00","0.00","0.00","0.00","0.00","0.00","0.00","0.00","0.00","0.00","0.00","0.00","0.00","0.00","0.00","0.00","0.00","0.00","0.00","0.00","0.00","0.00","0.00","0.00","0.00","0.00","0.00","0.00","0.00","0.00","0.00","0.00","0.00","0.00","0.00","0.00","0.00","0.00","0.00","0.00","0.00","0.00","0.00","0.00","0.00","0.00","0.00","0.00","0.00","0.00","0.00","0.00","0.00","0.00","0.00","0.00","F",,"1","2023-08-18","2023-08-18","17:02:28","17:02:28","ADMIN","ADMIN"
"686","103.150","03",,"RPC ROHIL","CADANGAN RIDWAN, BADNUR",,"CAD RIDWAN","103.150/RPC ROHIL/CAD RIDWAN/KP","KP","100","100","103.150",,"01","Aktifitas Operasi   ","Neraca","Kredit","F","F","T",,"0.00","0.00","0.00","0.00","0.00","0.00","0.00","0.00","0.00","0.00","0.00","0.00","0.00","0.00","0.00","0.00","0.00","0.00","0.00","0.00","0.00","0.00","0.00","0.00","0.00","0.00","0.00","0.00","0.00","0.00","0.00","0.00","0.00","0.00","0.00","0.00","0.00","0.00","0.00","0.00","0.00","0.00","0.00","0.00","0.00","0.00","0.00","0.00","0.00","0.00","0.00","0.00","0.00","0.00","0.00","0.00","0.00","0.00","0.00","0.00","0.00","0.00","0.00","0.00","0.00","0.00","F",,"1","2023-08-18","2023-08-18","17:03:26","17:03:26","ADMIN","ADMIN"
"687","103.150","03",,"RPC ROHIL","CADANGAN RIZKI 7",,"CAD RIZKI","103.150/RPC ROHIL/CAD RIZKI/KP","KP","100","100","103.150",,"01","Aktifitas Operasi   ","Neraca","Kredit","F","F","T",,"0.00","0.00","0.00","0.00","0.00","0.00","0.00","0.00","0.00","0.00","0.00","0.00","0.00","0.00","0.00","0.00","0.00","0.00","0.00","0.00","0.00","0.00","0.00","0.00","0.00","0.00","0.00","0.00","0.00","0.00","0.00","0.00","0.00","0.00","0.00","0.00","0.00","0.00","0.00","0.00","0.00","0.00","0.00","0.00","0.00","0.00","0.00","0.00","0.00","0.00","0.00","0.00","0.00","0.00","0.00","0.00","0.00","0.00","0.00","0.00","0.00","0.00","0.00","0.00","0.00","0.00","F",,"1","2023-08-18","2023-08-18","17:04:58","17:04:58","ADMIN","ADMIN"
"688","103.150","03",,"RPC ROHIL","CADANGAN RUDI, SIMPANG POROS",,"CAD RUDI","103.150/RPC ROHIL/CAD RUDI/KP","KP","100","100","103.150",,"01","Aktifitas Operasi   ","Neraca","Kredit","F","F","T",,"0.00","0.00","0.00","0.00","0.00","0.00","0.00","0.00","0.00","0.00","0.00","0.00","0.00","0.00","0.00","0.00","0.00","0.00","0.00","0.00","0.00","0.00","0.00","0.00","0.00","0.00","0.00","0.00","0.00","0.00","0.00","0.00","0.00","0.00","0.00","0.00","0.00","0.00","0.00","0.00","0.00","0.00","0.00","0.00","0.00","0.00","0.00","0.00","0.00","0.00","0.00","0.00","0.00","0.00","0.00","0.00","0.00","0.00","0.00","0.00","0.00","0.00","0.00","0.00","0.00","0.00","F",,"1","2023-08-18","2023-08-18","17:06:34","17:06:34","ADMIN","ADMIN"
"689","103.150","03",,"RPC ROHIL","CADANGAN SLAMAT 31",,"CAD SLAMAT","103.150/RPC ROHIL/CAD SLAMAT/KP","KP","100","100","103.150",,"01","Aktifitas Operasi   ","Neraca","Kredit","F","F","T",,"0.00","0.00","0.00","0.00","0.00","0.00","0.00","0.00","0.00","0.00","0.00","0.00","0.00","0.00","0.00","0.00","0.00","0.00","0.00","0.00","0.00","0.00","0.00","0.00","0.00","0.00","0.00","0.00","0.00","0.00","0.00","0.00","0.00","0.00","0.00","0.00","0.00","0.00","0.00","0.00","0.00","0.00","0.00","0.00","0.00","0.00","0.00","0.00","0.00","0.00","0.00","0.00","0.00","0.00","0.00","0.00","0.00","0.00","0.00","0.00","0.00","0.00","0.00","0.00","0.00","0.00","F",,"1","2023-08-18","2023-08-18","17:07:40","17:07:40","ADMIN","ADMIN"
"690","103.150","03",,"RPC ROHIL","CADANGAN TAUFIK 1",,"CAD TAUFIK","103.150/RPC ROHIL/CAD TAUFIK/KP","KP","100","100","103.150",,"01","Aktifitas Operasi   ","Neraca","Kredit","F","F","T",,"0.00","0.00","0.00","0.00","0.00","0.00","0.00","0.00","0.00","0.00","0.00","0.00","0.00","0.00","0.00","0.00","0.00","0.00","0.00","0.00","0.00","0.00","0.00","0.00","0.00","0.00","0.00","0.00","0.00","0.00","0.00","0.00","0.00","0.00","0.00","0.00","0.00","0.00","0.00","0.00","0.00","0.00","0.00","0.00","0.00","0.00","0.00","0.00","0.00","0.00","0.00","0.00","0.00","0.00","0.00","0.00","0.00","0.00","0.00","0.00","0.00","0.00","0.00","0.00","0.00","0.00","F",,"1","2023-08-18","2023-08-18","17:11:45","17:11:45","ADMIN","ADMIN"
"691","103.150","03",,"RPC ROHIL","CADANGAN WILSON 67",,"CAD WILSON","103.150/RPC ROHIL/CAD WILSON/KP","KP","100","100","103.150",,"01","Aktifitas Operasi   ","Neraca","Kredit","F","F","T",,"0.00","0.00","0.00","0.00","0.00","0.00","0.00","0.00","0.00","0.00","0.00","0.00","0.00","0.00","0.00","0.00","0.00","0.00","0.00","0.00","0.00","0.00","0.00","0.00","0.00","0.00","0.00","0.00","0.00","0.00","0.00","0.00","0.00","0.00","0.00","0.00","0.00","0.00","0.00","0.00","0.00","0.00","0.00","0.00","0.00","0.00","0.00","0.00","0.00","0.00","0.00","0.00","0.00","0.00","0.00","0.00","0.00","0.00","0.00","0.00","0.00","0.00","0.00","0.00","0.00","0.00","F",,"1","2023-08-18","2023-08-18","17:13:36","17:13:36","ADMIN","ADMIN"
"692","103.150","03",,"RPC ROHIL","CADANGAN YUNUS, BANGKO",,"CAD YUNUS","103.150/RPC ROHIL/CAD YUNUS/KP","KP","100","100","103.150",,"01","Aktifitas Operasi   ","Neraca","Kredit","F","F","T",,"0.00","0.00","0.00","0.00","0.00","0.00","0.00","0.00","0.00","0.00","0.00","0.00","0.00","0.00","0.00","0.00","0.00","0.00","0.00","0.00","0.00","0.00","0.00","0.00","0.00","0.00","0.00","0.00","0.00","0.00","0.00","0.00","0.00","0.00","0.00","0.00","0.00","0.00","0.00","0.00","0.00","0.00","0.00","0.00","0.00","0.00","0.00","0.00","0.00","0.00","0.00","0.00","0.00","0.00","0.00","0.00","0.00","0.00","0.00","0.00","0.00","0.00","0.00","0.00","0.00","0.00","F",,"1","2023-08-18","2023-08-18","17:15:37","17:15:37","ADMIN","ADMIN"
"693","103.150","03",,"RPC ROHIL","CADANGAN MARKETING (TUMPAL BOB SILABAN)",,"CAD MARKETING","103.150/RPC ROHIL/CAD MARKETING/KP","KP","100","100","103.150",,"01","Aktifitas Operasi   ","Neraca","Kredit","F","F","T",,"0.00","0.00","0.00","0.00","0.00","0.00","0.00","0.00","0.00","0.00","0.00","0.00","0.00","0.00","0.00","0.00","0.00","0.00","0.00","0.00","0.00","0.00","0.00","0.00","0.00","0.00","0.00","0.00","0.00","0.00","0.00","0.00","0.00","0.00","0.00","0.00","0.00","0.00","0.00","0.00","0.00","0.00","0.00","0.00","0.00","0.00","0.00","0.00","0.00","0.00","0.00","0.00","0.00","0.00","0.00","0.00","0.00","0.00","0.00","0.00","0.00","0.00","0.00","0.00","0.00","0.00","F",,"1","2023-08-18","2023-08-18","17:19:37","17:19:37","ADMIN","ADMIN"
"694","112.102","03",,"RPC ROHIL","BANGUNAN RPR-POS SECURITY",,"BANGUNAN","112.102/RPC ROHIL/BANGUNAN/KP","KP","110","100","112.100",,"01","Aktifitas Operasi   ","Neraca","Debet","F","F","T",,"0.00","0.00","0.00","0.00","0.00","0.00","0.00","0.00","0.00","0.00","0.00","0.00","0.00","0.00","0.00","0.00","0.00","0.00","0.00","0.00","0.00","0.00","0.00","0.00","0.00","0.00","0.00","0.00","0.00","0.00","0.00","0.00","0.00","0.00","0.00","0.00","0.00","0.00","0.00","0.00","0.00","0.00","0.00","0.00","0.00","0.00","0.00","0.00","0.00","0.00","0.00","0.00","0.00","0.00","0.00","0.00","0.00","0.00","0.00","0.00","0.00","0.00","0.00","0.00","0.00","0.00","F",,"1","2023-08-18","2023-08-18","17:29:46","17:29:46","ADMIN","ADMIN"
"695","112.201","03",,"RPC ROHIL","AKUM. PENY. BANGUNAN RPR-POS SECURITY",,"AK PENY BANGUNAN","112.201/RPC ROHIL/AK PENY BANGUNAN/KP","KP","110","100","112.200",,"01","Aktifitas Operasi   ","Neraca","Kredit","F","F","T",,"0.00","0.00","0.00","0.00","0.00","0.00","0.00","0.00","0.00","0.00","0.00","0.00","0.00","0.00","0.00","0.00","0.00","0.00","0.00","0.00","0.00","0.00","0.00","0.00","0.00","0.00","0.00","0.00","0.00","0.00","0.00","0.00","0.00","0.00","0.00","0.00","0.00","0.00","0.00","0.00","0.00","0.00","0.00","0.00","0.00","0.00","0.00","0.00","0.00","0.00","0.00","0.00","0.00","0.00","0.00","0.00","0.00","0.00","0.00","0.00","0.00","0.00","0.00","0.00","0.00","0.00","F",,"1","2023-08-18","2023-08-18","17:33:15","17:33:15","ADMIN","ADMIN"
"696","400.300","03",,"SPR CL","PENGUJIAN KUALITAS AIR LIMBAH",,"PENDPTAN LIMBAH","400.300/SPR CL/PENDPTAN LIMBAH/CL","CL","400","400","400.300",,"01","Aktifitas Operasi","Laba Rugi","Kredit","F","F","T",,"0.00","0.00","0.00","0.00","0.00","0.00","0.00","0.00","0.00","0.00","0.00","0.00","0.00","0.00","0.00","0.00","0.00","0.00","0.00","0.00","0.00","0.00","0.00","0.00","0.00","0.00","0.00","0.00","0.00","0.00","0.00","0.00","0.00","0.00","0.00","0.00","0.00","0.00","0.00","0.00","0.00","0.00","0.00","0.00","0.00","0.00","0.00","0.00","0.00","0.00","0.00","0.00","0.00","0.00","0.00","0.00","0.00","0.00","0.00","0.00","0.00","0.00","0.00","0.00","0.00","0.00","F",,"1","2023-08-23","2023-08-23","11:44:38","11:44:38","ADMIN","ADMIN"
"697","620.111","03",,"SPR CL","BUAHTANGAN",,"BUAH TANGAN","620.111/SPR CL/BUAH TANGAN/CL","CL","600","600","620.111",,"01","Aktifitas Operasi   ","Laba Rugi","Debet","F","F","T",,"0.00","0.00","0.00","0.00","0.00","0.00","0.00","0.00","0.00","0.00","0.00","0.00","0.00","0.00","0.00","0.00","0.00","0.00","0.00","0.00","0.00","0.00","0.00","0.00","0.00","0.00","0.00","0.00","0.00","0.00","0.00","0.00","0.00","0.00","0.00","0.00","0.00","0.00","0.00","0.00","0.00","0.00","0.00","0.00","0.00","0.00","0.00","0.00","0.00","0.00","0.00","0.00","0.00","0.00","0.00","0.00","0.00","0.00","0.00","0.00","0.00","0.00","0.00","0.00","0.00","0.00","F",,"1","2023-08-28","2023-08-28","12:45:08","12:45:08","ADMIN","ADMIN"
"698","103.150","03",,"RPC ROHIL","CADANGAN KORKIS/MIKO 52",,"CAD KORKIS","103.150/RPC ROHIL/CAD KORKIS/KP","KP","100","100","103.150",,"01","Aktifitas Operasi   ","Neraca","Kredit","F","F","T",,"0.00","0.00","0.00","0.00","0.00","0.00","0.00","0.00","0.00","0.00","0.00","0.00","0.00","0.00","0.00","0.00","0.00","0.00","0.00","0.00","0.00","0.00","0.00","0.00","0.00","0.00","0.00","0.00","0.00","0.00","0.00","0.00","0.00","0.00","0.00","0.00","0.00","0.00","0.00","0.00","0.00","0.00","0.00","0.00","0.00","0.00","0.00","0.00","0.00","0.00","0.00","0.00","0.00","0.00","0.00","0.00","0.00","0.00","0.00","0.00","0.00","0.00","0.00","0.00","0.00","0.00","F",,"1","2023-08-28","2023-08-28","17:36:58","17:36:58","ADMIN","ADMIN"
"699","103.110","03",,"RPC ROHIL","SLAMAT 31",,"SLAMAT","103.110/RPC ROHIL/SLAMAT/KP","KP","100","100","103.110",,"01","Aktifitas Operasi   ","Neraca","Debet","F","F","T",,"0.00","0.00","0.00","0.00","0.00","0.00","0.00","0.00","0.00","0.00","0.00","0.00","0.00","0.00","0.00","0.00","0.00","0.00","0.00","0.00","0.00","0.00","0.00","0.00","0.00","0.00","0.00","0.00","0.00","0.00","0.00","0.00","0.00","0.00","0.00","0.00","0.00","0.00","0.00","0.00","0.00","0.00","0.00","0.00","0.00","0.00","0.00","0.00","0.00","0.00","0.00","0.00","0.00","0.00","0.00","0.00","0.00","0.00","0.00","0.00","0.00","0.00","0.00","0.00","0.00","0.00","F",,"1","2023-08-28","2023-08-28","17:48:12","17:48:12","ADMIN","ADMIN"
"700","108.101","03",,"KANTOR PUSAT","PANJAR KERJA KARYAWAN",,"PANJAR","108.101/KANTOR PUSAT/PANJAR/KP","KP","100","100","108.100",,"01","Aktifitas Operasi   ","Neraca","Debet","F","F","T",,"0.00","0.00","0.00","0.00","0.00","0.00","0.00","0.00","0.00","0.00","0.00","0.00","0.00","0.00","0.00","0.00","0.00","0.00","0.00","0.00","0.00","0.00","0.00","0.00","0.00","0.00","0.00","0.00","0.00","0.00","0.00","0.00","0.00","0.00","0.00","0.00","0.00","0.00","0.00","0.00","0.00","0.00","0.00","0.00","0.00","0.00","0.00","0.00","0.00","0.00","0.00","0.00","0.00","0.00","0.00","0.00","0.00","0.00","0.00","0.00","0.00","0.00","0.00","0.00","0.00","0.00","F",,"1","2023-08-29","2023-08-29","17:49:15","17:49:15","ADMIN","ADMIN"
"701","201.130","03",,"KANTOR PUSAT","PT ASTRAGRAPHIA, TBK",,"ASTRAGRAPHIA","201.130/KANTOR PUSAT/ASTRAGRAPHIA/KP","KP","200","200","201.100",,"02","Aktifitas Investasi ","Neraca","Kredit","F","F","T",,"0.00","0.00","0.00","0.00","0.00","0.00","0.00","0.00","0.00","0.00","0.00","0.00","0.00","0.00","0.00","0.00","0.00","0.00","0.00","0.00","0.00","0.00","0.00","0.00","0.00","0.00","0.00","0.00","0.00","0.00","0.00","0.00","0.00","0.00","0.00","0.00","0.00","0.00","0.00","0.00","0.00","0.00","0.00","0.00","0.00","0.00","0.00","0.00","0.00","0.00","0.00","0.00","0.00","0.00","0.00","0.00","0.00","0.00","0.00","0.00","0.00","0.00","0.00","0.00","0.00","0.00","F",,"1","2023-08-29","2023-08-29","18:14:14","18:14:14","ADMIN","ADMIN"
"702","300.240","03",,"KANTOR PUSAT","MODAL ATAS PERNYATAAN PENGAMPUNAN PAJAK",,"MODAL TA","300.240/KANTOR PUSAT/MODAL TA/KP","KP","300","300","300.200",,"01","Aktifitas Operasi   ","Neraca","Kredit","F","F","T",,"0.00","0.00","0.00","0.00","0.00","0.00","0.00","0.00","0.00","0.00","0.00","0.00","0.00","0.00","0.00","0.00","0.00","0.00","0.00","0.00","0.00","0.00","0.00","0.00","0.00","0.00","0.00","0.00","0.00","0.00","0.00","0.00","0.00","0.00","0.00","0.00","0.00","0.00","0.00","0.00","0.00","0.00","0.00","0.00","0.00","0.00","0.00","0.00","0.00","0.00","0.00","0.00","0.00","0.00","0.00","0.00","0.00","0.00","0.00","0.00","0.00","0.00","0.00","0.00","0.00","0.00","F",,"1","2023-08-29","2023-08-29","18:27:02","18:27:02","ADMIN","ADMIN"
"703","112.110","02",,"KANTOR PUSAT","ASET PEMBIAYAAN",,"ASET PEMBIAYAAN","112.110/KANTOR PUSAT/ASET PEMBIAYAAN/KP","KP","110","100","112.100",,"01","Aktifitas Operasi","Neraca","Debet","F","F","T",,"0.00","0.00","0.00","0.00","0.00","0.00","0.00","0.00","0.00","0.00","0.00","0.00","0.00","0.00","0.00","0.00","0.00","0.00","0.00","0.00","0.00","0.00","0.00","0.00","0.00","0.00","0.00","0.00","0.00","0.00","0.00","0.00","0.00","0.00","0.00","0.00","0.00","0.00","0.00","0.00","0.00","0.00","0.00","0.00","0.00","0.00","0.00","0.00","0.00","0.00","0.00","0.00","0.00","0.00","0.00","0.00","0.00","0.00","0.00","0.00","0.00","0.00","0.00","0.00","0.00","0.00","F",,"1","2023-08-30","2023-08-30","12:19:56","12:19:56","ADMIN","ADMIN"
"704","112.111","03",,"KANTOR PUSAT","KENDARAAN",,"KENDARAAN","112.111/KANTOR PUSAT/KENDARAAN/KP","KP","110","100","112.110",,"01","Aktifitas Operasi   ","Neraca","Debet","F","F","T",,"0.00","0.00","0.00","0.00","0.00","0.00","0.00","0.00","0.00","0.00","0.00","0.00","0.00","0.00","0.00","0.00","0.00","0.00","0.00","0.00","0.00","0.00","0.00","0.00","0.00","0.00","0.00","0.00","0.00","0.00","0.00","0.00","0.00","0.00","0.00","0.00","0.00","0.00","0.00","0.00","0.00","0.00","0.00","0.00","0.00","0.00","0.00","0.00","0.00","0.00","0.00","0.00","0.00","0.00","0.00","0.00","0.00","0.00","0.00","0.00","0.00","0.00","0.00","0.00","0.00","0.00","F",,"1","2023-08-30","2023-08-30","13:13:59","14:21:41","ADMIN","ADMIN"
"705","112.210","02",,"KANTOR PUSAT","AKUMULASI PENYUSUTAN ASET PEMBIAYAAN",,"AK PENY ASET BIAYA","112.210/KANTOR PUSAT/AK PENY ASET BIAYA/KP","KP","110","100","112.000",,"01","Aktifitas Operasi   ","Neraca","Kredit","F","F","T",,"0.00","0.00","0.00","0.00","0.00","0.00","0.00","0.00","0.00","0.00","0.00","0.00","0.00","0.00","0.00","0.00","0.00","0.00","0.00","0.00","0.00","0.00","0.00","0.00","0.00","0.00","0.00","0.00","0.00","0.00","0.00","0.00","0.00","0.00","0.00","0.00","0.00","0.00","0.00","0.00","0.00","0.00","0.00","0.00","0.00","0.00","0.00","0.00","0.00","0.00","0.00","0.00","0.00","0.00","0.00","0.00","0.00","0.00","0.00","0.00","0.00","0.00","0.00","0.00","0.00","0.00","F",,"1","2023-08-30","2023-08-30","14:16:27","14:20:54","ADMIN","ADMIN"
"706","112.211","03",,"KANTOR PUSAT","AKUMULASI PENYUSUTAN KENDARAAN",,"AK PENY KEND","112.211/KANTOR PUSAT/AK PENY KEND/KP","KP","110","100","112.210",,"01","Aktifitas Operasi","Neraca","Kredit","F","F","T",,"0.00","0.00","0.00","0.00","0.00","0.00","0.00","0.00","0.00","0.00","0.00","0.00","0.00","0.00","0.00","0.00","0.00","0.00","0.00","0.00","0.00","0.00","0.00","0.00","0.00","0.00","0.00","0.00","0.00","0.00","0.00","0.00","0.00","0.00","0.00","0.00","0.00","0.00","0.00","0.00","0.00","0.00","0.00","0.00","0.00","0.00","0.00","0.00","0.00","0.00","0.00","0.00","0.00","0.00","0.00","0.00","0.00","0.00","0.00","0.00","0.00","0.00","0.00","0.00","0.00","0.00","F",,"1","2023-08-30","2023-08-30","14:20:19","14:20:19","ADMIN","ADMIN"
"707","103.102","03",,"KANTOR PUSAT","KONSULTAN LAINNYA",,"KONSL LAIN","103.102/KANTOR PUSAT/KONSL LAIN/KP","KP","100","100","103.100",,"02","Aktifitas Investasi ","Neraca","Debet","F","F","T",,"0.00","0.00","0.00","0.00","0.00","0.00","0.00","0.00","0.00","0.00","0.00","0.00","0.00","0.00","0.00","0.00","0.00","0.00","0.00","0.00","0.00","0.00","0.00","0.00","0.00","0.00","0.00","0.00","0.00","0.00","0.00","0.00","0.00","0.00","0.00","0.00","0.00","0.00","0.00","0.00","0.00","0.00","0.00","0.00","0.00","0.00","0.00","0.00","0.00","0.00","0.00","0.00","0.00","0.00","0.00","0.00","0.00","0.00","0.00","0.00","0.00","0.00","0.00","0.00","0.00","0.00","F",,"1","2023-08-30","2023-08-30","14:46:20","14:46:20","ADMIN","ADMIN"
"708","201.101","03",,"SPR CL","PT ARARA ABADI",,"ARARA ABADI","201.101/SPR CL/ARARA ABADI/CL","CL","200","200","201.100",,"01","Aktifitas Operasi","Neraca","Debet","F","F","T",,"0.00","0.00","0.00","0.00","0.00","0.00","0.00","0.00","0.00","0.00","0.00","0.00","0.00","0.00","0.00","0.00","0.00","0.00","0.00","0.00","0.00","0.00","0.00","0.00","0.00","0.00","0.00","0.00","0.00","0.00","0.00","0.00","0.00","0.00","0.00","0.00","0.00","0.00","0.00","0.00","0.00","0.00","0.00","0.00","0.00","0.00","0.00","0.00","0.00","0.00","0.00","0.00","0.00","0.00","0.00","0.00","0.00","0.00","0.00","0.00","0.00","0.00","0.00","0.00","0.00","0.00","F",,"1","2023-09-26","2023-09-26","14:22:12","14:22:12","ADMIN","ADMIN"
"709","113.200","02",,"SPR CL","UANG MUKA",,"UANG MUKA","113.200/SPR CL/UANG MUKA/CL","CL","110","100","113.200",,"01","Aktifitas Operasi","Neraca","Debet","F","F","T",,"0.00","0.00","0.00","0.00","0.00","0.00","0.00","0.00","0.00","0.00","0.00","0.00","0.00","0.00","0.00","0.00","0.00","0.00","0.00","0.00","0.00","0.00","0.00","0.00","0.00","0.00","0.00","0.00","0.00","0.00","0.00","0.00","0.00","0.00","0.00","0.00","0.00","0.00","0.00","0.00","0.00","0.00","0.00","0.00","0.00","0.00","0.00","0.00","0.00","0.00","0.00","0.00","0.00","0.00","0.00","0.00","0.00","0.00","0.00","0.00","0.00","0.00","0.00","0.00","0.00","0.00","F",,"1","2023-09-26","2023-09-26","14:26:49","14:26:49","ADMIN","ADMIN"
"710","113.201","03",,"SPR CL","UANG MUKA AMDAL",,"UM AMDAL","113.201/SPR CL/UM AMDAL/CL","CL","110","100","113.200",,"01","Aktifitas Operasi","Neraca","Debet","F","F","T",,"0.00","0.00","0.00","0.00","0.00","0.00","0.00","0.00","0.00","0.00","0.00","0.00","0.00","0.00","0.00","0.00","0.00","0.00","0.00","0.00","0.00","0.00","0.00","0.00","0.00","0.00","0.00","0.00","0.00","0.00","0.00","0.00","0.00","0.00","0.00","0.00","0.00","0.00","0.00","0.00","0.00","0.00","0.00","0.00","0.00","0.00","0.00","0.00","0.00","0.00","0.00","0.00","0.00","0.00","0.00","0.00","0.00","0.00","0.00","0.00","0.00","0.00","0.00","0.00","0.00","0.00","F",,"1","2023-09-26","2023-09-26","14:30:31","14:30:31","ADMIN","ADMIN"
"711","113.112","03",,"SPR CL","BEBAN PAJAK",,"BEBAN PAJAK","113.112/SPR CL/BEBAN PAJAK/CL","CL","110","100","113.100",,"02","Aktifitas Investasi ","Neraca","Debet","F","F","F",,"0.00","0.00","0.00","0.00","0.00","0.00","0.00","0.00","0.00","0.00","0.00","0.00","0.00","0.00","0.00","0.00","0.00","0.00","0.00","0.00","0.00","0.00","0.00","0.00","0.00","0.00","0.00","0.00","0.00","0.00","0.00","0.00","0.00","0.00","0.00","0.00","0.00","0.00","0.00","0.00","0.00","0.00","0.00","0.00","0.00","0.00","0.00","0.00","0.00","0.00","0.00","0.00","0.00","0.00","0.00","0.00","0.00","0.00","0.00","0.00","0.00","0.00","0.00","0.00","0.00","0.00","F",,"1","2023-10-02","2023-10-02","11:05:22","11:05:22","ADMIN","ADMIN"
"712","113.113","03",,"SPR CL","BEBAN PENYUSUTAN ASET TETAP",,"BEBAN PENYUSUTAN AT","113.113/SPR CL/BEBAN PENYUSUTAN AT/CL","CL","110","100","113.100",,"02","Aktifitas Investasi ","Neraca","Debet","F","F","F",,"0.00","0.00","0.00","0.00","0.00","0.00","0.00","0.00","0.00","0.00","0.00","0.00","0.00","0.00","0.00","0.00","0.00","0.00","0.00","0.00","0.00","0.00","0.00","0.00","0.00","0.00","0.00","0.00","0.00","0.00","0.00","0.00","0.00","0.00","0.00","0.00","0.00","0.00","0.00","0.00","0.00","0.00","0.00","0.00","0.00","0.00","0.00","0.00","0.00","0.00","0.00","0.00","0.00","0.00","0.00","0.00","0.00","0.00","0.00","0.00","0.00","0.00","0.00","0.00","0.00","0.00","F",,"1","2023-10-02","2023-10-02","11:06:57","11:06:57","ADMIN","ADMIN"
"713","300.610","03",,"SPR CL","LABA/RUGI PT SPR CL S/D TAHUN LALU",,"LR THN LALU","300.610/SPR CL/LR THN LALU/CL","CL","300","300","300.600",,"01","Aktifitas Operasi","Neraca","Debet","F","F","T",,"0.00","0.00","0.00","0.00","0.00","0.00","0.00","0.00","0.00","0.00","0.00","0.00","0.00","0.00","0.00","0.00","0.00","0.00","0.00","0.00","0.00","0.00","0.00","0.00","0.00","0.00","0.00","0.00","0.00","0.00","0.00","0.00","0.00","0.00","0.00","0.00","0.00","0.00","0.00","0.00","0.00","0.00","0.00","0.00","0.00","0.00","0.00","0.00","0.00","0.00","0.00","0.00","0.00","0.00","0.00","0.00","0.00","0.00","0.00","0.00","0.00","0.00","0.00","0.00","0.00","0.00","F",,"1","2023-10-02","2023-10-02","11:49:08","11:49:08","ADMIN","ADMIN"
"714","112.203","03",,"SPR TRADA","AKUMULASI PENYUSUTAN INVENTARIS KANTOR",,"AK PENY INV KTR","112.203/SPR TRADA/AK PENY INV KTR/TR","TR","110","100","112.200",,"02","Aktifitas Investasi ","Neraca","Kredit","F","F","T",,"0.00","0.00","0.00","0.00","0.00","0.00","0.00","0.00","0.00","0.00","0.00","0.00","0.00","0.00","0.00","0.00","0.00","0.00","0.00","0.00","0.00","0.00","0.00","0.00","0.00","0.00","0.00","0.00","0.00","0.00","0.00","0.00","0.00","0.00","0.00","0.00","0.00","0.00","0.00","0.00","0.00","0.00","0.00","0.00","0.00","0.00","0.00","0.00","0.00","0.00","0.00","0.00","0.00","0.00","0.00","0.00","0.00","0.00","0.00","0.00","0.00","0.00","0.00","0.00","0.00","0.00","F",,"1","2023-10-18","2023-11-02","11:23:49","21:49:58","ADMIN","ADMIN"
"715","101.300","02",,"SPR CL","DEPOSITO",,"DEPOSITO","101.300/SPR CL/DEPOSITO/CL","CL","100","100","101.300",,," ","Neraca","Debet","T","T","F",,"0.00","0.00","0.00","0.00","0.00","0.00","0.00","0.00","0.00","0.00","0.00","0.00","0.00","0.00","0.00","0.00","0.00","0.00","0.00","0.00","0.00","0.00","0.00","0.00","0.00","0.00","0.00","0.00","0.00","0.00","0.00","0.00","0.00","0.00","0.00","0.00","0.00","0.00","0.00","0.00","0.00","0.00","0.00","0.00","0.00","0.00","0.00","0.00","0.00","0.00","0.00","0.00","0.00","0.00","0.00","0.00","0.00","0.00","0.00","0.00","0.00","0.00","0.00","0.00","0.00","0.00","F",,"1","2023-10-25","2023-10-25","13:14:59","13:14:59","ADMIN","ADMIN"
"716","101.301","03",,"SPR CL","DEPOSITO BRK SYARIAH 202310199",,"DEPOSITO","101.301/SPR CL/DEPOSITO/CL","CL","100","100","101.300",,," ","Neraca","Debet","T","T","T","1077182276","0.00","0.00","0.00","0.00","0.00","0.00","0.00","0.00","0.00","0.00","0.00","0.00","0.00","0.00","0.00","0.00","0.00","0.00","0.00","0.00","0.00","0.00","0.00","0.00","0.00","0.00","0.00","0.00","0.00","0.00","0.00","0.00","0.00","0.00","0.00","0.00","0.00","0.00","0.00","0.00","0.00","0.00","0.00","0.00","0.00","0.00","0.00","0.00","0.00","0.00","0.00","0.00","0.00","0.00","0.00","0.00","0.00","0.00","0.00","0.00","0.00","0.00","0.00","0.00","0.00","0.00","F",,"1","2023-10-25","2023-10-25","13:18:13","13:18:13","ADMIN","ADMIN"
"717","101.102","03",,"SPR TRADA","KAS BESAR PER 29 MARET 2021",,"KBESAR (290321)","101.102/SPR TRADA/KBESAR (290321)/TR","TR","100","100","101.100",,,"                    ","Neraca","Debet","T","F","T",,"0.00","0.00","0.00","0.00","0.00","0.00","0.00","0.00","0.00","0.00","0.00","0.00","0.00","0.00","0.00","0.00","0.00","0.00","0.00","0.00","0.00","0.00","0.00","0.00","0.00","0.00","0.00","0.00","0.00","0.00","0.00","0.00","0.00","0.00","0.00","0.00","0.00","0.00","0.00","0.00","0.00","0.00","0.00","0.00","0.00","0.00","0.00","0.00","0.00","0.00","0.00","0.00","0.00","0.00","0.00","0.00","0.00","0.00","0.00","0.00","0.00","0.00","0.00","0.00","0.00","0.00","F",,"1","2023-11-02","2023-11-02","21:01:04","21:06:29","ADMIN","ADMIN"
"718","101.103","03",,"SPR TRADA","E-TOLL",,"ETOLL","101.103/SPR TRADA/ETOLL/TR","TR","100","100","101.100",,," ","Neraca","Debet","T","F","T",,"0.00","0.00","0.00","0.00","0.00","0.00","0.00","0.00","0.00","0.00","0.00","0.00","0.00","0.00","0.00","0.00","0.00","0.00","0.00","0.00","0.00","0.00","0.00","0.00","0.00","0.00","0.00","0.00","0.00","0.00","0.00","0.00","0.00","0.00","0.00","0.00","0.00","0.00","0.00","0.00","0.00","0.00","0.00","0.00","0.00","0.00","0.00","0.00","0.00","0.00","0.00","0.00","0.00","0.00","0.00","0.00","0.00","0.00","0.00","0.00","0.00","0.00","0.00","0.00","0.00","0.00","F",,"1","2023-11-02","2023-11-02","21:04:20","21:04:20","ADMIN","ADMIN"
"719","108.206","03",,"SPR TRADA","DARUSMAN",,"DARUSMAN","108.206/SPR TRADA/DARUSMAN/TR","TR","100","100","108.100",,"01","Aktifitas Operasi   ","Neraca","Debet","F","F","T",,"0.00","0.00","0.00","0.00","0.00","0.00","0.00","0.00","0.00","0.00","0.00","0.00","0.00","0.00","0.00","0.00","0.00","0.00","0.00","0.00","0.00","0.00","0.00","0.00","0.00","0.00","0.00","0.00","0.00","0.00","0.00","0.00","0.00","0.00","0.00","0.00","0.00","0.00","0.00","0.00","0.00","0.00","0.00","0.00","0.00","0.00","0.00","0.00","0.00","0.00","0.00","0.00","0.00","0.00","0.00","0.00","0.00","0.00","0.00","0.00","0.00","0.00","0.00","0.00","0.00","0.00","F",,"1","2023-11-02","2023-11-02","21:22:19","21:22:19","ADMIN","ADMIN"
"720","108.207","03",,"SPR TRADA","NASRUN EFFENDI",,"NASRUN EFFENDI","108.207/SPR TRADA/NASRUN EFFENDI/TR","TR","100","100","108.100",,"01","Aktifitas Operasi   ","Neraca","Debet","F","F","T",,"0.00","0.00","0.00","0.00","0.00","0.00","0.00","0.00","0.00","0.00","0.00","0.00","0.00","0.00","0.00","0.00","0.00","0.00","0.00","0.00","0.00","0.00","0.00","0.00","0.00","0.00","0.00","0.00","0.00","0.00","0.00","0.00","0.00","0.00","0.00","0.00","0.00","0.00","0.00","0.00","0.00","0.00","0.00","0.00","0.00","0.00","0.00","0.00","0.00","0.00","0.00","0.00","0.00","0.00","0.00","0.00","0.00","0.00","0.00","0.00","0.00","0.00","0.00","0.00","0.00","0.00","F",,"1","2023-11-02","2023-11-02","21:24:53","21:24:53","ADMIN","ADMIN"
"721","108.208","03",,"SPR TRADA","NOFRIADI",,"NOFRIADI","108.208/SPR TRADA/NOFRIADI/TR","TR","100","100","108.100",,"01","Aktifitas Operasi   ","Neraca","Debet","F","F","T",,"0.00","0.00","0.00","0.00","0.00","0.00","0.00","0.00","0.00","0.00","0.00","0.00","0.00","0.00","0.00","0.00","0.00","0.00","0.00","0.00","0.00","0.00","0.00","0.00","0.00","0.00","0.00","0.00","0.00","0.00","0.00","0.00","0.00","0.00","0.00","0.00","0.00","0.00","0.00","0.00","0.00","0.00","0.00","0.00","0.00","0.00","0.00","0.00","0.00","0.00","0.00","0.00","0.00","0.00","0.00","0.00","0.00","0.00","0.00","0.00","0.00","0.00","0.00","0.00","0.00","0.00","F",,"1","2023-11-02","2023-11-02","21:29:07","21:29:07","ADMIN","ADMIN"
"722","108.209","03",,"SPR TRADA","ARBA (RELASI NURKHOZIN)",,"ARBA","108.209/SPR TRADA/ARBA/TR","TR","100","100","108.100",,"01","Aktifitas Operasi   ","Neraca","Debet","F","F","T",,"0.00","0.00","0.00","0.00","0.00","0.00","0.00","0.00","0.00","0.00","0.00","0.00","0.00","0.00","0.00","0.00","0.00","0.00","0.00","0.00","0.00","0.00","0.00","0.00","0.00","0.00","0.00","0.00","0.00","0.00","0.00","0.00","0.00","0.00","0.00","0.00","0.00","0.00","0.00","0.00","0.00","0.00","0.00","0.00","0.00","0.00","0.00","0.00","0.00","0.00","0.00","0.00","0.00","0.00","0.00","0.00","0.00","0.00","0.00","0.00","0.00","0.00","0.00","0.00","0.00","0.00","F",,"1","2023-11-02","2023-11-02","21:34:29","21:34:29","ADMIN","ADMIN"
"723","300.610","03",,"SPR TRADA","LABA/RUGI S/D TAHUN LALU",,"LR THN LALU","300.610/SPR TRADA/LR THN LALU/TR","TR","350","300","300.600",,"03","Aktifitas Pendanaan ","Neraca","Kredit","F","F","T",,"0.00","0.00","0.00","0.00","0.00","0.00","0.00","0.00","0.00","0.00","0.00","0.00","0.00","0.00","0.00","0.00","0.00","0.00","0.00","0.00","0.00","0.00","0.00","0.00","0.00","0.00","0.00","0.00","0.00","0.00","0.00","0.00","0.00","0.00","0.00","0.00","0.00","0.00","0.00","0.00","0.00","0.00","0.00","0.00","0.00","0.00","0.00","0.00","0.00","0.00","0.00","0.00","0.00","0.00","0.00","0.00","0.00","0.00","0.00","0.00","0.00","0.00","0.00","0.00","0.00","0.00","F",,"1","2023-11-02","2023-11-02","22:15:51","22:15:51","ADMIN","ADMIN"
